Country Name,Country Code,Year,Progression,Metric,Value,Region
Argentina,ARG,1970,29.73,GDP per capita,9244.12,Latin America & Caribbean
Brazil,BRA,1970,55.06,GDP per capita,3595.95,Latin America & Caribbean
Chile,CHL,1970,91.81,GDP per capita,4039.58,Latin America & Caribbean
Costa Rica,CRI,1970,49.93,GDP per capita,4665.12,Latin America & Caribbean
El Salvador,SLV,1970,65.44,GDP per capita,2858.56,Latin America & Caribbean
Eswatini,SWZ,1970,68.13,GDP per capita,904.76,Sub-Saharan Africa
Guatemala,GTM,1970,61.61,GDP per capita,2424.6,Latin America & Caribbean
Kenya,KEN,1970,94.18,GDP per capita,831.8,Sub-Saharan Africa
Seychelles,SYC,1970,89.45,GDP per capita,3934.11,Sub-Saharan Africa
Benin,BEN,1971,46.98,GDP per capita,694.03,Sub-Saharan Africa
Brazil,BRA,1971,69.47,GDP per capita,3907.01,Latin America & Caribbean
Burkina Faso,BFA,1971,22.41,GDP per capita,276.29,Sub-Saharan Africa
Central African Republic,CAF,1971,37.35,GDP per capita,560.46,Sub-Saharan Africa
Chile,CHL,1971,91.31,GDP per capita,4353.54,Latin America & Caribbean
"Congo, Dem. Rep.",COD,1971,49.33,GDP per capita,1372.67,Sub-Saharan Africa
"Congo, Rep.",COG,1971,48.81,GDP per capita,1414.24,Sub-Saharan Africa
Costa Rica,CRI,1971,54.52,GDP per capita,4850.54,Latin America & Caribbean
Cuba,CUB,1971,65.41,GDP per capita,2795.98,Latin America & Caribbean
Ecuador,ECU,1971,75.47,GDP per capita,2733.32,Latin America & Caribbean
El Salvador,SLV,1971,84.11,GDP per capita,2898.75,Latin America & Caribbean
Eswatini,SWZ,1971,76.26,GDP per capita,1001.93,Sub-Saharan Africa
Fiji,FJI,1971,93.89,GDP per capita,2811.37,East Asia & Pacific
Gabon,GAB,1971,34.65,GDP per capita,5969.45,Sub-Saharan Africa
Ghana,GHA,1971,90.63,GDP per capita,1179.06,Sub-Saharan Africa
Greece,GRC,1971,63.91,GDP per capita,11453.21,Europe & Central Asia
Guyana,GUY,1971,95.95,GDP per capita,3182.83,Latin America & Caribbean
Hungary,HUN,1971,99.17,GDP per capita,5057.23,Europe & Central Asia
Iraq,IRQ,1971,75.74,GDP per capita,1322.7,Middle East & North Africa
Italy,ITA,1971,94.3,GDP per capita,16025.77,Europe & Central Asia
Kenya,KEN,1971,95.75,GDP per capita,980.03,Sub-Saharan Africa
"Korea, Rep.",KOR,1971,70.1,GDP per capita,2170.96,East Asia & Pacific
Lesotho,LSO,1971,33.9,GDP per capita,316.02,Sub-Saharan Africa
Libya,LBY,1971,83.65,GDP per capita,14161.88,Middle East & North Africa
Madagascar,MDG,1971,59.24,GDP per capita,844.49,Sub-Saharan Africa
Mali,MLI,1971,58.98,GDP per capita,546.29,Sub-Saharan Africa
Malta,MLT,1971,96.86,GDP per capita,3209.6,Middle East & North Africa
Morocco,MAR,1971,54.1,GDP per capita,1069.33,Middle East & North Africa
Myanmar,MMR,1971,74.4,GDP per capita,141.82,East Asia & Pacific
Netherlands,NLD,1971,63.06,GDP per capita,22165.26,Europe & Central Asia
Niger,NER,1971,40.74,GDP per capita,758.4,Sub-Saharan Africa
Panama,PAN,1971,63.87,GDP per capita,4343.15,Latin America & Caribbean
Portugal,PRT,1971,39.4,GDP per capita,8213.11,Europe & Central Asia
Qatar,QAT,1971,99.53,GDP per capita,73839.01,Middle East & North Africa
Rwanda,RWA,1971,10.84,GDP per capita,324.49,Sub-Saharan Africa
Senegal,SEN,1971,49.29,GDP per capita,1008.45,Sub-Saharan Africa
Seychelles,SYC,1971,83.62,GDP per capita,4466.49,Sub-Saharan Africa
Sri Lanka,LKA,1971,91.66,GDP per capita,790.25,South Asia
Syrian Arab Republic,SYR,1971,89.09,GDP per capita,680.21,Middle East & North Africa
Togo,TGO,1971,56.27,GDP per capita,720.52,Sub-Saharan Africa
"Venezuela, RB",VEN,1971,65.04,GDP per capita,4697.2,Latin America & Caribbean
Algeria,DZA,1972,37.48,GDP per capita,3050.82,Middle East & North Africa
Benin,BEN,1972,60.85,GDP per capita,721.88,Sub-Saharan Africa
Brazil,BRA,1972,88.5,GDP per capita,4268.38,Latin America & Caribbean
Burkina Faso,BFA,1972,25.18,GDP per capita,277.85,Sub-Saharan Africa
Cameroon,CMR,1972,25.67,GDP per capita,922.88,Sub-Saharan Africa
Central African Republic,CAF,1972,39.28,GDP per capita,549.6,Sub-Saharan Africa
Chile,CHL,1972,90.32,GDP per capita,4252.44,Latin America & Caribbean
"Congo, Rep.",COG,1972,66.53,GDP per capita,1489.17,Sub-Saharan Africa
Cote d'Ivoire,CIV,1972,50.87,GDP per capita,2445.08,Sub-Saharan Africa
Cuba,CUB,1972,67.68,GDP per capita,2884.41,Latin America & Caribbean
El Salvador,SLV,1972,91.74,GDP per capita,3004.67,Latin America & Caribbean
Eswatini,SWZ,1972,80.47,GDP per capita,1027.69,Sub-Saharan Africa
Fiji,FJI,1972,92.06,GDP per capita,2970.33,East Asia & Pacific
Gabon,GAB,1972,46.73,GDP per capita,6511.22,Sub-Saharan Africa
Greece,GRC,1972,67.54,GDP per capita,12535.13,Europe & Central Asia
Guyana,GUY,1972,91.06,GDP per capita,3039.05,Latin America & Caribbean
Hungary,HUN,1972,99.12,GDP per capita,5349.75,Europe & Central Asia
Iraq,IRQ,1972,69.9,GDP per capita,1325.76,Middle East & North Africa
Italy,ITA,1972,95.96,GDP per capita,16523.13,Europe & Central Asia
Kenya,KEN,1972,94.78,GDP per capita,1108.23,Sub-Saharan Africa
"Korea, Rep.",KOR,1972,68.72,GDP per capita,2286.94,East Asia & Pacific
Kuwait,KWT,1972,94.81,GDP per capita,67066.74,Middle East & North Africa
Lesotho,LSO,1972,45.5,GDP per capita,304.47,Sub-Saharan Africa
Libya,LBY,1972,72.46,GDP per capita,14950.56,Middle East & North Africa
Mali,MLI,1972,64.04,GDP per capita,568.78,Sub-Saharan Africa
Malta,MLT,1972,97.78,GDP per capita,3399.8,Middle East & North Africa
Morocco,MAR,1972,54.73,GDP per capita,1068.21,Middle East & North Africa
Myanmar,MMR,1972,74.41,GDP per capita,142.1,East Asia & Pacific
Netherlands,NLD,1972,64.25,GDP per capita,22717.68,Europe & Central Asia
Niger,NER,1972,35.24,GDP per capita,700.36,Sub-Saharan Africa
Panama,PAN,1972,57.17,GDP per capita,4418.27,Latin America & Caribbean
Portugal,PRT,1972,42.87,GDP per capita,8885.14,Europe & Central Asia
Qatar,QAT,1972,95.56,GDP per capita,73532.74,Middle East & North Africa
Rwanda,RWA,1972,9.59,GDP per capita,316.07,Sub-Saharan Africa
Senegal,SEN,1972,43.68,GDP per capita,1041.2,Sub-Saharan Africa
Syrian Arab Republic,SYR,1972,88.31,GDP per capita,826.21,Middle East & North Africa
Tunisia,TUN,1972,22.93,GDP per capita,1469.54,Middle East & North Africa
"Venezuela, RB",VEN,1972,84.88,GDP per capita,4616.63,Latin America & Caribbean
Algeria,DZA,1973,33.53,GDP per capita,3093.38,Middle East & North Africa
Argentina,ARG,1973,28.75,GDP per capita,9729.53,Latin America & Caribbean
Benin,BEN,1973,54.38,GDP per capita,731.31,Sub-Saharan Africa
Brazil,BRA,1973,88.41,GDP per capita,4748.26,Latin America & Caribbean
Burkina Faso,BFA,1973,28.73,GDP per capita,274.15,Sub-Saharan Africa
Cameroon,CMR,1973,29.3,GDP per capita,945.93,Sub-Saharan Africa
Central African Republic,CAF,1973,38.07,GDP per capita,549.35,Sub-Saharan Africa
Chile,CHL,1973,88.91,GDP per capita,3973.5,Latin America & Caribbean
"Congo, Rep.",COG,1973,82.05,GDP per capita,1562.13,Sub-Saharan Africa
Cote d'Ivoire,CIV,1973,47.58,GDP per capita,2475.03,Sub-Saharan Africa
Cuba,CUB,1973,68.22,GDP per capita,2941.11,Latin America & Caribbean
El Salvador,SLV,1973,90.16,GDP per capita,3077.75,Latin America & Caribbean
Eswatini,SWZ,1973,76.51,GDP per capita,1089.39,Sub-Saharan Africa
Fiji,FJI,1973,89.26,GDP per capita,3263.56,East Asia & Pacific
"Gambia, The",GMB,1973,55.09,GDP per capita,577.94,Sub-Saharan Africa
Ghana,GHA,1973,97.01,GDP per capita,1117.34,Sub-Saharan Africa
Greece,GRC,1973,69.46,GDP per capita,13488.12,Europe & Central Asia
Guyana,GUY,1973,93.05,GDP per capita,3040.97,Latin America & Caribbean
Hungary,HUN,1973,98.99,GDP per capita,5700.48,Europe & Central Asia
Iraq,IRQ,1973,76.29,GDP per capita,1337.44,Middle East & North Africa
Italy,ITA,1973,96.74,GDP per capita,17580.91,Europe & Central Asia
Kuwait,KWT,1973,97.34,GDP per capita,58987.77,Middle East & North Africa
Libya,LBY,1973,77.31,GDP per capita,14659.9,Middle East & North Africa
Malawi,MWI,1973,84.71,GDP per capita,376.73,Sub-Saharan Africa
Mali,MLI,1973,70.49,GDP per capita,550.87,Sub-Saharan Africa
Malta,MLT,1973,98.21,GDP per capita,3543.69,Middle East & North Africa
Myanmar,MMR,1973,52.96,GDP per capita,137.83,East Asia & Pacific
Netherlands,NLD,1973,65.78,GDP per capita,23757.11,Europe & Central Asia
Niger,NER,1973,42.4,GDP per capita,565.63,Sub-Saharan Africa
Panama,PAN,1973,58.67,GDP per capita,4530.76,Latin America & Caribbean
Peru,PER,1973,58.3,GDP per capita,3625.43,Latin America & Caribbean
Portugal,PRT,1973,43.65,GDP per capita,9877.28,Europe & Central Asia
Qatar,QAT,1973,93.78,GDP per capita,73744.25,Middle East & North Africa
Rwanda,RWA,1973,9.52,GDP per capita,317.55,Sub-Saharan Africa
Seychelles,SYC,1973,87.05,GDP per capita,4978.2,Sub-Saharan Africa
Sri Lanka,LKA,1973,78.78,GDP per capita,809.71,South Asia
Syrian Arab Republic,SYR,1973,86.94,GDP per capita,715.16,Middle East & North Africa
Tunisia,TUN,1973,29.16,GDP per capita,1422.82,Middle East & North Africa
United Arab Emirates,ARE,1973,90.24,GDP per capita,107395.08,Middle East & North Africa
"Venezuela, RB",VEN,1973,84.67,GDP per capita,4800.31,Latin America & Caribbean
Algeria,DZA,1974,47.31,GDP per capita,3245.61,Middle East & North Africa
Argentina,ARG,1974,29.05,GDP per capita,10100.45,Latin America & Caribbean
Belgium,BEL,1974,87.72,GDP per capita,21602.8,Europe & Central Asia
Benin,BEN,1974,56.3,GDP per capita,737.95,Sub-Saharan Africa
Brazil,BRA,1974,88.85,GDP per capita,5013.82,Latin America & Caribbean
Brunei Darussalam,BRN,1974,92.37,GDP per capita,64932.08,East Asia & Pacific
Burkina Faso,BFA,1974,28.03,GDP per capita,291.3,Sub-Saharan Africa
Cameroon,CMR,1974,31.25,GDP per capita,1018.8,Sub-Saharan Africa
Chile,CHL,1974,88.09,GDP per capita,3959.8,Latin America & Caribbean
"Congo, Rep.",COG,1974,81.17,GDP per capita,1633.52,Sub-Saharan Africa
Cote d'Ivoire,CIV,1974,44.36,GDP per capita,2466.82,Sub-Saharan Africa
Cuba,CUB,1974,73.97,GDP per capita,2932.4,Latin America & Caribbean
Ecuador,ECU,1974,83.05,GDP per capita,3333.37,Latin America & Caribbean
"Egypt, Arab Rep.",EGY,1974,75.84,GDP per capita,985.86,Middle East & North Africa
El Salvador,SLV,1974,90.15,GDP per capita,3168.28,Latin America & Caribbean
Eswatini,SWZ,1974,75.03,GDP per capita,1119.36,Sub-Saharan Africa
Ghana,GHA,1974,95.51,GDP per capita,1159.78,Sub-Saharan Africa
Greece,GRC,1974,70.98,GDP per capita,12573.35,Europe & Central Asia
Guatemala,GTM,1974,65.34,GDP per capita,2816.26,Latin America & Caribbean
Hungary,HUN,1974,99.17,GDP per capita,6009.93,Europe & Central Asia
Iraq,IRQ,1974,85.81,GDP per capita,1501.24,Middle East & North Africa
Italy,ITA,1974,97.2,GDP per capita,18426.91,Europe & Central Asia
Kenya,KEN,1974,94.85,GDP per capita,1140.55,Sub-Saharan Africa
Kuwait,KWT,1974,97.5,GDP per capita,48324.53,Middle East & North Africa
Libya,LBY,1974,82.04,GDP per capita,17044.22,Middle East & North Africa
Luxembourg,LUX,1974,99.06,GDP per capita,41908.97,Europe & Central Asia
Madagascar,MDG,1974,63.7,GDP per capita,757.53,Sub-Saharan Africa
Malawi,MWI,1974,93.13,GDP per capita,392.97,Sub-Saharan Africa
Malta,MLT,1974,98.2,GDP per capita,3901.98,Middle East & North Africa
Morocco,MAR,1974,62.98,GDP per capita,1112.04,Middle East & North Africa
Netherlands,NLD,1974,66.92,GDP per capita,24382.22,Europe & Central Asia
Niger,NER,1974,39.3,GDP per capita,598.96,Sub-Saharan Africa
Oman,OMN,1974,89.74,GDP per capita,10302.39,Middle East & North Africa
Panama,PAN,1974,62.63,GDP per capita,4520.04,Latin America & Caribbean
Peru,PER,1974,63.16,GDP per capita,3866.66,Latin America & Caribbean
Portugal,PRT,1974,47.41,GDP per capita,9851.78,Europe & Central Asia
Qatar,QAT,1974,97.23,GDP per capita,71286.77,Middle East & North Africa
Rwanda,RWA,1974,8.76,GDP per capita,312.73,Sub-Saharan Africa
Singapore,SGP,1974,81.58,GDP per capita,9732.73,East Asia & Pacific
Sri Lanka,LKA,1974,80.92,GDP per capita,825.39,South Asia
Syrian Arab Republic,SYR,1974,85.61,GDP per capita,869.85,Middle East & North Africa
Thailand,THA,1974,84.38,GDP per capita,1099.03,East Asia & Pacific
United Arab Emirates,ARE,1974,97.93,GDP per capita,109718.56,Middle East & North Africa
"Venezuela, RB",VEN,1974,83.24,GDP per capita,4757.71,Latin America & Caribbean
Algeria,DZA,1975,53.51,GDP per capita,3290.83,Middle East & North Africa
Belgium,BEL,1975,91.86,GDP per capita,21116.99,Europe & Central Asia
Benin,BEN,1975,45.3,GDP per capita,684.96,Sub-Saharan Africa
Brazil,BRA,1975,89.02,GDP per capita,5148.91,Latin America & Caribbean
Brunei Darussalam,BRN,1975,77.69,GDP per capita,62303.47,East Asia & Pacific
Burkina Faso,BFA,1975,26.27,GDP per capita,294.05,Sub-Saharan Africa
Cameroon,CMR,1975,32.25,GDP per capita,1102.18,Sub-Saharan Africa
Chile,CHL,1975,86.48,GDP per capita,3419.83,Latin America & Caribbean
"Congo, Rep.",COG,1975,84.47,GDP per capita,1711.44,Sub-Saharan Africa
Cote d'Ivoire,CIV,1975,45.62,GDP per capita,2551.3,Sub-Saharan Africa
Cuba,CUB,1975,76.2,GDP per capita,3174.55,Latin America & Caribbean
Cyprus,CYP,1975,85.1,GDP per capita,6173.32,Europe & Central Asia
Ecuador,ECU,1975,91.39,GDP per capita,3595.35,Latin America & Caribbean
"Egypt, Arab Rep.",EGY,1975,83.08,GDP per capita,1048.97,Middle East & North Africa
El Salvador,SLV,1975,93.05,GDP per capita,3189.07,Latin America & Caribbean
Eswatini,SWZ,1975,74.52,GDP per capita,1238.16,Sub-Saharan Africa
Fiji,FJI,1975,93.79,GDP per capita,3268.68,East Asia & Pacific
"Gambia, The",GMB,1975,59.45,GDP per capita,648.28,Sub-Saharan Africa
Greece,GRC,1975,77.54,GDP per capita,13248.92,Europe & Central Asia
Guatemala,GTM,1975,67.81,GDP per capita,2802.06,Latin America & Caribbean
Guinea-Bissau,GNB,1975,43.72,GDP per capita,554.54,Sub-Saharan Africa
Hungary,HUN,1975,99.43,GDP per capita,6345.12,Europe & Central Asia
Iraq,IRQ,1975,97.82,GDP per capita,1633.76,Middle East & North Africa
Italy,ITA,1975,98.0,GDP per capita,17934.32,Europe & Central Asia
Kenya,KEN,1975,94.1,GDP per capita,1113.01,Sub-Saharan Africa
"Korea, Rep.",KOR,1975,75.4,GDP per capita,2955.2,East Asia & Pacific
Libya,LBY,1975,89.93,GDP per capita,16770.03,Middle East & North Africa
Malawi,MWI,1975,85.64,GDP per capita,405.38,Sub-Saharan Africa
Mali,MLI,1975,74.32,GDP per capita,584.24,Sub-Saharan Africa
Malta,MLT,1975,99.27,GDP per capita,4631.08,Middle East & North Africa
Morocco,MAR,1975,72.6,GDP per capita,1167.79,Middle East & North Africa
Netherlands,NLD,1975,67.66,GDP per capita,24166.34,Europe & Central Asia
Niger,NER,1975,43.16,GDP per capita,566.68,Sub-Saharan Africa
Oman,OMN,1975,84.85,GDP per capita,12294.96,Middle East & North Africa
Panama,PAN,1975,64.79,GDP per capita,4480.7,Latin America & Caribbean
Peru,PER,1975,67.93,GDP per capita,3933.7,Latin America & Caribbean
Portugal,PRT,1975,96.91,GDP per capita,9072.05,Europe & Central Asia
Qatar,QAT,1975,97.6,GDP per capita,69330.91,Middle East & North Africa
Singapore,SGP,1975,81.73,GDP per capita,9974.22,East Asia & Pacific
Sri Lanka,LKA,1975,84.85,GDP per capita,860.22,South Asia
Suriname,SUR,1975,84.49,GDP per capita,5888.95,Latin America & Caribbean
Thailand,THA,1975,82.23,GDP per capita,1125.84,East Asia & Pacific
Tunisia,TUN,1975,29.37,GDP per capita,1562.53,Middle East & North Africa
United Arab Emirates,ARE,1975,91.28,GDP per capita,105006.97,Middle East & North Africa
"Venezuela, RB",VEN,1975,83.25,GDP per capita,4754.54,Latin America & Caribbean
Zambia,ZMB,1975,24.17,GDP per capita,1213.58,Sub-Saharan Africa
Algeria,DZA,1976,57.93,GDP per capita,3408.02,Middle East & North Africa
Belgium,BEL,1976,89.7,GDP per capita,22270.85,Europe & Central Asia
Benin,BEN,1976,52.62,GDP per capita,674.04,Sub-Saharan Africa
Bhutan,BTN,1976,84.29,GDP per capita,389.67,South Asia
Brazil,BRA,1976,92.72,GDP per capita,5543.44,Latin America & Caribbean
Brunei Darussalam,BRN,1976,69.92,GDP per capita,72760.08,East Asia & Pacific
Burkina Faso,BFA,1976,30.01,GDP per capita,312.39,Sub-Saharan Africa
Burundi,BDI,1976,10.06,GDP per capita,306.31,Sub-Saharan Africa
Cameroon,CMR,1976,34.06,GDP per capita,1014.08,Sub-Saharan Africa
Chile,CHL,1976,91.47,GDP per capita,3488.61,Latin America & Caribbean
"Congo, Rep.",COG,1976,95.85,GDP per capita,1685.48,Sub-Saharan Africa
Cote d'Ivoire,CIV,1976,46.95,GDP per capita,2765.87,Sub-Saharan Africa
Cuba,CUB,1976,81.36,GDP per capita,3314.86,Latin America & Caribbean
Cyprus,CYP,1976,86.12,GDP per capita,7484.83,Europe & Central Asia
Ecuador,ECU,1976,89.37,GDP per capita,3754.41,Latin America & Caribbean
"Egypt, Arab Rep.",EGY,1976,74.02,GDP per capita,1160.79,Middle East & North Africa
El Salvador,SLV,1976,92.44,GDP per capita,3278.59,Latin America & Caribbean
Eswatini,SWZ,1976,76.62,GDP per capita,1175.66,Sub-Saharan Africa
Fiji,FJI,1976,93.31,GDP per capita,3302.9,East Asia & Pacific
France,FRA,1976,100.0,GDP per capita,20700.62,Europe & Central Asia
"Gambia, The",GMB,1976,73.48,GDP per capita,674.97,Sub-Saharan Africa
Greece,GRC,1976,80.61,GDP per capita,13938.54,Europe & Central Asia
Hungary,HUN,1976,99.55,GDP per capita,6537.47,Europe & Central Asia
Iraq,IRQ,1976,78.9,GDP per capita,1852.73,Middle East & North Africa
Italy,ITA,1976,97.89,GDP per capita,19116.61,Europe & Central Asia
Jordan,JOR,1976,94.0,GDP per capita,2926.45,Middle East & North Africa
Kenya,KEN,1976,91.48,GDP per capita,1100.66,Sub-Saharan Africa
"Korea, Rep.",KOR,1976,78.52,GDP per capita,3294.13,East Asia & Pacific
Kuwait,KWT,1976,84.75,GDP per capita,39811.74,Middle East & North Africa
Libya,LBY,1976,90.09,GDP per capita,19473.68,Middle East & North Africa
Luxembourg,LUX,1976,99.69,GDP per capita,39515.03,Europe & Central Asia
Malawi,MWI,1976,92.47,GDP per capita,413.44,Sub-Saharan Africa
Malta,MLT,1976,99.31,GDP per capita,5391.65,Middle East & North Africa
Mexico,MEX,1976,76.54,GDP per capita,6845.37,Latin America & Caribbean
Morocco,MAR,1976,71.05,GDP per capita,1263.17,Middle East & North Africa
Netherlands,NLD,1976,69.01,GDP per capita,25045.88,Europe & Central Asia
Niger,NER,1976,54.43,GDP per capita,555.07,Sub-Saharan Africa
Oman,OMN,1976,73.79,GDP per capita,14168.45,Middle East & North Africa
Panama,PAN,1976,58.61,GDP per capita,4441.08,Latin America & Caribbean
Peru,PER,1976,68.81,GDP per capita,3893.42,Latin America & Caribbean
Qatar,QAT,1976,98.02,GDP per capita,69382.53,Middle East & North Africa
Rwanda,RWA,1976,9.1,GDP per capita,344.88,Sub-Saharan Africa
Seychelles,SYC,1976,96.09,GDP per capita,5689.08,Sub-Saharan Africa
Singapore,SGP,1976,82.0,GDP per capita,10572.57,East Asia & Pacific
Sri Lanka,LKA,1976,85.0,GDP per capita,872.95,South Asia
Suriname,SUR,1976,92.95,GDP per capita,6454.72,Latin America & Caribbean
Syrian Arab Republic,SYR,1976,83.53,GDP per capita,1061.24,Middle East & North Africa
Thailand,THA,1976,78.44,GDP per capita,1202.74,East Asia & Pacific
Tunisia,TUN,1976,32.55,GDP per capita,1641.27,Middle East & North Africa
United Arab Emirates,ARE,1976,97.02,GDP per capita,107855.57,Middle East & North Africa
"Venezuela, RB",VEN,1976,83.79,GDP per capita,4975.0,Latin America & Caribbean
Zambia,ZMB,1976,23.23,GDP per capita,1250.54,Sub-Saharan Africa
Algeria,DZA,1977,59.69,GDP per capita,3459.3,Middle East & North Africa
Benin,BEN,1977,56.88,GDP per capita,689.86,Sub-Saharan Africa
Bhutan,BTN,1977,86.52,GDP per capita,406.34,South Asia
Brazil,BRA,1977,92.77,GDP per capita,5679.79,Latin America & Caribbean
Brunei Darussalam,BRN,1977,86.57,GDP per capita,77308.86,East Asia & Pacific
Burundi,BDI,1977,12.96,GDP per capita,332.79,Sub-Saharan Africa
Cameroon,CMR,1977,29.95,GDP per capita,1124.04,Sub-Saharan Africa
Central African Republic,CAF,1977,35.35,GDP per capita,602.2,Sub-Saharan Africa
"Congo, Rep.",COG,1977,99.09,GDP per capita,1498.32,Sub-Saharan Africa
Cote d'Ivoire,CIV,1977,49.25,GDP per capita,2861.16,Sub-Saharan Africa
Cuba,CUB,1977,88.58,GDP per capita,3574.74,Latin America & Caribbean
Cyprus,CYP,1977,85.85,GDP per capita,8708.45,Europe & Central Asia
Ecuador,ECU,1977,91.07,GDP per capita,3710.31,Latin America & Caribbean
"Egypt, Arab Rep.",EGY,1977,85.92,GDP per capita,1235.7,Middle East & North Africa
Eswatini,SWZ,1977,78.14,GDP per capita,1150.13,Sub-Saharan Africa
Fiji,FJI,1977,93.3,GDP per capita,3426.11,East Asia & Pacific
France,FRA,1977,97.99,GDP per capita,21336.39,Europe & Central Asia
"Gambia, The",GMB,1977,67.3,GDP per capita,676.46,Sub-Saharan Africa
Greece,GRC,1977,91.55,GDP per capita,14162.99,Europe & Central Asia
Guyana,GUY,1977,96.72,GDP per capita,3380.43,Latin America & Caribbean
Hungary,HUN,1977,99.64,GDP per capita,7001.72,Europe & Central Asia
Iraq,IRQ,1977,86.58,GDP per capita,1826.17,Middle East & North Africa
Italy,ITA,1977,98.73,GDP per capita,19523.0,Europe & Central Asia
Jordan,JOR,1977,95.24,GDP per capita,3073.82,Middle East & North Africa
Kenya,KEN,1977,87.5,GDP per capita,1165.37,Sub-Saharan Africa
"Korea, Rep.",KOR,1977,84.59,GDP per capita,3644.59,East Asia & Pacific
Kuwait,KWT,1977,99.9,GDP per capita,35866.61,Middle East & North Africa
Libya,LBY,1977,87.85,GDP per capita,20018.43,Middle East & North Africa
Luxembourg,LUX,1977,98.71,GDP per capita,40065.69,Europe & Central Asia
Malawi,MWI,1977,81.94,GDP per capita,420.51,Sub-Saharan Africa
Mali,MLI,1977,84.52,GDP per capita,680.72,Sub-Saharan Africa
Malta,MLT,1977,98.01,GDP per capita,6025.01,Middle East & North Africa
Mauritania,MRT,1977,84.54,GDP per capita,1632.69,Sub-Saharan Africa
Mexico,MEX,1977,74.72,GDP per capita,6888.58,Latin America & Caribbean
Morocco,MAR,1977,69.57,GDP per capita,1306.13,Middle East & North Africa
Netherlands,NLD,1977,69.46,GDP per capita,25524.92,Europe & Central Asia
Niger,NER,1977,52.96,GDP per capita,581.7,Sub-Saharan Africa
Oman,OMN,1977,83.88,GDP per capita,13631.62,Middle East & North Africa
Panama,PAN,1977,65.94,GDP per capita,4379.72,Latin America & Caribbean
Peru,PER,1977,72.76,GDP per capita,3811.7,Latin America & Caribbean
Qatar,QAT,1977,96.07,GDP per capita,59679.68,Middle East & North Africa
Rwanda,RWA,1977,8.32,GDP per capita,341.52,Sub-Saharan Africa
Seychelles,SYC,1977,97.92,GDP per capita,5226.17,Sub-Saharan Africa
Sierra Leone,SLE,1977,83.16,GDP per capita,1101.19,Sub-Saharan Africa
Singapore,SGP,1977,84.9,GDP per capita,11141.58,East Asia & Pacific
Suriname,SUR,1977,85.62,GDP per capita,7172.62,Latin America & Caribbean
Syrian Arab Republic,SYR,1977,82.61,GDP per capita,1006.95,Middle East & North Africa
Thailand,THA,1977,76.55,GDP per capita,1291.92,East Asia & Pacific
Tunisia,TUN,1977,25.65,GDP per capita,1653.44,Middle East & North Africa
United Arab Emirates,ARE,1977,94.09,GDP per capita,113580.03,Middle East & North Africa
"Venezuela, RB",VEN,1977,87.82,GDP per capita,5135.79,Latin America & Caribbean
Zambia,ZMB,1977,22.57,GDP per capita,1157.76,Sub-Saharan Africa
Algeria,DZA,1978,62.12,GDP per capita,3672.12,Middle East & North Africa
Benin,BEN,1978,58.56,GDP per capita,680.65,Sub-Saharan Africa
Bhutan,BTN,1978,62.01,GDP per capita,420.68,South Asia
Brazil,BRA,1978,92.13,GDP per capita,5821.49,Latin America & Caribbean
Brunei Darussalam,BRN,1978,94.11,GDP per capita,80082.68,East Asia & Pacific
Burkina Faso,BFA,1978,30.56,GDP per capita,312.55,Sub-Saharan Africa
Burundi,BDI,1978,16.12,GDP per capita,320.28,Sub-Saharan Africa
Cameroon,CMR,1978,35.95,GDP per capita,1334.49,Sub-Saharan Africa
"Congo, Rep.",COG,1978,97.11,GDP per capita,1556.67,Sub-Saharan Africa
Cote d'Ivoire,CIV,1978,53.18,GDP per capita,3055.94,Sub-Saharan Africa
Cuba,CUB,1978,86.52,GDP per capita,3785.6,Latin America & Caribbean
Cyprus,CYP,1978,88.39,GDP per capita,9350.99,Europe & Central Asia
Ecuador,ECU,1978,91.42,GDP per capita,3815.91,Latin America & Caribbean
Eswatini,SWZ,1978,81.95,GDP per capita,1127.63,Sub-Saharan Africa
Fiji,FJI,1978,91.11,GDP per capita,3408.49,East Asia & Pacific
France,FRA,1978,98.6,GDP per capita,22078.72,Europe & Central Asia
"Gambia, The",GMB,1978,76.88,GDP per capita,696.18,Sub-Saharan Africa
Greece,GRC,1978,91.12,GDP per capita,14993.69,Europe & Central Asia
Guatemala,GTM,1978,85.82,GDP per capita,3181.47,Latin America & Caribbean
Guinea-Bissau,GNB,1978,69.52,GDP per capita,502.5,Sub-Saharan Africa
Haiti,HTI,1978,62.69,GDP per capita,1931.45,Latin America & Caribbean
Hungary,HUN,1978,99.76,GDP per capita,7284.62,Europe & Central Asia
Italy,ITA,1978,99.06,GDP per capita,20083.88,Europe & Central Asia
Jordan,JOR,1978,95.36,GDP per capita,3415.77,Middle East & North Africa
Kenya,KEN,1978,91.78,GDP per capita,1203.77,Sub-Saharan Africa
Kiribati,KIR,1978,21.9,GDP per capita,2025.51,East Asia & Pacific
"Korea, Rep.",KOR,1978,90.37,GDP per capita,3987.0,East Asia & Pacific
Kuwait,KWT,1978,99.57,GDP per capita,36140.32,Middle East & North Africa
Libya,LBY,1978,90.46,GDP per capita,19521.59,Middle East & North Africa
Luxembourg,LUX,1978,96.45,GDP per capita,41623.6,Europe & Central Asia
Malawi,MWI,1978,82.85,GDP per capita,445.99,Sub-Saharan Africa
Malta,MLT,1978,99.04,GDP per capita,6628.11,Middle East & North Africa
Mauritania,MRT,1978,85.03,GDP per capita,1579.02,Sub-Saharan Africa
Mexico,MEX,1978,79.96,GDP per capita,7309.61,Latin America & Caribbean
Morocco,MAR,1978,70.75,GDP per capita,1301.05,Middle East & North Africa
Netherlands,NLD,1978,69.79,GDP per capita,26052.35,Europe & Central Asia
Niger,NER,1978,53.89,GDP per capita,641.44,Sub-Saharan Africa
Oman,OMN,1978,84.08,GDP per capita,12472.09,Middle East & North Africa
Panama,PAN,1978,66.38,GDP per capita,4693.27,Latin America & Caribbean
Peru,PER,1978,80.15,GDP per capita,3619.69,Latin America & Caribbean
Qatar,QAT,1978,97.36,GDP per capita,60529.88,Middle East & North Africa
Senegal,SEN,1978,48.38,GDP per capita,955.0,Sub-Saharan Africa
Singapore,SGP,1978,88.29,GDP per capita,11863.69,East Asia & Pacific
Sri Lanka,LKA,1978,80.68,GDP per capita,934.57,South Asia
Syrian Arab Republic,SYR,1978,82.67,GDP per capita,1069.75,Middle East & North Africa
Togo,TGO,1978,92.7,GDP per capita,842.4,Sub-Saharan Africa
Tunisia,TUN,1978,27.06,GDP per capita,1717.12,Middle East & North Africa
"Venezuela, RB",VEN,1978,87.43,GDP per capita,5106.88,Latin America & Caribbean
Zambia,ZMB,1978,21.78,GDP per capita,1129.47,Sub-Saharan Africa
Algeria,DZA,1979,62.99,GDP per capita,3830.81,Middle East & North Africa
Benin,BEN,1979,66.74,GDP per capita,706.1,Sub-Saharan Africa
Brazil,BRA,1979,93.77,GDP per capita,6069.05,Latin America & Caribbean
Brunei Darussalam,BRN,1979,92.43,GDP per capita,96517.13,East Asia & Pacific
Burkina Faso,BFA,1979,31.66,GDP per capita,315.72,Sub-Saharan Africa
Burundi,BDI,1979,14.32,GDP per capita,317.61,Sub-Saharan Africa
Cameroon,CMR,1979,34.62,GDP per capita,1375.92,Sub-Saharan Africa
Costa Rica,CRI,1979,59.03,GDP per capita,6335.46,Latin America & Caribbean
Cote d'Ivoire,CIV,1979,56.43,GDP per capita,3010.66,Sub-Saharan Africa
Cuba,CUB,1979,92.04,GDP per capita,3806.65,Latin America & Caribbean
Cyprus,CYP,1979,88.97,GDP per capita,10197.66,Europe & Central Asia
Eswatini,SWZ,1979,81.6,GDP per capita,1124.89,Sub-Saharan Africa
Fiji,FJI,1979,91.15,GDP per capita,3735.04,East Asia & Pacific
France,FRA,1979,97.86,GDP per capita,22792.24,Europe & Central Asia
Gabon,GAB,1979,33.62,GDP per capita,9187.36,Sub-Saharan Africa
"Gambia, The",GMB,1979,70.22,GDP per capita,664.35,Sub-Saharan Africa
Greece,GRC,1979,94.1,GDP per capita,15293.93,Europe & Central Asia
Guatemala,GTM,1979,82.86,GDP per capita,3249.1,Latin America & Caribbean
Guinea,GIN,1979,91.01,GDP per capita,510.94,Sub-Saharan Africa
Guyana,GUY,1979,94.89,GDP per capita,3210.17,Latin America & Caribbean
Haiti,HTI,1979,62.17,GDP per capita,2037.87,Latin America & Caribbean
"Hong Kong SAR, China",HKG,1979,89.08,GDP per capita,11709.22,East Asia & Pacific
Hungary,HUN,1979,99.45,GDP per capita,7467.8,Europe & Central Asia
Iraq,IRQ,1979,83.01,GDP per capita,2419.12,Middle East & North Africa
Italy,ITA,1979,99.32,GDP per capita,21219.27,Europe & Central Asia
Jordan,JOR,1979,95.67,GDP per capita,3991.69,Middle East & North Africa
Kenya,KEN,1979,87.29,GDP per capita,1251.32,Sub-Saharan Africa
Kiribati,KIR,1979,20.83,GDP per capita,1781.69,East Asia & Pacific
"Korea, Rep.",KOR,1979,94.13,GDP per capita,4270.07,East Asia & Pacific
Kuwait,KWT,1979,99.64,GDP per capita,38757.81,Middle East & North Africa
Libya,LBY,1979,86.29,GDP per capita,20077.74,Middle East & North Africa
Malawi,MWI,1979,89.85,GDP per capita,448.72,Sub-Saharan Africa
Mexico,MEX,1979,80.79,GDP per capita,7814.55,Latin America & Caribbean
Morocco,MAR,1979,69.23,GDP per capita,1328.21,Middle East & North Africa
Netherlands,NLD,1979,70.18,GDP per capita,26394.26,Europe & Central Asia
Peru,PER,1979,84.18,GDP per capita,3674.96,Latin America & Caribbean
Qatar,QAT,1979,97.52,GDP per capita,59542.17,Middle East & North Africa
Senegal,SEN,1979,43.86,GDP per capita,997.71,Sub-Saharan Africa
Seychelles,SYC,1979,96.15,GDP per capita,7226.37,Sub-Saharan Africa
Sri Lanka,LKA,1979,82.63,GDP per capita,976.04,South Asia
Syrian Arab Republic,SYR,1979,80.89,GDP per capita,1043.22,Middle East & North Africa
Togo,TGO,1979,81.28,GDP per capita,778.7,Sub-Saharan Africa
Tunisia,TUN,1979,44.93,GDP per capita,1788.22,Middle East & North Africa
United Arab Emirates,ARE,1979,94.35,GDP per capita,105254.46,Middle East & North Africa
"Venezuela, RB",VEN,1979,89.52,GDP per capita,5000.97,Latin America & Caribbean
Zambia,ZMB,1979,23.21,GDP per capita,1062.96,Sub-Saharan Africa
Benin,BEN,1980,81.16,GDP per capita,733.49,Sub-Saharan Africa
Brazil,BRA,1980,89.0,GDP per capita,6472.85,Latin America & Caribbean
Brunei Darussalam,BRN,1980,95.75,GDP per capita,84483.39,East Asia & Pacific
Bulgaria,BGR,1980,99.05,GDP per capita,3427.24,Europe & Central Asia
Burkina Faso,BFA,1980,33.76,GDP per capita,309.81,Sub-Saharan Africa
Burundi,BDI,1980,14.43,GDP per capita,307.58,Sub-Saharan Africa
Cabo Verde,CPV,1980,51.43,GDP per capita,581.76,Sub-Saharan Africa
Cameroon,CMR,1980,35.62,GDP per capita,1305.68,Sub-Saharan Africa
Central African Republic,CAF,1980,53.11,GDP per capita,549.85,Sub-Saharan Africa
"Congo, Rep.",COG,1980,99.35,GDP per capita,1921.97,Sub-Saharan Africa
Costa Rica,CRI,1980,56.68,GDP per capita,6211.83,Latin America & Caribbean
Cote d'Ivoire,CIV,1980,55.85,GDP per capita,2576.92,Sub-Saharan Africa
Cuba,CUB,1980,92.36,GDP per capita,3606.74,Latin America & Caribbean
Cyprus,CYP,1980,88.62,GDP per capita,10667.84,Europe & Central Asia
Ecuador,ECU,1980,90.35,GDP per capita,3889.18,Latin America & Caribbean
El Salvador,SLV,1980,72.1,GDP per capita,2757.39,Latin America & Caribbean
Eswatini,SWZ,1980,82.65,GDP per capita,1223.7,Sub-Saharan Africa
Fiji,FJI,1980,92.35,GDP per capita,3588.63,East Asia & Pacific
Gabon,GAB,1980,31.39,GDP per capita,9182.53,Sub-Saharan Africa
"Gambia, The",GMB,1980,72.39,GDP per capita,682.14,Sub-Saharan Africa
Guinea,GIN,1980,75.48,GDP per capita,515.08,Sub-Saharan Africa
Guinea-Bissau,GNB,1980,62.27,GDP per capita,411.23,Sub-Saharan Africa
Guyana,GUY,1980,98.89,GDP per capita,3247.67,Latin America & Caribbean
"Hong Kong SAR, China",HKG,1980,89.3,GDP per capita,12553.13,East Asia & Pacific
Hungary,HUN,1980,99.85,GDP per capita,7477.87,Europe & Central Asia
Italy,ITA,1980,99.28,GDP per capita,21901.93,Europe & Central Asia
Jordan,JOR,1980,94.27,GDP per capita,4278.63,Middle East & North Africa
Kenya,KEN,1980,85.61,GDP per capita,1275.28,Sub-Saharan Africa
Kiribati,KIR,1980,21.05,GDP per capita,1734.33,East Asia & Pacific
Libya,LBY,1980,87.23,GDP per capita,19090.55,Middle East & North Africa
Malawi,MWI,1980,83.95,GDP per capita,433.52,Sub-Saharan Africa
Mali,MLI,1980,69.9,GDP per capita,667.11,Sub-Saharan Africa
Malta,MLT,1980,95.46,GDP per capita,7679.72,Middle East & North Africa
Mauritania,MRT,1980,55.65,GDP per capita,1616.07,Sub-Saharan Africa
Mexico,MEX,1980,79.41,GDP per capita,8290.29,Latin America & Caribbean
Morocco,MAR,1980,71.25,GDP per capita,1340.25,Middle East & North Africa
Netherlands,NLD,1980,70.04,GDP per capita,26537.62,Europe & Central Asia
Niger,NER,1980,60.5,GDP per capita,631.84,Sub-Saharan Africa
Peru,PER,1980,86.11,GDP per capita,3797.44,Latin America & Caribbean
Qatar,QAT,1980,97.94,GDP per capita,55253.74,Middle East & North Africa
Senegal,SEN,1980,43.91,GDP per capita,1012.17,Sub-Saharan Africa
Seychelles,SYC,1980,98.17,GDP per capita,6795.44,Sub-Saharan Africa
Singapore,SGP,1980,90.79,GDP per capita,13953.89,East Asia & Pacific
Spain,ESP,1980,98.45,GDP per capita,14886.41,Europe & Central Asia
Sri Lanka,LKA,1980,82.2,GDP per capita,1014.42,South Asia
Syrian Arab Republic,SYR,1980,81.76,GDP per capita,1155.13,Middle East & North Africa
Togo,TGO,1980,76.91,GDP per capita,867.45,Sub-Saharan Africa
Tunisia,TUN,1980,42.03,GDP per capita,1877.33,Middle East & North Africa
"Venezuela, RB",VEN,1980,88.26,GDP per capita,4647.14,Latin America & Caribbean
Zambia,ZMB,1980,21.55,GDP per capita,1062.94,Sub-Saharan Africa
Algeria,DZA,1981,71.05,GDP per capita,3731.94,Middle East & North Africa
Angola,AGO,1981,67.56,GDP per capita,2937.55,Sub-Saharan Africa
Bahrain,BHR,1981,87.6,GDP per capita,20521.43,Middle East & North Africa
Brazil,BRA,1981,94.47,GDP per capita,6055.1,Latin America & Caribbean
Brunei Darussalam,BRN,1981,92.51,GDP per capita,63568.33,East Asia & Pacific
Bulgaria,BGR,1981,98.68,GDP per capita,3583.22,Europe & Central Asia
Burkina Faso,BFA,1981,36.33,GDP per capita,314.29,Sub-Saharan Africa
Burundi,BDI,1981,17.02,GDP per capita,331.22,Sub-Saharan Africa
Cabo Verde,CPV,1981,48.41,GDP per capita,622.18,Sub-Saharan Africa
Cameroon,CMR,1981,35.47,GDP per capita,1475.99,Sub-Saharan Africa
Central African Republic,CAF,1981,66.37,GDP per capita,535.27,Sub-Saharan Africa
Costa Rica,CRI,1981,53.39,GDP per capita,5908.22,Latin America & Caribbean
Cuba,CUB,1981,93.72,GDP per capita,4297.34,Latin America & Caribbean
Cyprus,CYP,1981,89.58,GDP per capita,10756.26,Europe & Central Asia
Ecuador,ECU,1981,89.81,GDP per capita,3999.22,Latin America & Caribbean
El Salvador,SLV,1981,98.55,GDP per capita,2582.45,Latin America & Caribbean
Eswatini,SWZ,1981,81.09,GDP per capita,1357.01,Sub-Saharan Africa
"Gambia, The",GMB,1981,66.84,GDP per capita,680.76,Sub-Saharan Africa
Greece,GRC,1981,98.55,GDP per capita,14876.12,Europe & Central Asia
Guinea-Bissau,GNB,1981,78.83,GDP per capita,478.37,Sub-Saharan Africa
Guyana,GUY,1981,100.0,GDP per capita,3287.41,Latin America & Caribbean
Haiti,HTI,1981,53.0,GDP per capita,2045.46,Latin America & Caribbean
"Hong Kong SAR, China",HKG,1981,90.45,GDP per capita,13397.32,East Asia & Pacific
Hungary,HUN,1981,99.83,GDP per capita,7691.72,Europe & Central Asia
Italy,ITA,1981,99.28,GDP per capita,22060.33,Europe & Central Asia
Jordan,JOR,1981,95.23,GDP per capita,4816.74,Middle East & North Africa
Kiribati,KIR,1981,13.25,GDP per capita,1811.68,East Asia & Pacific
"Korea, Rep.",KOR,1981,97.42,GDP per capita,4377.64,East Asia & Pacific
Kuwait,KWT,1981,99.96,GDP per capita,22766.1,Middle East & North Africa
Malawi,MWI,1981,82.42,GDP per capita,394.77,Sub-Saharan Africa
Mexico,MEX,1981,85.81,GDP per capita,8875.07,Latin America & Caribbean
Netherlands,NLD,1981,70.41,GDP per capita,26149.65,Europe & Central Asia
Panama,PAN,1981,86.66,GDP per capita,5640.29,Latin America & Caribbean
Qatar,QAT,1981,98.8,GDP per capita,52401.38,Middle East & North Africa
Senegal,SEN,1981,45.16,GDP per capita,1037.7,Sub-Saharan Africa
Seychelles,SYC,1981,98.43,GDP per capita,6453.04,Sub-Saharan Africa
Singapore,SGP,1981,94.84,GDP per capita,14737.3,East Asia & Pacific
Spain,ESP,1981,98.73,GDP per capita,14761.38,Europe & Central Asia
Sri Lanka,LKA,1981,78.56,GDP per capita,1054.39,South Asia
Suriname,SUR,1981,48.92,GDP per capita,7613.42,Latin America & Caribbean
Syrian Arab Republic,SYR,1981,82.63,GDP per capita,1204.05,Middle East & North Africa
Togo,TGO,1981,64.1,GDP per capita,813.05,Sub-Saharan Africa
Tonga,TON,1981,88.58,GDP per capita,2589.0,East Asia & Pacific
Tunisia,TUN,1981,41.23,GDP per capita,1936.27,Middle East & North Africa
"Venezuela, RB",VEN,1981,88.19,GDP per capita,4461.8,Latin America & Caribbean
Bahrain,BHR,1982,90.37,GDP per capita,18310.99,Middle East & North Africa
Benin,BEN,1982,69.69,GDP per capita,778.64,Sub-Saharan Africa
Brunei Darussalam,BRN,1982,99.56,GDP per capita,63000.67,East Asia & Pacific
Bulgaria,BGR,1982,98.74,GDP per capita,3656.04,Europe & Central Asia
Burkina Faso,BFA,1982,35.46,GDP per capita,334.96,Sub-Saharan Africa
Burundi,BDI,1982,10.95,GDP per capita,319.65,Sub-Saharan Africa
Cabo Verde,CPV,1982,49.97,GDP per capita,630.37,Sub-Saharan Africa
Cameroon,CMR,1982,40.55,GDP per capita,1549.61,Sub-Saharan Africa
Central African Republic,CAF,1982,70.95,GDP per capita,569.91,Sub-Saharan Africa
Chile,CHL,1982,94.82,GDP per capita,4244.1,Latin America & Caribbean
Colombia,COL,1982,94.49,GDP per capita,3253.88,Latin America & Caribbean
"Congo, Rep.",COG,1982,95.22,GDP per capita,2674.95,Sub-Saharan Africa
Costa Rica,CRI,1982,52.87,GDP per capita,5329.87,Latin America & Caribbean
Cote d'Ivoire,CIV,1982,48.08,GDP per capita,2466.3,Sub-Saharan Africa
Cuba,CUB,1982,95.46,GDP per capita,4650.67,Latin America & Caribbean
Cyprus,CYP,1982,89.57,GDP per capita,11269.82,Europe & Central Asia
Ecuador,ECU,1982,90.03,GDP per capita,3918.96,Latin America & Caribbean
El Salvador,SLV,1982,97.44,GDP per capita,2392.38,Latin America & Caribbean
Eswatini,SWZ,1982,81.26,GDP per capita,1328.04,Sub-Saharan Africa
Gabon,GAB,1982,35.31,GDP per capita,8866.93,Sub-Saharan Africa
"Gambia, The",GMB,1982,67.21,GDP per capita,652.07,Sub-Saharan Africa
Greece,GRC,1982,98.73,GDP per capita,14617.24,Europe & Central Asia
Guinea-Bissau,GNB,1982,80.96,GDP per capita,490.62,Sub-Saharan Africa
Guyana,GUY,1982,100.0,GDP per capita,2852.84,Latin America & Caribbean
Haiti,HTI,1982,74.88,GDP per capita,1934.64,Latin America & Caribbean
"Hong Kong SAR, China",HKG,1982,91.49,GDP per capita,13580.04,East Asia & Pacific
Hungary,HUN,1982,99.89,GDP per capita,7914.91,Europe & Central Asia
Iraq,IRQ,1982,67.12,GDP per capita,2833.01,Middle East & North Africa
Italy,ITA,1982,99.19,GDP per capita,22135.16,Europe & Central Asia
Jordan,JOR,1982,95.05,GDP per capita,4939.76,Middle East & North Africa
Kiribati,KIR,1982,15.03,GDP per capita,1763.18,East Asia & Pacific
"Korea, Rep.",KOR,1982,97.0,GDP per capita,4675.53,East Asia & Pacific
Kuwait,KWT,1982,99.06,GDP per capita,19135.91,Middle East & North Africa
Malawi,MWI,1982,81.1,GDP per capita,388.99,Sub-Saharan Africa
Mali,MLI,1982,69.8,GDP per capita,598.55,Sub-Saharan Africa
Malta,MLT,1982,98.65,GDP per capita,7884.89,Middle East & North Africa
Mexico,MEX,1982,84.61,GDP per capita,8676.57,Latin America & Caribbean
Morocco,MAR,1982,71.19,GDP per capita,1359.99,Middle East & North Africa
Mozambique,MOZ,1982,32.06,GDP per capita,235.77,Sub-Saharan Africa
Netherlands,NLD,1982,70.71,GDP per capita,25707.04,Europe & Central Asia
Oman,OMN,1982,90.57,GDP per capita,14513.98,Middle East & North Africa
Panama,PAN,1982,88.24,GDP per capita,5803.41,Latin America & Caribbean
Senegal,SEN,1982,50.66,GDP per capita,1091.73,Sub-Saharan Africa
Seychelles,SYC,1982,98.05,GDP per capita,6282.31,Sub-Saharan Africa
Singapore,SGP,1982,71.88,GDP per capita,15106.25,East Asia & Pacific
Spain,ESP,1982,99.17,GDP per capita,14855.91,Europe & Central Asia
Sri Lanka,LKA,1982,89.42,GDP per capita,1084.61,South Asia
St. Lucia,LCA,1982,32.18,GDP per capita,4768.47,Latin America & Caribbean
Suriname,SUR,1982,36.42,GDP per capita,7272.42,Latin America & Caribbean
Syrian Arab Republic,SYR,1982,83.64,GDP per capita,1197.25,Middle East & North Africa
Togo,TGO,1982,60.28,GDP per capita,758.25,Sub-Saharan Africa
Tunisia,TUN,1982,45.66,GDP per capita,1884.78,Middle East & North Africa
United Arab Emirates,ARE,1982,97.76,GDP per capita,99530.38,Middle East & North Africa
"Venezuela, RB",VEN,1982,88.59,GDP per capita,4456.35,Latin America & Caribbean
Zambia,ZMB,1982,24.17,GDP per capita,1030.05,Sub-Saharan Africa
Algeria,DZA,1983,84.7,GDP per capita,3912.94,Middle East & North Africa
Bahrain,BHR,1983,91.35,GDP per capita,18811.44,Middle East & North Africa
Benin,BEN,1983,55.33,GDP per capita,723.48,Sub-Saharan Africa
Brazil,BRA,1983,89.84,GDP per capita,5664.96,Latin America & Caribbean
Brunei Darussalam,BRN,1983,85.8,GDP per capita,61220.71,East Asia & Pacific
Bulgaria,BGR,1983,98.5,GDP per capita,3772.03,Europe & Central Asia
Burkina Faso,BFA,1983,39.38,GDP per capita,326.73,Sub-Saharan Africa
Burundi,BDI,1983,11.17,GDP per capita,322.76,Sub-Saharan Africa
Cabo Verde,CPV,1983,51.88,GDP per capita,680.31,Sub-Saharan Africa
Cameroon,CMR,1983,39.69,GDP per capita,1622.47,Sub-Saharan Africa
Colombia,COL,1983,54.56,GDP per capita,3228.36,Latin America & Caribbean
"Congo, Rep.",COG,1983,98.24,GDP per capita,2773.63,Sub-Saharan Africa
Costa Rica,CRI,1983,54.06,GDP per capita,5333.85,Latin America & Caribbean
Cote d'Ivoire,CIV,1983,45.55,GDP per capita,2276.87,Sub-Saharan Africa
Cuba,CUB,1983,96.97,GDP per capita,4863.89,Latin America & Caribbean
Cyprus,CYP,1983,98.0,GDP per capita,11801.19,Europe & Central Asia
Ecuador,ECU,1983,75.13,GDP per capita,3804.53,Latin America & Caribbean
El Salvador,SLV,1983,94.99,GDP per capita,2385.4,Latin America & Caribbean
Eswatini,SWZ,1983,80.1,GDP per capita,1300.55,Sub-Saharan Africa
Fiji,FJI,1983,93.03,GDP per capita,3206.54,East Asia & Pacific
Gabon,GAB,1983,45.17,GDP per capita,9113.44,Sub-Saharan Africa
"Gambia, The",GMB,1983,67.95,GDP per capita,696.85,Sub-Saharan Africa
Greece,GRC,1983,98.44,GDP per capita,14375.7,Europe & Central Asia
Guinea-Bissau,GNB,1983,92.3,GDP per capita,466.48,Sub-Saharan Africa
Guyana,GUY,1983,100.0,GDP per capita,2661.88,Latin America & Caribbean
"Hong Kong SAR, China",HKG,1983,91.36,GDP per capita,14174.71,East Asia & Pacific
Hungary,HUN,1983,99.74,GDP per capita,7984.12,Europe & Central Asia
Indonesia,IDN,1983,60.54,GDP per capita,1139.01,East Asia & Pacific
"Iran, Islamic Rep.",IRN,1983,86.01,GDP per capita,4236.72,Middle East & North Africa
Italy,ITA,1983,99.35,GDP per capita,22385.84,Europe & Central Asia
Jamaica,JAM,1983,96.6,GDP per capita,4169.47,Latin America & Caribbean
Kiribati,KIR,1983,17.81,GDP per capita,1565.12,East Asia & Pacific
"Korea, Rep.",KOR,1983,97.99,GDP per capita,5227.54,East Asia & Pacific
Kuwait,KWT,1983,99.58,GDP per capita,19686.2,Middle East & North Africa
Malawi,MWI,1983,83.5,GDP per capita,387.85,Sub-Saharan Africa
Mali,MLI,1983,72.48,GDP per capita,572.09,Sub-Saharan Africa
Malta,MLT,1983,97.91,GDP per capita,7726.93,Middle East & North Africa
Mauritius,MUS,1983,65.82,GDP per capita,2549.56,Sub-Saharan Africa
Netherlands,NLD,1983,71.34,GDP per capita,26139.85,Europe & Central Asia
Oman,OMN,1983,89.97,GDP per capita,16018.85,Middle East & North Africa
Panama,PAN,1983,90.08,GDP per capita,5413.93,Latin America & Caribbean
Qatar,QAT,1983,97.34,GDP per capita,42654.73,Middle East & North Africa
Senegal,SEN,1983,44.84,GDP per capita,1002.79,Sub-Saharan Africa
Seychelles,SYC,1983,98.96,GDP per capita,6251.17,Sub-Saharan Africa
Singapore,SGP,1983,81.46,GDP per capita,16186.91,East Asia & Pacific
Spain,ESP,1983,99.62,GDP per capita,15045.4,Europe & Central Asia
Sri Lanka,LKA,1983,86.79,GDP per capita,1129.27,South Asia
St. Lucia,LCA,1983,35.64,GDP per capita,4926.91,Latin America & Caribbean
Suriname,SUR,1983,32.3,GDP per capita,6948.37,Latin America & Caribbean
Syrian Arab Republic,SYR,1983,84.32,GDP per capita,1183.93,Middle East & North Africa
Togo,TGO,1983,49.97,GDP per capita,693.2,Sub-Saharan Africa
Tunisia,TUN,1983,57.31,GDP per capita,1932.42,Middle East & North Africa
United Arab Emirates,ARE,1983,97.32,GDP per capita,89516.25,Middle East & North Africa
"Venezuela, RB",VEN,1983,90.7,GDP per capita,3910.35,Latin America & Caribbean
Zambia,ZMB,1983,25.74,GDP per capita,977.76,Sub-Saharan Africa
Zimbabwe,ZWE,1983,83.02,GDP per capita,1578.29,Sub-Saharan Africa
Algeria,DZA,1984,84.09,GDP per capita,3993.4,Middle East & North Africa
Benin,BEN,1984,57.81,GDP per capita,758.36,Sub-Saharan Africa
Botswana,BWA,1984,50.99,GDP per capita,2603.45,Sub-Saharan Africa
Brazil,BRA,1984,91.96,GDP per capita,5841.75,Latin America & Caribbean
Bulgaria,BGR,1984,98.56,GDP per capita,3891.03,Europe & Central Asia
Burundi,BDI,1984,11.7,GDP per capita,315.52,Sub-Saharan Africa
Cabo Verde,CPV,1984,43.23,GDP per capita,696.05,Sub-Saharan Africa
Cameroon,CMR,1984,41.33,GDP per capita,1695.95,Sub-Saharan Africa
Colombia,COL,1984,56.58,GDP per capita,3260.28,Latin America & Caribbean
Costa Rica,CRI,1984,53.47,GDP per capita,5605.38,Latin America & Caribbean
Cote d'Ivoire,CIV,1984,49.8,GDP per capita,2128.64,Sub-Saharan Africa
Cuba,CUB,1984,96.97,GDP per capita,5206.71,Latin America & Caribbean
Cyprus,CYP,1984,97.55,GDP per capita,12669.5,Europe & Central Asia
Ecuador,ECU,1984,79.5,GDP per capita,3803.58,Latin America & Caribbean
Eswatini,SWZ,1984,78.73,GDP per capita,1336.43,Sub-Saharan Africa
Fiji,FJI,1984,93.47,GDP per capita,3392.64,East Asia & Pacific
Gabon,GAB,1984,35.65,GDP per capita,9533.32,Sub-Saharan Africa
"Gambia, The",GMB,1984,70.85,GDP per capita,694.3,Sub-Saharan Africa
Greece,GRC,1984,99.05,GDP per capita,14591.86,Europe & Central Asia
Guinea,GIN,1984,68.93,GDP per capita,499.1,Sub-Saharan Africa
Haiti,HTI,1984,79.35,GDP per capita,1882.82,Latin America & Caribbean
"Hong Kong SAR, China",HKG,1984,91.1,GDP per capita,15435.98,East Asia & Pacific
Hungary,HUN,1984,99.79,GDP per capita,8212.76,Europe & Central Asia
Indonesia,IDN,1984,58.39,GDP per capita,1191.59,East Asia & Pacific
"Iran, Islamic Rep.",IRN,1984,86.53,GDP per capita,3788.98,Middle East & North Africa
Iraq,IRQ,1984,83.63,GDP per capita,2282.72,Middle East & North Africa
Italy,ITA,1984,99.29,GDP per capita,23102.81,Europe & Central Asia
"Korea, Rep.",KOR,1984,98.45,GDP per capita,5712.64,East Asia & Pacific
Kuwait,KWT,1984,99.25,GDP per capita,19848.78,Middle East & North Africa
Malawi,MWI,1984,84.84,GDP per capita,392.97,Sub-Saharan Africa
Mali,MLI,1984,59.16,GDP per capita,544.22,Sub-Saharan Africa
Malta,MLT,1984,92.4,GDP per capita,7798.11,Middle East & North Africa
Mauritius,MUS,1984,66.16,GDP per capita,2641.58,Sub-Saharan Africa
Mexico,MEX,1984,79.93,GDP per capita,8207.92,Latin America & Caribbean
Morocco,MAR,1984,51.06,GDP per capita,1394.1,Middle East & North Africa
Mozambique,MOZ,1984,47.81,GDP per capita,178.42,Sub-Saharan Africa
Netherlands,NLD,1984,72.78,GDP per capita,26833.45,Europe & Central Asia
Oman,OMN,1984,91.87,GDP per capita,17703.06,Middle East & North Africa
Panama,PAN,1984,83.57,GDP per capita,5432.18,Latin America & Caribbean
Qatar,QAT,1984,96.3,GDP per capita,42309.94,Middle East & North Africa
Seychelles,SYC,1984,98.86,GDP per capita,6481.83,Sub-Saharan Africa
Spain,ESP,1984,99.11,GDP per capita,15250.45,Europe & Central Asia
Sri Lanka,LKA,1984,85.1,GDP per capita,1182.78,South Asia
Suriname,SUR,1984,46.89,GDP per capita,6754.87,Latin America & Caribbean
Syrian Arab Republic,SYR,1984,84.35,GDP per capita,1056.13,Middle East & North Africa
Togo,TGO,1984,50.82,GDP per capita,707.57,Sub-Saharan Africa
Tonga,TON,1984,93.31,GDP per capita,2811.26,East Asia & Pacific
Trinidad and Tobago,TTO,1984,87.78,GDP per capita,7555.02,Latin America & Caribbean
Tunisia,TUN,1984,57.12,GDP per capita,1996.46,Middle East & North Africa
United Arab Emirates,ARE,1984,95.05,GDP per capita,88072.1,Middle East & North Africa
"Venezuela, RB",VEN,1984,91.2,GDP per capita,4006.54,Latin America & Caribbean
Bahrain,BHR,1985,97.0,GDP per capita,17516.64,Middle East & North Africa
Benin,BEN,1985,48.53,GDP per capita,791.73,Sub-Saharan Africa
Botswana,BWA,1985,47.62,GDP per capita,2693.78,Sub-Saharan Africa
Bulgaria,BGR,1985,98.94,GDP per capita,3995.5,Europe & Central Asia
Burundi,BDI,1985,12.49,GDP per capita,345.16,Sub-Saharan Africa
Cabo Verde,CPV,1985,63.24,GDP per capita,745.62,Sub-Saharan Africa
Cameroon,CMR,1985,40.77,GDP per capita,1778.88,Sub-Saharan Africa
Central African Republic,CAF,1985,56.76,GDP per capita,574.32,Sub-Saharan Africa
Colombia,COL,1985,64.91,GDP per capita,3289.71,Latin America & Caribbean
Costa Rica,CRI,1985,58.16,GDP per capita,5492.84,Latin America & Caribbean
Cote d'Ivoire,CIV,1985,48.18,GDP per capita,2138.06,Sub-Saharan Africa
Cuba,CUB,1985,96.06,GDP per capita,5246.14,Latin America & Caribbean
Cyprus,CYP,1985,99.06,GDP per capita,13127.53,Europe & Central Asia
Eswatini,SWZ,1985,78.72,GDP per capita,1337.19,Sub-Saharan Africa
Fiji,FJI,1985,95.2,GDP per capita,3159.91,East Asia & Pacific
France,FRA,1985,97.82,GDP per capita,24358.14,Europe & Central Asia
"Gambia, The",GMB,1985,59.74,GDP per capita,662.01,Sub-Saharan Africa
Greece,GRC,1985,98.78,GDP per capita,14900.09,Europe & Central Asia
Guinea,GIN,1985,57.77,GDP per capita,511.89,Sub-Saharan Africa
Haiti,HTI,1985,66.94,GDP per capita,1856.97,Latin America & Caribbean
Hungary,HUN,1985,99.7,GDP per capita,8206.88,Europe & Central Asia
Indonesia,IDN,1985,56.81,GDP per capita,1195.12,East Asia & Pacific
"Iran, Islamic Rep.",IRN,1985,86.76,GDP per capita,3720.53,Middle East & North Africa
Iraq,IRQ,1985,78.05,GDP per capita,2260.88,Middle East & North Africa
Italy,ITA,1985,99.48,GDP per capita,23742.39,Europe & Central Asia
Jamaica,JAM,1985,100.0,GDP per capita,3887.22,Latin America & Caribbean
Kiribati,KIR,1985,22.85,GDP per capita,1492.76,East Asia & Pacific
"Korea, Rep.",KOR,1985,98.84,GDP per capita,6105.74,East Asia & Pacific
Lesotho,LSO,1985,63.65,GDP per capita,462.89,Sub-Saharan Africa
Malawi,MWI,1985,82.0,GDP per capita,395.42,Sub-Saharan Africa
Mali,MLI,1985,69.78,GDP per capita,603.79,Sub-Saharan Africa
Malta,MLT,1985,88.19,GDP per capita,7860.41,Middle East & North Africa
Mauritania,MRT,1985,51.27,GDP per capita,1461.93,Sub-Saharan Africa
Mauritius,MUS,1985,64.17,GDP per capita,2802.29,Sub-Saharan Africa
Mexico,MEX,1985,82.75,GDP per capita,8194.16,Latin America & Caribbean
Morocco,MAR,1985,70.26,GDP per capita,1442.96,Middle East & North Africa
Mozambique,MOZ,1985,45.29,GDP per capita,176.85,Sub-Saharan Africa
Niger,NER,1985,31.59,GDP per capita,478.49,Sub-Saharan Africa
Oman,OMN,1985,93.34,GDP per capita,18998.67,Middle East & North Africa
Panama,PAN,1985,86.44,GDP per capita,5570.8,Latin America & Caribbean
Qatar,QAT,1985,96.35,GDP per capita,39368.85,Middle East & North Africa
Rwanda,RWA,1985,85.5,GDP per capita,399.87,Sub-Saharan Africa
Senegal,SEN,1985,43.88,GDP per capita,1020.46,Sub-Saharan Africa
Seychelles,SYC,1985,98.76,GDP per capita,7091.31,Sub-Saharan Africa
Spain,ESP,1985,99.73,GDP per capita,15548.04,Europe & Central Asia
Sri Lanka,LKA,1985,87.87,GDP per capita,1233.73,South Asia
Syrian Arab Republic,SYR,1985,83.44,GDP per capita,1114.96,Middle East & North Africa
Togo,TGO,1985,67.27,GDP per capita,723.39,Sub-Saharan Africa
Tunisia,TUN,1985,58.81,GDP per capita,2055.19,Middle East & North Africa
Turkiye,TUR,1985,47.74,GDP per capita,4364.45,Europe & Central Asia
United Arab Emirates,ARE,1985,97.27,GDP per capita,80474.99,Middle East & North Africa
"Venezuela, RB",VEN,1985,90.46,GDP per capita,3936.55,Latin America & Caribbean
Benin,BEN,1986,59.74,GDP per capita,785.14,Sub-Saharan Africa
Botswana,BWA,1986,49.48,GDP per capita,2816.77,Sub-Saharan Africa
Bulgaria,BGR,1986,99.8,GDP per capita,4164.72,Europe & Central Asia
Burundi,BDI,1986,13.9,GDP per capita,349.76,Sub-Saharan Africa
Cameroon,CMR,1986,44.36,GDP per capita,1842.96,Sub-Saharan Africa
Central African Republic,CAF,1986,43.38,GDP per capita,587.35,Sub-Saharan Africa
Colombia,COL,1986,61.59,GDP per capita,3410.16,Latin America & Caribbean
Comoros,COM,1986,54.06,GDP per capita,1224.92,Sub-Saharan Africa
"Congo, Rep.",COG,1986,83.55,GDP per capita,2511.49,Sub-Saharan Africa
Costa Rica,CRI,1986,59.12,GDP per capita,5641.94,Latin America & Caribbean
Cote d'Ivoire,CIV,1986,46.05,GDP per capita,2123.07,Sub-Saharan Africa
Cuba,CUB,1986,95.28,GDP per capita,5206.53,Latin America & Caribbean
Cyprus,CYP,1986,98.29,GDP per capita,13458.53,Europe & Central Asia
Eswatini,SWZ,1986,80.98,GDP per capita,1442.89,Sub-Saharan Africa
Ethiopia,ETH,1986,89.11,GDP per capita,264.54,Sub-Saharan Africa
Finland,FIN,1986,99.17,GDP per capita,27513.39,Europe & Central Asia
France,FRA,1986,96.14,GDP per capita,24813.03,Europe & Central Asia
Gabon,GAB,1986,57.38,GDP per capita,8741.05,Sub-Saharan Africa
"Gambia, The",GMB,1986,52.63,GDP per capita,662.0,Sub-Saharan Africa
Greece,GRC,1986,99.04,GDP per capita,14927.76,Europe & Central Asia
Guinea,GIN,1986,42.7,GDP per capita,514.95,Sub-Saharan Africa
Haiti,HTI,1986,73.36,GDP per capita,1811.09,Latin America & Caribbean
Hungary,HUN,1986,99.78,GDP per capita,8347.08,Europe & Central Asia
India,IND,1986,86.84,GDP per capita,461.73,South Asia
"Iran, Islamic Rep.",IRN,1986,83.11,GDP per capita,3234.89,Middle East & North Africa
Iraq,IRQ,1986,73.08,GDP per capita,2308.44,Middle East & North Africa
Italy,ITA,1986,99.45,GDP per capita,24420.08,Europe & Central Asia
Jordan,JOR,1986,95.75,GDP per capita,4312.61,Middle East & North Africa
"Korea, Rep.",KOR,1986,98.97,GDP per capita,6740.7,East Asia & Pacific
Lesotho,LSO,1986,67.68,GDP per capita,472.43,Sub-Saharan Africa
Malawi,MWI,1986,85.93,GDP per capita,380.3,Sub-Saharan Africa
Mali,MLI,1986,66.23,GDP per capita,588.19,Sub-Saharan Africa
Malta,MLT,1986,89.4,GDP per capita,8030.49,Middle East & North Africa
Mauritania,MRT,1986,47.67,GDP per capita,1501.59,Sub-Saharan Africa
Mauritius,MUS,1986,67.19,GDP per capita,3051.86,Sub-Saharan Africa
Mexico,MEX,1986,82.03,GDP per capita,7713.61,Latin America & Caribbean
Morocco,MAR,1986,74.55,GDP per capita,1542.62,Middle East & North Africa
Oman,OMN,1986,95.74,GDP per capita,18173.34,Middle East & North Africa
Panama,PAN,1986,85.47,GDP per capita,5640.37,Latin America & Caribbean
Qatar,QAT,1986,94.1,GDP per capita,39682.19,Middle East & North Africa
Rwanda,RWA,1986,88.2,GDP per capita,407.89,Sub-Saharan Africa
Seychelles,SYC,1986,97.03,GDP per capita,7100.94,Sub-Saharan Africa
Spain,ESP,1986,99.69,GDP per capita,16005.97,Europe & Central Asia
Sri Lanka,LKA,1986,94.44,GDP per capita,1272.16,South Asia
Syrian Arab Republic,SYR,1986,80.74,GDP per capita,991.11,Middle East & North Africa
Togo,TGO,1986,65.63,GDP per capita,712.73,Sub-Saharan Africa
Tunisia,TUN,1986,51.41,GDP per capita,1974.71,Middle East & North Africa
Turkiye,TUR,1986,47.13,GDP per capita,4572.11,Europe & Central Asia
United Arab Emirates,ARE,1986,96.8,GDP per capita,64264.54,Middle East & North Africa
"Venezuela, RB",VEN,1986,92.15,GDP per capita,4068.22,Latin America & Caribbean
Bahrain,BHR,1987,96.46,GDP per capita,18193.21,Middle East & North Africa
Botswana,BWA,1987,57.25,GDP per capita,3050.23,Sub-Saharan Africa
Bulgaria,BGR,1987,98.72,GDP per capita,4410.38,Europe & Central Asia
Burkina Faso,BFA,1987,55.6,GDP per capita,334.89,Sub-Saharan Africa
Burundi,BDI,1987,17.9,GDP per capita,360.68,Sub-Saharan Africa
Cabo Verde,CPV,1987,57.35,GDP per capita,777.83,Sub-Saharan Africa
Cameroon,CMR,1987,44.9,GDP per capita,1749.42,Sub-Saharan Africa
Central African Republic,CAF,1987,52.25,GDP per capita,551.04,Sub-Saharan Africa
Chad,TCD,1987,81.57,GDP per capita,571.26,Sub-Saharan Africa
Colombia,COL,1987,62.78,GDP per capita,3520.16,Latin America & Caribbean
Costa Rica,CRI,1987,62.29,GDP per capita,5756.52,Latin America & Caribbean
Cote d'Ivoire,CIV,1987,46.91,GDP per capita,2035.62,Sub-Saharan Africa
Cuba,CUB,1987,98.18,GDP per capita,5036.67,Latin America & Caribbean
Cyprus,CYP,1987,99.07,GDP per capita,14253.56,Europe & Central Asia
Dominica,DMA,1987,86.03,GDP per capita,4784.91,Latin America & Caribbean
El Salvador,SLV,1987,88.83,GDP per capita,2309.06,Latin America & Caribbean
Eswatini,SWZ,1987,80.5,GDP per capita,1590.69,Sub-Saharan Africa
Ethiopia,ETH,1987,87.41,GDP per capita,291.11,Sub-Saharan Africa
Finland,FIN,1987,99.06,GDP per capita,28412.45,Europe & Central Asia
Gabon,GAB,1987,58.08,GDP per capita,7044.16,Sub-Saharan Africa
Greece,GRC,1987,98.78,GDP per capita,14541.86,Europe & Central Asia
Guinea,GIN,1987,57.94,GDP per capita,518.46,Sub-Saharan Africa
Hungary,HUN,1987,99.54,GDP per capita,8699.83,Europe & Central Asia
India,IND,1987,89.83,GDP per capita,469.21,South Asia
Indonesia,IDN,1987,56.26,GDP per capita,1276.13,East Asia & Pacific
"Iran, Islamic Rep.",IRN,1987,84.79,GDP per capita,3115.62,Middle East & North Africa
Iraq,IRQ,1987,70.86,GDP per capita,2455.0,Middle East & North Africa
Italy,ITA,1987,97.6,GDP per capita,25196.99,Europe & Central Asia
Jordan,JOR,1987,97.85,GDP per capita,4213.35,Middle East & North Africa
"Korea, Rep.",KOR,1987,98.94,GDP per capita,7535.13,East Asia & Pacific
Malawi,MWI,1987,80.31,GDP per capita,368.46,Sub-Saharan Africa
Mali,MLI,1987,68.01,GDP per capita,573.57,Sub-Saharan Africa
Malta,MLT,1987,88.19,GDP per capita,8303.21,Middle East & North Africa
Mauritania,MRT,1987,45.26,GDP per capita,1486.7,Sub-Saharan Africa
Mauritius,MUS,1987,63.05,GDP per capita,3298.44,Sub-Saharan Africa
Mexico,MEX,1987,81.36,GDP per capita,7716.5,Latin America & Caribbean
Morocco,MAR,1987,75.97,GDP per capita,1507.2,Middle East & North Africa
Nicaragua,NIC,1987,93.77,GDP per capita,1572.33,Latin America & Caribbean
Oman,OMN,1987,94.24,GDP per capita,16524.18,Middle East & North Africa
Panama,PAN,1987,87.11,GDP per capita,5416.49,Latin America & Caribbean
Qatar,QAT,1987,99.17,GDP per capita,38241.76,Middle East & North Africa
Rwanda,RWA,1987,87.76,GDP per capita,394.65,Sub-Saharan Africa
Senegal,SEN,1987,43.06,GDP per capita,1055.32,Sub-Saharan Africa
Seychelles,SYC,1987,99.03,GDP per capita,7137.56,Sub-Saharan Africa
Spain,ESP,1987,98.93,GDP per capita,16850.09,Europe & Central Asia
Syrian Arab Republic,SYR,1987,78.01,GDP per capita,973.62,Middle East & North Africa
Togo,TGO,1987,76.23,GDP per capita,694.91,Sub-Saharan Africa
Trinidad and Tobago,TTO,1987,83.82,GDP per capita,6442.89,Latin America & Caribbean
Tunisia,TUN,1987,54.65,GDP per capita,2055.74,Middle East & North Africa
Turkiye,TUR,1987,49.28,GDP per capita,4904.82,Europe & Central Asia
United Arab Emirates,ARE,1987,98.79,GDP per capita,61928.09,Middle East & North Africa
"Venezuela, RB",VEN,1987,90.35,GDP per capita,4154.27,Latin America & Caribbean
Algeria,DZA,1988,90.79,GDP per capita,3606.27,Middle East & North Africa
Botswana,BWA,1988,61.74,GDP per capita,3536.42,Sub-Saharan Africa
Bulgaria,BGR,1988,99.28,GDP per capita,4887.59,Europe & Central Asia
Burkina Faso,BFA,1988,58.66,GDP per capita,344.9,Sub-Saharan Africa
Burundi,BDI,1988,17.47,GDP per capita,370.53,Sub-Saharan Africa
Central African Republic,CAF,1988,53.55,GDP per capita,551.21,Sub-Saharan Africa
Chad,TCD,1988,75.1,GDP per capita,637.74,Sub-Saharan Africa
Colombia,COL,1988,63.41,GDP per capita,3588.97,Latin America & Caribbean
"Congo, Rep.",COG,1988,81.63,GDP per capita,2415.94,Sub-Saharan Africa
Costa Rica,CRI,1988,63.18,GDP per capita,5802.83,Latin America & Caribbean
Cote d'Ivoire,CIV,1988,52.07,GDP per capita,1981.39,Sub-Saharan Africa
Cuba,CUB,1988,97.28,GDP per capita,5174.62,Latin America & Caribbean
El Salvador,SLV,1988,84.84,GDP per capita,2305.62,Latin America & Caribbean
Eswatini,SWZ,1988,88.1,GDP per capita,1618.92,Sub-Saharan Africa
Finland,FIN,1988,99.26,GDP per capita,29811.95,Europe & Central Asia
France,FRA,1988,97.71,GDP per capita,26374.12,Europe & Central Asia
Greece,GRC,1988,99.09,GDP per capita,15110.41,Europe & Central Asia
Guinea,GIN,1988,74.13,GDP per capita,536.94,Sub-Saharan Africa
Hungary,HUN,1988,99.87,GDP per capita,8707.48,Europe & Central Asia
"Iran, Islamic Rep.",IRN,1988,86.44,GDP per capita,2833.19,Middle East & North Africa
Iraq,IRQ,1988,71.43,GDP per capita,2398.24,Middle East & North Africa
Italy,ITA,1988,98.21,GDP per capita,26241.16,Europe & Central Asia
Jordan,JOR,1988,94.07,GDP per capita,4080.29,Middle East & North Africa
Kiribati,KIR,1988,27.84,GDP per capita,1675.64,East Asia & Pacific
Madagascar,MDG,1988,59.85,GDP per capita,532.03,Sub-Saharan Africa
Malawi,MWI,1988,89.35,GDP per capita,360.18,Sub-Saharan Africa
Malta,MLT,1988,98.8,GDP per capita,8928.26,Middle East & North Africa
Mauritania,MRT,1988,38.89,GDP per capita,1469.21,Sub-Saharan Africa
Mauritius,MUS,1988,71.03,GDP per capita,3498.28,Sub-Saharan Africa
Mexico,MEX,1988,81.59,GDP per capita,7657.73,Latin America & Caribbean
Morocco,MAR,1988,75.0,GDP per capita,1654.01,Middle East & North Africa
Nicaragua,NIC,1988,97.59,GDP per capita,1345.34,Latin America & Caribbean
Niger,NER,1988,49.71,GDP per capita,497.16,Sub-Saharan Africa
Oman,OMN,1988,95.35,GDP per capita,16544.44,Middle East & North Africa
Qatar,QAT,1988,92.9,GDP per capita,39095.56,Middle East & North Africa
Rwanda,RWA,1988,86.57,GDP per capita,399.47,Sub-Saharan Africa
Senegal,SEN,1988,61.01,GDP per capita,1016.83,Sub-Saharan Africa
Seychelles,SYC,1988,99.1,GDP per capita,7489.74,Sub-Saharan Africa
Spain,ESP,1988,97.25,GDP per capita,17670.97,Europe & Central Asia
Sri Lanka,LKA,1988,96.03,GDP per capita,1297.46,South Asia
Syrian Arab Republic,SYR,1988,76.14,GDP per capita,1110.62,Middle East & North Africa
Togo,TGO,1988,62.44,GDP per capita,719.0,Sub-Saharan Africa
Turkiye,TUR,1988,49.38,GDP per capita,4919.42,Europe & Central Asia
United Arab Emirates,ARE,1988,99.49,GDP per capita,56449.89,Middle East & North Africa
"Venezuela, RB",VEN,1988,93.13,GDP per capita,4313.11,Latin America & Caribbean
Algeria,DZA,1989,91.0,GDP per capita,3666.85,Middle East & North Africa
Benin,BEN,1989,34.52,GDP per capita,709.19,Sub-Saharan Africa
Botswana,BWA,1989,73.23,GDP per capita,3888.73,Sub-Saharan Africa
Bulgaria,BGR,1989,93.54,GDP per capita,4782.42,Europe & Central Asia
Burkina Faso,BFA,1989,59.56,GDP per capita,343.09,Sub-Saharan Africa
Burundi,BDI,1989,11.12,GDP per capita,368.23,Sub-Saharan Africa
Cabo Verde,CPV,1989,55.86,GDP per capita,846.57,Sub-Saharan Africa
Central African Republic,CAF,1989,49.88,GDP per capita,547.97,Sub-Saharan Africa
Chad,TCD,1989,82.03,GDP per capita,646.59,Sub-Saharan Africa
China,CHN,1989,63.73,GDP per capita,895.53,East Asia & Pacific
Costa Rica,CRI,1989,64.74,GDP per capita,5979.07,Latin America & Caribbean
Cote d'Ivoire,CIV,1989,53.26,GDP per capita,1962.42,Sub-Saharan Africa
Cuba,CUB,1989,98.21,GDP per capita,5160.03,Latin America & Caribbean
Cyprus,CYP,1989,99.63,GDP per capita,16306.33,Europe & Central Asia
Eswatini,SWZ,1989,85.0,GDP per capita,1745.03,Sub-Saharan Africa
Finland,FIN,1989,98.86,GDP per capita,31214.68,Europe & Central Asia
France,FRA,1989,97.88,GDP per capita,27372.05,Europe & Central Asia
Guinea,GIN,1989,65.08,GDP per capita,544.13,Sub-Saharan Africa
Hungary,HUN,1989,99.76,GDP per capita,8867.65,Europe & Central Asia
"Iran, Islamic Rep.",IRN,1989,86.34,GDP per capita,2920.37,Middle East & North Africa
Italy,ITA,1989,97.56,GDP per capita,27109.97,Europe & Central Asia
Jamaica,JAM,1989,97.93,GDP per capita,4616.03,Latin America & Caribbean
Kiribati,KIR,1989,32.88,GDP per capita,1516.92,East Asia & Pacific
Madagascar,MDG,1989,62.97,GDP per capita,537.84,Sub-Saharan Africa
Malawi,MWI,1989,90.7,GDP per capita,348.2,Sub-Saharan Africa
Malta,MLT,1989,94.04,GDP per capita,9564.96,Middle East & North Africa
Mauritius,MUS,1989,66.7,GDP per capita,3626.6,Sub-Saharan Africa
Mexico,MEX,1989,80.62,GDP per capita,7783.81,Latin America & Caribbean
Morocco,MAR,1989,83.98,GDP per capita,1669.73,Middle East & North Africa
Mozambique,MOZ,1989,53.82,GDP per capita,222.04,Sub-Saharan Africa
Niger,NER,1989,42.94,GDP per capita,486.87,Sub-Saharan Africa
Oman,OMN,1989,96.82,GDP per capita,17522.62,Middle East & North Africa
Philippines,PHL,1989,93.99,GDP per capita,1696.0,East Asia & Pacific
Qatar,QAT,1989,94.7,GDP per capita,40124.98,Middle East & North Africa
Rwanda,RWA,1989,83.28,GDP per capita,387.28,Sub-Saharan Africa
Senegal,SEN,1989,38.83,GDP per capita,1027.28,Sub-Saharan Africa
Spain,ESP,1989,99.76,GDP per capita,18494.94,Europe & Central Asia
Sri Lanka,LKA,1989,96.35,GDP per capita,1313.41,South Asia
Syrian Arab Republic,SYR,1989,74.83,GDP per capita,927.81,Middle East & North Africa
Togo,TGO,1989,78.62,GDP per capita,726.29,Sub-Saharan Africa
Tunisia,TUN,1989,69.26,GDP per capita,2000.29,Middle East & North Africa
Turkiye,TUR,1989,48.43,GDP per capita,4837.93,Europe & Central Asia
United Arab Emirates,ARE,1989,98.8,GDP per capita,59585.93,Middle East & North Africa
"Venezuela, RB",VEN,1989,92.74,GDP per capita,3621.03,Latin America & Caribbean
Algeria,DZA,1990,90.0,GDP per capita,3605.69,Middle East & North Africa
Bahrain,BHR,1990,97.58,GDP per capita,18345.84,Middle East & North Africa
Botswana,BWA,1990,89.7,GDP per capita,4039.47,Sub-Saharan Africa
Bulgaria,BGR,1990,98.31,GDP per capita,4425.5,Europe & Central Asia
Burkina Faso,BFA,1990,56.43,GDP per capita,332.15,Sub-Saharan Africa
Cameroon,CMR,1990,45.09,GDP per capita,1360.48,Sub-Saharan Africa
Central African Republic,CAF,1990,56.13,GDP per capita,519.79,Sub-Saharan Africa
Chad,TCD,1990,65.14,GDP per capita,602.67,Sub-Saharan Africa
China,CHN,1990,69.39,GDP per capita,917.27,East Asia & Pacific
Costa Rica,CRI,1990,64.19,GDP per capita,6037.05,Latin America & Caribbean
Cote d'Ivoire,CIV,1990,51.0,GDP per capita,1866.08,Sub-Saharan Africa
Cuba,CUB,1990,97.62,GDP per capita,4961.46,Latin America & Caribbean
Eswatini,SWZ,1990,85.67,GDP per capita,2027.97,Sub-Saharan Africa
Finland,FIN,1990,99.12,GDP per capita,31291.52,Europe & Central Asia
France,FRA,1990,97.85,GDP per capita,27992.98,Europe & Central Asia
Guinea,GIN,1990,67.69,GDP per capita,548.37,Sub-Saharan Africa
"Hong Kong SAR, China",HKG,1990,98.43,GDP per capita,21357.26,East Asia & Pacific
Hungary,HUN,1990,100.0,GDP per capita,8646.45,Europe & Central Asia
"Iran, Islamic Rep.",IRN,1990,87.75,GDP per capita,3222.2,Middle East & North Africa
Italy,ITA,1990,98.12,GDP per capita,27625.18,Europe & Central Asia
Kiribati,KIR,1990,34.48,GDP per capita,1387.65,East Asia & Pacific
Madagascar,MDG,1990,63.67,GDP per capita,538.54,Sub-Saharan Africa
Malawi,MWI,1990,91.02,GDP per capita,353.77,Sub-Saharan Africa
Malta,MLT,1990,96.13,GDP per capita,10067.75,Middle East & North Africa
Mauritania,MRT,1990,45.24,GDP per capita,1437.75,Sub-Saharan Africa
Mauritius,MUS,1990,74.78,GDP per capita,3859.64,Sub-Saharan Africa
Mexico,MEX,1990,80.72,GDP per capita,8036.86,Latin America & Caribbean
Morocco,MAR,1990,67.61,GDP per capita,1695.64,Middle East & North Africa
Niger,NER,1990,68.41,GDP per capita,465.92,Sub-Saharan Africa
Poland,POL,1990,97.9,GDP per capita,5111.35,Europe & Central Asia
Qatar,QAT,1990,98.83,GDP per capita,40125.4,Middle East & North Africa
Rwanda,RWA,1990,82.75,GDP per capita,368.22,Sub-Saharan Africa
South Africa,ZAF,1990,98.77,GDP per capita,4544.23,Sub-Saharan Africa
Sri Lanka,LKA,1990,97.5,GDP per capita,1388.59,South Asia
Syrian Arab Republic,SYR,1990,72.94,GDP per capita,931.89,Middle East & North Africa
Togo,TGO,1990,71.47,GDP per capita,703.62,Sub-Saharan Africa
Tunisia,TUN,1990,69.66,GDP per capita,2114.47,Middle East & North Africa
Turkiye,TUR,1990,51.38,GDP per capita,5188.18,Europe & Central Asia
Ukraine,UKR,1990,89.23,GDP per capita,3102.31,Europe & Central Asia
United Arab Emirates,ARE,1990,98.27,GDP per capita,66481.61,Middle East & North Africa
"Venezuela, RB",VEN,1990,94.22,GDP per capita,3762.28,Latin America & Caribbean
Algeria,DZA,1991,90.91,GDP per capita,3478.51,Middle East & North Africa
Bahrain,BHR,1991,99.08,GDP per capita,20882.51,Middle East & North Africa
Belarus,BLR,1991,100.0,GDP per capita,2852.83,Europe & Central Asia
Belize,BLZ,1991,92.71,GDP per capita,4499.58,Latin America & Caribbean
Botswana,BWA,1991,82.4,GDP per capita,4224.1,Sub-Saharan Africa
Brazil,BRA,1991,100.0,GDP per capita,6107.65,Latin America & Caribbean
Brunei Darussalam,BRN,1991,90.59,GDP per capita,44201.14,East Asia & Pacific
Bulgaria,BGR,1991,98.27,GDP per capita,4092.08,Europe & Central Asia
Burkina Faso,BFA,1991,53.33,GDP per capita,353.21,Sub-Saharan Africa
Burundi,BDI,1991,15.63,GDP per capita,383.87,Sub-Saharan Africa
China,CHN,1991,71.81,GDP per capita,989.55,East Asia & Pacific
"Congo, Dem. Rep.",COD,1991,31.2,GDP per capita,736.69,Sub-Saharan Africa
Costa Rica,CRI,1991,66.77,GDP per capita,6018.68,Latin America & Caribbean
Cote d'Ivoire,CIV,1991,62.54,GDP per capita,1794.12,Sub-Saharan Africa
Cuba,CUB,1991,96.47,GDP per capita,4395.45,Latin America & Caribbean
El Salvador,SLV,1991,87.14,GDP per capita,2341.93,Latin America & Caribbean
Eswatini,SWZ,1991,97.61,GDP per capita,1982.42,Sub-Saharan Africa
Finland,FIN,1991,98.5,GDP per capita,29290.98,Europe & Central Asia
France,FRA,1991,97.73,GDP per capita,28197.24,Europe & Central Asia
Greece,GRC,1991,98.63,GDP per capita,15727.47,Europe & Central Asia
Guinea,GIN,1991,80.32,GDP per capita,540.62,Sub-Saharan Africa
Guyana,GUY,1991,95.55,GDP per capita,2528.08,Latin America & Caribbean
"Hong Kong SAR, China",HKG,1991,98.73,GDP per capita,22388.62,East Asia & Pacific
Hungary,HUN,1991,99.96,GDP per capita,7618.64,Europe & Central Asia
Italy,ITA,1991,99.69,GDP per capita,28030.77,Europe & Central Asia
Jordan,JOR,1991,97.9,GDP per capita,3010.14,Middle East & North Africa
Kiribati,KIR,1991,34.98,GDP per capita,1283.35,East Asia & Pacific
Malawi,MWI,1991,88.77,GDP per capita,373.0,Sub-Saharan Africa
Malta,MLT,1991,99.94,GDP per capita,10413.18,Middle East & North Africa
Mauritania,MRT,1991,49.62,GDP per capita,1421.33,Sub-Saharan Africa
Mauritius,MUS,1991,67.32,GDP per capita,3987.56,Sub-Saharan Africa
Mexico,MEX,1991,80.99,GDP per capita,8197.01,Latin America & Caribbean
Morocco,MAR,1991,97.83,GDP per capita,1786.76,Middle East & North Africa
Mozambique,MOZ,1991,48.99,GDP per capita,227.46,Sub-Saharan Africa
Namibia,NAM,1991,89.85,GDP per capita,2989.4,Sub-Saharan Africa
Nepal,NPL,1991,88.88,GDP per capita,438.16,South Asia
Niger,NER,1991,44.65,GDP per capita,449.72,Sub-Saharan Africa
Oman,OMN,1991,97.7,GDP per capita,16805.72,Middle East & North Africa
Poland,POL,1991,98.33,GDP per capita,4735.93,Europe & Central Asia
Qatar,QAT,1991,93.51,GDP per capita,38185.11,Middle East & North Africa
Rwanda,RWA,1991,85.24,GDP per capita,351.73,Sub-Saharan Africa
Senegal,SEN,1991,39.32,GDP per capita,988.63,Sub-Saharan Africa
Seychelles,SYC,1991,99.07,GDP per capita,8902.84,Sub-Saharan Africa
Sri Lanka,LKA,1991,96.52,GDP per capita,1441.63,South Asia
Syrian Arab Republic,SYR,1991,72.0,GDP per capita,972.29,Middle East & North Africa
Togo,TGO,1991,66.51,GDP per capita,678.87,Sub-Saharan Africa
Tunisia,TUN,1991,72.29,GDP per capita,2151.21,Middle East & North Africa
Turkiye,TUR,1991,55.19,GDP per capita,5134.42,Europe & Central Asia
Ukraine,UKR,1991,89.98,GDP per capita,2826.06,Europe & Central Asia
United Arab Emirates,ARE,1991,94.02,GDP per capita,63430.92,Middle East & North Africa
"Venezuela, RB",VEN,1991,94.11,GDP per capita,4031.18,Latin America & Caribbean
Algeria,DZA,1992,91.14,GDP per capita,3455.93,Middle East & North Africa
Azerbaijan,AZE,1992,95.86,GDP per capita,2141.34,Europe & Central Asia
Bahrain,BHR,1992,99.34,GDP per capita,21701.22,Middle East & North Africa
Belarus,BLR,1992,100.0,GDP per capita,2573.3,Europe & Central Asia
Botswana,BWA,1992,88.37,GDP per capita,4226.74,Sub-Saharan Africa
Brazil,BRA,1992,99.08,GDP per capita,5973.98,Latin America & Caribbean
Brunei Darussalam,BRN,1992,95.65,GDP per capita,41672.37,East Asia & Pacific
Bulgaria,BGR,1992,96.68,GDP per capita,3835.45,Europe & Central Asia
Burkina Faso,BFA,1992,41.74,GDP per capita,345.4,Sub-Saharan Africa
Burundi,BDI,1992,17.18,GDP per capita,377.52,Sub-Saharan Africa
China,CHN,1992,76.84,GDP per capita,1117.27,East Asia & Pacific
Comoros,COM,1992,42.16,GDP per capita,1207.29,Sub-Saharan Africa
"Congo, Dem. Rep.",COD,1992,36.13,GDP per capita,637.44,Sub-Saharan Africa
"Congo, Rep.",COG,1992,71.75,GDP per capita,2346.68,Sub-Saharan Africa
Costa Rica,CRI,1992,67.09,GDP per capita,6408.21,Latin America & Caribbean
Cote d'Ivoire,CIV,1992,56.61,GDP per capita,1719.71,Sub-Saharan Africa
Cuba,CUB,1992,96.68,GDP per capita,3861.87,Latin America & Caribbean
Cyprus,CYP,1992,99.9,GDP per capita,17928.54,Europe & Central Asia
El Salvador,SLV,1992,88.79,GDP per capita,2465.76,Latin America & Caribbean
Eswatini,SWZ,1992,91.43,GDP per capita,1969.96,Sub-Saharan Africa
Finland,FIN,1992,99.41,GDP per capita,28162.35,Europe & Central Asia
Guinea,GIN,1992,78.68,GDP per capita,540.77,Sub-Saharan Africa
Guyana,GUY,1992,93.24,GDP per capita,2716.76,Latin America & Caribbean
"Hong Kong SAR, China",HKG,1992,98.86,GDP per capita,23585.67,East Asia & Pacific
Hungary,HUN,1992,100.0,GDP per capita,7388.08,Europe & Central Asia
"Iran, Islamic Rep.",IRN,1992,90.68,GDP per capita,3579.73,Middle East & North Africa
Jordan,JOR,1992,98.67,GDP per capita,3264.84,Middle East & North Africa
Lao PDR,LAO,1992,78.25,GDP per capita,660.63,East Asia & Pacific
"Macao SAR, China",MAC,1992,90.68,GDP per capita,33280.85,East Asia & Pacific
Malawi,MWI,1992,83.86,GDP per capita,335.73,Sub-Saharan Africa
Malta,MLT,1992,99.04,GDP per capita,10789.77,Middle East & North Africa
Mauritania,MRT,1992,50.96,GDP per capita,1393.6,Sub-Saharan Africa
Mauritius,MUS,1992,71.97,GDP per capita,4191.74,Sub-Saharan Africa
Mexico,MEX,1992,82.12,GDP per capita,8330.26,Latin America & Caribbean
Morocco,MAR,1992,91.97,GDP per capita,1720.42,Middle East & North Africa
Mozambique,MOZ,1992,48.76,GDP per capita,206.19,Sub-Saharan Africa
Poland,POL,1992,100.0,GDP per capita,4840.17,Europe & Central Asia
Qatar,QAT,1992,98.58,GDP per capita,41171.67,Middle East & North Africa
Romania,ROU,1992,98.23,GDP per capita,4059.1,Europe & Central Asia
Seychelles,SYC,1992,96.8,GDP per capita,9497.76,Sub-Saharan Africa
Slovak Republic,SVK,1992,96.89,GDP per capita,6843.3,Europe & Central Asia
Spain,ESP,1992,99.78,GDP per capita,19698.51,Europe & Central Asia
Syrian Arab Republic,SYR,1992,67.96,GDP per capita,1065.2,Middle East & North Africa
Trinidad and Tobago,TTO,1992,74.05,GDP per capita,6771.98,Latin America & Caribbean
Tunisia,TUN,1992,80.79,GDP per capita,2270.86,Middle East & North Africa
Ukraine,UKR,1992,99.58,GDP per capita,2538.85,Europe & Central Asia
United Arab Emirates,ARE,1992,96.95,GDP per capita,62201.62,Middle East & North Africa
"Venezuela, RB",VEN,1992,92.28,GDP per capita,4177.54,Latin America & Caribbean
Algeria,DZA,1993,90.13,GDP per capita,3302.92,Middle East & North Africa
Azerbaijan,AZE,1993,96.79,GDP per capita,1621.92,Europe & Central Asia
Belarus,BLR,1993,99.52,GDP per capita,2372.49,Europe & Central Asia
Bhutan,BTN,1993,89.52,GDP per capita,917.29,South Asia
Botswana,BWA,1993,86.45,GDP per capita,4186.15,Sub-Saharan Africa
Brazil,BRA,1993,95.71,GDP per capita,6167.46,Latin America & Caribbean
Brunei Darussalam,BRN,1993,96.58,GDP per capita,40342.05,East Asia & Pacific
Bulgaria,BGR,1993,95.31,GDP per capita,3808.94,Europe & Central Asia
Burkina Faso,BFA,1993,42.23,GDP per capita,348.58,Sub-Saharan Africa
China,CHN,1993,75.36,GDP per capita,1258.35,East Asia & Pacific
"Congo, Dem. Rep.",COD,1993,31.19,GDP per capita,532.21,Sub-Saharan Africa
"Congo, Rep.",COG,1993,69.91,GDP per capita,2255.94,Sub-Saharan Africa
Costa Rica,CRI,1993,67.9,GDP per capita,6693.49,Latin America & Caribbean
Cote d'Ivoire,CIV,1993,66.68,GDP per capita,1649.47,Sub-Saharan Africa
Croatia,HRV,1993,100.0,GDP per capita,6490.83,Europe & Central Asia
Cuba,CUB,1993,95.38,GDP per capita,3270.55,Latin America & Caribbean
Cyprus,CYP,1993,99.22,GDP per capita,17623.29,Europe & Central Asia
Czechia,CZE,1993,100.0,GDP per capita,10475.08,Europe & Central Asia
Dominican Republic,DOM,1993,84.77,GDP per capita,3147.67,Latin America & Caribbean
Ecuador,ECU,1993,60.7,GDP per capita,3996.99,Latin America & Caribbean
Eritrea,ERI,1993,96.63,GDP per capita,705.99,Sub-Saharan Africa
Eswatini,SWZ,1993,89.7,GDP per capita,1972.8,Sub-Saharan Africa
Ethiopia,ETH,1993,89.46,GDP per capita,227.17,Sub-Saharan Africa
Finland,FIN,1993,99.27,GDP per capita,27807.86,Europe & Central Asia
Germany,DEU,1993,99.97,GDP per capita,30932.02,Europe & Central Asia
Guinea,GIN,1993,76.38,GDP per capita,551.01,Sub-Saharan Africa
"Hong Kong SAR, China",HKG,1993,99.18,GDP per capita,24621.65,East Asia & Pacific
"Iran, Islamic Rep.",IRN,1993,91.72,GDP per capita,3514.52,Middle East & North Africa
Jordan,JOR,1993,98.92,GDP per capita,3238.48,Middle East & North Africa
Lao PDR,LAO,1993,80.61,GDP per capita,680.96,East Asia & Pacific
Madagascar,MDG,1993,55.45,GDP per capita,476.16,Sub-Saharan Africa
Malawi,MWI,1993,81.61,GDP per capita,362.93,Sub-Saharan Africa
Malta,MLT,1993,94.73,GDP per capita,11161.2,Middle East & North Africa
Mauritania,MRT,1993,50.6,GDP per capita,1416.97,Sub-Saharan Africa
Mauritius,MUS,1993,69.95,GDP per capita,4352.86,Sub-Saharan Africa
Mexico,MEX,1993,84.03,GDP per capita,8411.8,Latin America & Caribbean
Morocco,MAR,1993,92.29,GDP per capita,1680.71,Middle East & North Africa
Mozambique,MOZ,1993,50.63,GDP per capita,221.62,Sub-Saharan Africa
Namibia,NAM,1993,91.76,GDP per capita,2959.28,Sub-Saharan Africa
North Macedonia,MKD,1993,97.38,GDP per capita,2948.27,Europe & Central Asia
Oman,OMN,1993,97.66,GDP per capita,17694.16,Middle East & North Africa
Poland,POL,1993,99.2,GDP per capita,5008.35,Europe & Central Asia
Qatar,QAT,1993,99.06,GDP per capita,39377.83,Middle East & North Africa
Seychelles,SYC,1993,95.89,GDP per capita,9981.24,Sub-Saharan Africa
Slovak Republic,SVK,1993,99.84,GDP per capita,6946.85,Europe & Central Asia
Slovenia,SVN,1993,99.9,GDP per capita,12098.34,Europe & Central Asia
Spain,ESP,1993,99.04,GDP per capita,19394.49,Europe & Central Asia
Syrian Arab Republic,SYR,1993,68.91,GDP per capita,1097.11,Middle East & North Africa
Tunisia,TUN,1993,80.43,GDP per capita,2274.64,Middle East & North Africa
Ukraine,UKR,1993,98.81,GDP per capita,2177.23,Europe & Central Asia
United Arab Emirates,ARE,1993,99.49,GDP per capita,59942.86,Middle East & North Africa
Vanuatu,VUT,1993,38.08,GDP per capita,2610.16,East Asia & Pacific
Algeria,DZA,1994,90.01,GDP per capita,3201.57,Middle East & North Africa
Belarus,BLR,1994,98.11,GDP per capita,2097.38,Europe & Central Asia
Belize,BLZ,1994,94.23,GDP per capita,5056.95,Latin America & Caribbean
Botswana,BWA,1994,92.87,GDP per capita,4219.44,Sub-Saharan Africa
Bulgaria,BGR,1994,98.6,GDP per capita,3891.38,Europe & Central Asia
Chad,TCD,1994,67.7,GDP per capita,578.42,Sub-Saharan Africa
China,CHN,1994,79.79,GDP per capita,1406.86,East Asia & Pacific
Costa Rica,CRI,1994,68.73,GDP per capita,6826.32,Latin America & Caribbean
Cote d'Ivoire,CIV,1994,65.04,GDP per capita,1598.69,Sub-Saharan Africa
Croatia,HRV,1994,99.59,GDP per capita,6795.71,Europe & Central Asia
Cuba,CUB,1994,95.49,GDP per capita,3280.38,Latin America & Caribbean
Cyprus,CYP,1994,99.66,GDP per capita,18281.02,Europe & Central Asia
Czechia,CZE,1994,100.0,GDP per capita,10775.94,Europe & Central Asia
Eritrea,ERI,1994,92.74,GDP per capita,829.92,Sub-Saharan Africa
Eswatini,SWZ,1994,87.61,GDP per capita,2020.38,Sub-Saharan Africa
Ethiopia,ETH,1994,88.98,GDP per capita,226.4,Sub-Saharan Africa
Germany,DEU,1994,99.99,GDP per capita,31625.39,Europe & Central Asia
"Hong Kong SAR, China",HKG,1994,99.28,GDP per capita,25526.44,East Asia & Pacific
Indonesia,IDN,1994,68.36,GDP per capita,1790.33,East Asia & Pacific
Italy,ITA,1994,97.61,GDP per capita,28583.63,Europe & Central Asia
"Korea, Rep.",KOR,1994,99.4,GDP per capita,12817.24,East Asia & Pacific
Kuwait,KWT,1994,99.72,GDP per capita,31946.49,Middle East & North Africa
Malta,MLT,1994,99.96,GDP per capita,11682.16,Middle East & North Africa
Mauritania,MRT,1994,53.73,GDP per capita,1327.72,Sub-Saharan Africa
Mauritius,MUS,1994,74.01,GDP per capita,4469.87,Sub-Saharan Africa
Mexico,MEX,1994,85.95,GDP per capita,8623.48,Latin America & Caribbean
Moldova,MDA,1994,98.05,GDP per capita,1526.43,Europe & Central Asia
Morocco,MAR,1994,91.27,GDP per capita,1830.88,Middle East & North Africa
Mozambique,MOZ,1994,54.03,GDP per capita,220.48,Sub-Saharan Africa
Namibia,NAM,1994,89.18,GDP per capita,2918.38,Sub-Saharan Africa
Nicaragua,NIC,1994,97.8,GDP per capita,1189.84,Latin America & Caribbean
North Macedonia,MKD,1994,98.25,GDP per capita,2917.06,Europe & Central Asia
Oman,OMN,1994,99.23,GDP per capita,17848.82,Middle East & North Africa
Poland,POL,1994,96.28,GDP per capita,5262.32,Europe & Central Asia
Qatar,QAT,1994,99.87,GDP per capita,38743.97,Middle East & North Africa
Samoa,WSM,1994,98.39,GDP per capita,2447.2,East Asia & Pacific
Slovenia,SVN,1994,100.0,GDP per capita,12757.63,Europe & Central Asia
Togo,TGO,1994,81.85,GDP per capita,620.18,Sub-Saharan Africa
Tunisia,TUN,1994,81.63,GDP per capita,2305.16,Middle East & North Africa
United Arab Emirates,ARE,1994,98.73,GDP per capita,61156.65,Middle East & North Africa
Albania,ALB,1995,99.52,GDP per capita,1558.97,Europe & Central Asia
Algeria,DZA,1995,89.64,GDP per capita,3255.19,Middle East & North Africa
Azerbaijan,AZE,1995,49.33,GDP per capita,1120.31,Europe & Central Asia
Belarus,BLR,1995,98.54,GDP per capita,1885.36,Europe & Central Asia
Belize,BLZ,1995,94.27,GDP per capita,4967.96,Latin America & Caribbean
Bulgaria,BGR,1995,99.41,GDP per capita,4022.0,Europe & Central Asia
Chad,TCD,1995,74.05,GDP per capita,560.33,Sub-Saharan Africa
China,CHN,1995,88.36,GDP per capita,1545.19,East Asia & Pacific
"Congo, Rep.",COG,1995,66.33,GDP per capita,2092.54,Sub-Saharan Africa
Costa Rica,CRI,1995,68.68,GDP per capita,6940.84,Latin America & Caribbean
Cote d'Ivoire,CIV,1995,66.76,GDP per capita,1647.09,Sub-Saharan Africa
Croatia,HRV,1995,99.79,GDP per capita,7304.71,Europe & Central Asia
Cuba,CUB,1995,97.15,GDP per capita,3348.89,Latin America & Caribbean
Cyprus,CYP,1995,99.95,GDP per capita,19453.85,Europe & Central Asia
Czechia,CZE,1995,97.79,GDP per capita,11453.38,Europe & Central Asia
El Salvador,SLV,1995,91.37,GDP per capita,2773.33,Latin America & Caribbean
Eritrea,ERI,1995,93.7,GDP per capita,806.7,Sub-Saharan Africa
Estonia,EST,1995,99.2,GDP per capita,7170.95,Europe & Central Asia
Eswatini,SWZ,1995,85.96,GDP per capita,2119.58,Sub-Saharan Africa
Ethiopia,ETH,1995,94.02,GDP per capita,232.23,Sub-Saharan Africa
Georgia,GEO,1995,98.2,GDP per capita,1029.48,Europe & Central Asia
Germany,DEU,1995,99.92,GDP per capita,32007.15,Europe & Central Asia
Guyana,GUY,1995,98.22,GDP per capita,3312.65,Latin America & Caribbean
"Hong Kong SAR, China",HKG,1995,99.24,GDP per capita,25620.02,East Asia & Pacific
Italy,ITA,1995,99.82,GDP per capita,29408.32,Europe & Central Asia
Latvia,LVA,1995,100.0,GDP per capita,4661.67,Europe & Central Asia
Lithuania,LTU,1995,100.0,GDP per capita,4924.1,Europe & Central Asia
Madagascar,MDG,1995,62.75,GDP per capita,454.54,Sub-Saharan Africa
Malawi,MWI,1995,86.66,GDP per capita,385.28,Sub-Saharan Africa
Malta,MLT,1995,99.01,GDP per capita,12336.79,Middle East & North Africa
Mauritius,MUS,1995,77.61,GDP per capita,4621.62,Sub-Saharan Africa
Mongolia,MNG,1995,95.74,GDP per capita,1499.26,East Asia & Pacific
Namibia,NAM,1995,89.98,GDP per capita,2945.36,Sub-Saharan Africa
North Macedonia,MKD,1995,98.8,GDP per capita,2876.07,Europe & Central Asia
Oman,OMN,1995,99.27,GDP per capita,18398.72,Middle East & North Africa
Poland,POL,1995,99.18,GDP per capita,5671.9,Europe & Central Asia
Qatar,QAT,1995,99.59,GDP per capita,38526.81,Middle East & North Africa
Romania,ROU,1995,100.0,GDP per capita,4572.26,Europe & Central Asia
Samoa,WSM,1995,95.92,GDP per capita,2589.41,East Asia & Pacific
Senegal,SEN,1995,44.36,GDP per capita,960.85,Sub-Saharan Africa
Slovenia,SVN,1995,99.31,GDP per capita,13278.74,Europe & Central Asia
Togo,TGO,1995,69.92,GDP per capita,640.35,Sub-Saharan Africa
Trinidad and Tobago,TTO,1995,75.28,GDP per capita,7100.85,Latin America & Caribbean
Tunisia,TUN,1995,81.7,GDP per capita,2322.59,Middle East & North Africa
West Bank and Gaza,PSE,1995,99.88,GDP per capita,2189.27,Middle East & North Africa
Algeria,DZA,1996,91.35,GDP per capita,3322.96,Middle East & North Africa
Azerbaijan,AZE,1996,96.24,GDP per capita,1123.45,Europe & Central Asia
Belarus,BLR,1996,99.71,GDP per capita,1944.69,Europe & Central Asia
Bulgaria,BGR,1996,97.67,GDP per capita,4253.23,Europe & Central Asia
Chile,CHL,1996,98.57,GDP per capita,7605.29,Latin America & Caribbean
China,CHN,1996,88.44,GDP per capita,1681.63,East Asia & Pacific
Cote d'Ivoire,CIV,1996,65.65,GDP per capita,1706.98,Sub-Saharan Africa
Croatia,HRV,1996,99.91,GDP per capita,7857.99,Europe & Central Asia
Cyprus,CYP,1996,99.25,GDP per capita,19385.29,Europe & Central Asia
Eritrea,ERI,1996,89.08,GDP per capita,838.66,Sub-Saharan Africa
Georgia,GEO,1996,98.42,GDP per capita,1187.12,Europe & Central Asia
Germany,DEU,1996,99.99,GDP per capita,32245.86,Europe & Central Asia
Guyana,GUY,1996,97.59,GDP per capita,3566.13,Latin America & Caribbean
Hungary,HUN,1996,99.43,GDP per capita,7725.7,Europe & Central Asia
Italy,ITA,1996,99.63,GDP per capita,29795.66,Europe & Central Asia
Kazakhstan,KAZ,1996,99.96,GDP per capita,3583.37,Europe & Central Asia
Kuwait,KWT,1996,97.18,GDP per capita,32417.96,Middle East & North Africa
Lao PDR,LAO,1996,74.74,GDP per capita,782.68,East Asia & Pacific
Latvia,LVA,1996,99.57,GDP per capita,4822.9,Europe & Central Asia
Lithuania,LTU,1996,99.59,GDP per capita,5211.1,Europe & Central Asia
Malta,MLT,1996,99.98,GDP per capita,12719.02,Middle East & North Africa
Mauritius,MUS,1996,77.56,GDP per capita,4830.21,Sub-Saharan Africa
Mexico,MEX,1996,85.51,GDP per capita,8320.65,Latin America & Caribbean
Mongolia,MNG,1996,82.64,GDP per capita,1509.33,East Asia & Pacific
Morocco,MAR,1996,87.55,GDP per capita,1886.67,Middle East & North Africa
Niger,NER,1996,47.37,GDP per capita,409.04,Sub-Saharan Africa
North Macedonia,MKD,1996,98.21,GDP per capita,2889.89,Europe & Central Asia
Oman,OMN,1996,99.07,GDP per capita,18639.2,Middle East & North Africa
Poland,POL,1996,100.0,GDP per capita,6012.96,Europe & Central Asia
Romania,ROU,1996,99.96,GDP per capita,4764.64,Europe & Central Asia
Samoa,WSM,1996,98.03,GDP per capita,2751.65,East Asia & Pacific
Senegal,SEN,1996,42.5,GDP per capita,956.59,Sub-Saharan Africa
Slovak Republic,SVK,1996,99.47,GDP per capita,8212.83,Europe & Central Asia
Trinidad and Tobago,TTO,1996,74.73,GDP per capita,7573.79,Latin America & Caribbean
Tunisia,TUN,1996,84.48,GDP per capita,2452.91,Middle East & North Africa
United Arab Emirates,ARE,1996,98.04,GDP per capita,61871.37,Middle East & North Africa
"Venezuela, RB",VEN,1996,91.21,GDP per capita,3891.58,Latin America & Caribbean
West Bank and Gaza,PSE,1996,99.79,GDP per capita,2118.82,Middle East & North Africa
Bhutan,BTN,1997,94.94,GDP per capita,1138.4,South Asia
Cote d'Ivoire,CIV,1997,61.17,GDP per capita,1801.13,Sub-Saharan Africa
Eswatini,SWZ,1997,86.64,GDP per capita,2187.7,Sub-Saharan Africa
Finland,FIN,1997,99.97,GDP per capita,32762.12,Europe & Central Asia
Hungary,HUN,1997,99.4,GDP per capita,7971.81,Europe & Central Asia
Iceland,ISL,1997,99.04,GDP per capita,38657.28,Europe & Central Asia
"Korea, Rep.",KOR,1997,99.77,GDP per capita,15682.27,East Asia & Pacific
Lesotho,LSO,1997,66.8,GDP per capita,689.81,Sub-Saharan Africa
Malta,MLT,1997,98.05,GDP per capita,13286.72,Middle East & North Africa
Mauritius,MUS,1997,78.97,GDP per capita,5041.41,Sub-Saharan Africa
Namibia,NAM,1997,91.79,GDP per capita,3004.31,Sub-Saharan Africa
Papua New Guinea,PNG,1997,67.6,GDP per capita,2310.99,East Asia & Pacific
Philippines,PHL,1997,97.24,GDP per capita,1800.26,East Asia & Pacific
Poland,POL,1997,97.37,GDP per capita,6391.13,Europe & Central Asia
Samoa,WSM,1997,94.88,GDP per capita,2746.34,East Asia & Pacific
Seychelles,SYC,1997,99.26,GDP per capita,11284.85,Sub-Saharan Africa
Slovak Republic,SVK,1997,99.47,GDP per capita,8647.39,Europe & Central Asia
Uruguay,URY,1997,75.57,GDP per capita,11138.87,Latin America & Caribbean
Vanuatu,VUT,1997,47.65,GDP per capita,2819.05,East Asia & Pacific
Algeria,DZA,1998,90.84,GDP per capita,3410.88,Middle East & North Africa
Argentina,ARG,1998,97.21,GDP per capita,11348.2,Latin America & Caribbean
Austria,AUT,1998,94.5,GDP per capita,36180.75,Europe & Central Asia
Azerbaijan,AZE,1998,97.92,GDP per capita,1282.68,Europe & Central Asia
Belarus,BLR,1998,98.71,GDP per capita,2368.78,Europe & Central Asia
Bhutan,BTN,1998,93.53,GDP per capita,1182.99,South Asia
Botswana,BWA,1998,96.26,GDP per capita,4724.94,Sub-Saharan Africa
Bulgaria,BGR,1998,98.56,GDP per capita,3839.98,Europe & Central Asia
Burkina Faso,BFA,1998,64.84,GDP per capita,415.27,Sub-Saharan Africa
Cambodia,KHM,1998,79.75,GDP per capita,499.02,East Asia & Pacific
Chad,TCD,1998,71.38,GDP per capita,577.91,Sub-Saharan Africa
Colombia,COL,1998,96.31,GDP per capita,4213.83,Latin America & Caribbean
Cote d'Ivoire,CIV,1998,62.36,GDP per capita,1808.42,Sub-Saharan Africa
Croatia,HRV,1998,99.74,GDP per capita,8577.51,Europe & Central Asia
Denmark,DNK,1998,95.97,GDP per capita,46437.19,Europe & Central Asia
Dominican Republic,DOM,1998,89.59,GDP per capita,3840.87,Latin America & Caribbean
Ecuador,ECU,1998,67.81,GDP per capita,4252.04,Latin America & Caribbean
Estonia,EST,1998,99.41,GDP per capita,9199.94,Europe & Central Asia
Eswatini,SWZ,1998,90.73,GDP per capita,2216.01,Sub-Saharan Africa
Ethiopia,ETH,1998,96.22,GDP per capita,236.06,Sub-Saharan Africa
Finland,FIN,1998,99.91,GDP per capita,34457.46,Europe & Central Asia
"Gambia, The",GMB,1998,85.48,GDP per capita,621.23,Sub-Saharan Africa
Hungary,HUN,1998,99.25,GDP per capita,8297.85,Europe & Central Asia
Iceland,ISL,1998,99.93,GDP per capita,40926.72,Europe & Central Asia
"Korea, Rep.",KOR,1998,99.9,GDP per capita,14800.51,East Asia & Pacific
Kuwait,KWT,1998,97.05,GDP per capita,32306.67,Middle East & North Africa
Lao PDR,LAO,1998,77.0,GDP per capita,836.09,East Asia & Pacific
Lebanon,LBN,1998,97.75,GDP per capita,6120.46,Middle East & North Africa
Lesotho,LSO,1998,67.24,GDP per capita,696.94,Sub-Saharan Africa
Lithuania,LTU,1998,99.96,GDP per capita,6154.17,Europe & Central Asia
Madagascar,MDG,1998,63.17,GDP per capita,453.89,Sub-Saharan Africa
Malawi,MWI,1998,87.92,GDP per capita,419.31,Sub-Saharan Africa
Malaysia,MYS,1998,99.05,GDP per capita,5857.97,East Asia & Pacific
Malta,MLT,1998,99.8,GDP per capita,13877.25,Middle East & North Africa
Mauritania,MRT,1998,54.61,GDP per capita,1383.19,Sub-Saharan Africa
Mauritius,MUS,1998,81.35,GDP per capita,5291.59,Sub-Saharan Africa
Mongolia,MNG,1998,95.04,GDP per capita,1575.68,East Asia & Pacific
Morocco,MAR,1998,84.58,GDP per capita,1931.74,Middle East & North Africa
Mozambique,MOZ,1998,50.91,GDP per capita,266.67,Sub-Saharan Africa
Namibia,NAM,1998,88.72,GDP per capita,3025.33,Sub-Saharan Africa
Niger,NER,1998,49.02,GDP per capita,427.09,Sub-Saharan Africa
North Macedonia,MKD,1998,99.36,GDP per capita,3038.14,Europe & Central Asia
Norway,NOR,1998,99.7,GDP per capita,65197.95,Europe & Central Asia
Paraguay,PRY,1998,91.13,GDP per capita,4402.11,Latin America & Caribbean
Peru,PER,1998,95.86,GDP per capita,3258.3,Latin America & Caribbean
Philippines,PHL,1998,97.24,GDP per capita,1746.53,East Asia & Pacific
Poland,POL,1998,100.0,GDP per capita,6684.11,Europe & Central Asia
Romania,ROU,1998,99.81,GDP per capita,4463.61,Europe & Central Asia
Samoa,WSM,1998,92.29,GDP per capita,2785.31,East Asia & Pacific
Senegal,SEN,1998,45.41,GDP per capita,995.98,Sub-Saharan Africa
Seychelles,SYC,1998,98.6,GDP per capita,11339.35,Sub-Saharan Africa
Slovak Republic,SVK,1998,99.96,GDP per capita,8966.22,Europe & Central Asia
Slovenia,SVN,1998,99.8,GDP per capita,14874.29,Europe & Central Asia
South Africa,ZAF,1998,99.88,GDP per capita,4494.86,Sub-Saharan Africa
Syrian Arab Republic,SYR,1998,71.7,GDP per capita,1352.13,Middle East & North Africa
Tajikistan,TJK,1998,97.12,GDP per capita,389.09,Europe & Central Asia
Tunisia,TUN,1998,88.63,GDP per capita,2639.87,Middle East & North Africa
Ukraine,UKR,1998,99.89,GDP per capita,1311.59,Europe & Central Asia
Algeria,DZA,1999,97.11,GDP per capita,3471.49,Middle East & North Africa
Argentina,ARG,1999,98.2,GDP per capita,10838.32,Latin America & Caribbean
Aruba,ABW,1999,99.7,GDP per capita,26384.81,Latin America & Caribbean
Azerbaijan,AZE,1999,97.96,GDP per capita,1365.57,Europe & Central Asia
Bahrain,BHR,1999,99.84,GDP per capita,24773.85,Middle East & North Africa
Barbados,BRB,1999,98.82,GDP per capita,20571.33,Latin America & Caribbean
Belarus,BLR,1999,99.85,GDP per capita,2460.37,Europe & Central Asia
Belize,BLZ,1999,94.45,GDP per capita,5213.57,Latin America & Caribbean
Bhutan,BTN,1999,93.35,GDP per capita,1248.62,South Asia
Botswana,BWA,1999,96.44,GDP per capita,5070.95,Sub-Saharan Africa
Burkina Faso,BFA,1999,60.54,GDP per capita,433.1,Sub-Saharan Africa
Cameroon,CMR,1999,30.91,GDP per capita,1138.36,Sub-Saharan Africa
Chad,TCD,1999,66.15,GDP per capita,554.15,Sub-Saharan Africa
Costa Rica,CRI,1999,84.76,GDP per capita,7584.42,Latin America & Caribbean
Cote d'Ivoire,CIV,1999,61.51,GDP per capita,1770.87,Sub-Saharan Africa
Croatia,HRV,1999,99.86,GDP per capita,8541.53,Europe & Central Asia
Cuba,CUB,1999,97.1,GDP per capita,3895.55,Latin America & Caribbean
Cyprus,CYP,1999,99.82,GDP per capita,21349.75,Europe & Central Asia
Czechia,CZE,1999,99.95,GDP per capita,12026.47,Europe & Central Asia
Denmark,DNK,1999,99.94,GDP per capita,47657.17,Europe & Central Asia
Dominica,DMA,1999,97.97,GDP per capita,6687.24,Latin America & Caribbean
Dominican Republic,DOM,1999,91.23,GDP per capita,4004.2,Latin America & Caribbean
Ecuador,ECU,1999,68.71,GDP per capita,3979.19,Latin America & Caribbean
"Egypt, Arab Rep.",EGY,1999,93.09,GDP per capita,2361.86,Middle East & North Africa
Eritrea,ERI,1999,98.18,GDP per capita,886.05,Sub-Saharan Africa
Estonia,EST,1999,99.68,GDP per capita,9133.9,Europe & Central Asia
Eswatini,SWZ,1999,84.16,GDP per capita,2256.77,Sub-Saharan Africa
Fiji,FJI,1999,99.64,GDP per capita,4073.38,East Asia & Pacific
Finland,FIN,1999,99.77,GDP per capita,35886.49,Europe & Central Asia
"Gambia, The",GMB,1999,68.69,GDP per capita,642.87,Sub-Saharan Africa
Georgia,GEO,1999,98.56,GDP per capita,1503.46,Europe & Central Asia
Germany,DEU,1999,99.87,GDP per capita,34168.83,Europe & Central Asia
Ghana,GHA,1999,96.87,GDP per capita,1010.88,Sub-Saharan Africa
Guatemala,GTM,1999,95.83,GDP per capita,3129.12,Latin America & Caribbean
Guinea,GIN,1999,77.71,GDP per capita,611.01,Sub-Saharan Africa
Guyana,GUY,1999,69.0,GDP per capita,3813.33,Latin America & Caribbean
Hungary,HUN,1999,99.37,GDP per capita,8578.2,Europe & Central Asia
Iceland,ISL,1999,99.75,GDP per capita,42010.94,Europe & Central Asia
India,IND,1999,92.59,GDP per capita,742.54,South Asia
Iraq,IRQ,1999,77.28,GDP per capita,3691.74,Middle East & North Africa
Italy,ITA,1999,96.7,GDP per capita,31405.26,Europe & Central Asia
Jordan,JOR,1999,98.52,GDP per capita,3341.66,Middle East & North Africa
"Korea, Rep.",KOR,1999,99.62,GDP per capita,16402.92,East Asia & Pacific
Kuwait,KWT,1999,99.05,GDP per capita,30798.09,Middle East & North Africa
Lao PDR,LAO,1999,76.24,GDP per capita,881.63,East Asia & Pacific
Latvia,LVA,1999,99.32,GDP per capita,5929.27,Europe & Central Asia
Lebanon,LBN,1999,93.31,GDP per capita,5982.42,Middle East & North Africa
Lesotho,LSO,1999,64.2,GDP per capita,698.44,Sub-Saharan Africa
Lithuania,LTU,1999,99.83,GDP per capita,6130.0,Europe & Central Asia
"Macao SAR, China",MAC,1999,92.37,GDP per capita,30270.81,East Asia & Pacific
Madagascar,MDG,1999,66.05,GDP per capita,460.03,Sub-Saharan Africa
Malawi,MWI,1999,83.91,GDP per capita,422.1,Sub-Saharan Africa
Malaysia,MYS,1999,99.18,GDP per capita,6070.96,East Asia & Pacific
Mali,MLI,1999,76.43,GDP per capita,707.88,Sub-Saharan Africa
Malta,MLT,1999,97.97,GDP per capita,14446.36,Middle East & North Africa
Mauritius,MUS,1999,78.0,GDP per capita,5361.16,Sub-Saharan Africa
Mexico,MEX,1999,90.08,GDP per capita,9264.98,Latin America & Caribbean
Moldova,MDA,1999,99.85,GDP per capita,1316.43,Europe & Central Asia
Mongolia,MNG,1999,94.92,GDP per capita,1601.31,East Asia & Pacific
Morocco,MAR,1999,87.55,GDP per capita,1935.48,Middle East & North Africa
Mozambique,MOZ,1999,60.39,GDP per capita,291.56,Sub-Saharan Africa
Myanmar,MMR,1999,68.33,GDP per capita,265.46,East Asia & Pacific
Namibia,NAM,1999,98.06,GDP per capita,3050.46,Sub-Saharan Africa
Nepal,NPL,1999,80.44,GDP per capita,524.27,South Asia
Nicaragua,NIC,1999,98.83,GDP per capita,1420.32,Latin America & Caribbean
Niger,NER,1999,48.0,GDP per capita,411.74,Sub-Saharan Africa
Nigeria,NGA,1999,33.73,GDP per capita,1390.47,Sub-Saharan Africa
North Macedonia,MKD,1999,99.07,GDP per capita,3154.85,Europe & Central Asia
Norway,NOR,1999,99.87,GDP per capita,66094.74,Europe & Central Asia
Oman,OMN,1999,99.51,GDP per capita,18965.21,Middle East & North Africa
Paraguay,PRY,1999,95.09,GDP per capita,4252.49,Latin America & Caribbean
Peru,PER,1999,97.04,GDP per capita,3250.38,Latin America & Caribbean
Russian Federation,RUS,1999,100.0,GDP per capita,4819.38,Europe & Central Asia
Samoa,WSM,1999,93.19,GDP per capita,2824.55,East Asia & Pacific
Senegal,SEN,1999,48.47,GDP per capita,1033.76,Sub-Saharan Africa
Seychelles,SYC,1999,99.01,GDP per capita,11326.94,Sub-Saharan Africa
Slovenia,SVN,1999,97.17,GDP per capita,15646.69,Europe & Central Asia
South Africa,ZAF,1999,97.38,GDP per capita,4552.85,Sub-Saharan Africa
Sweden,SWE,1999,99.99,GDP per capita,39786.03,Europe & Central Asia
Switzerland,CHE,1999,99.99,GDP per capita,71341.34,Europe & Central Asia
Syrian Arab Republic,SYR,1999,71.18,GDP per capita,1271.32,Middle East & North Africa
Tajikistan,TJK,1999,97.55,GDP per capita,401.41,Europe & Central Asia
Togo,TGO,1999,79.18,GDP per capita,704.04,Sub-Saharan Africa
Trinidad and Tobago,TTO,1999,92.21,GDP per capita,9412.08,Latin America & Caribbean
Tunisia,TUN,1999,90.39,GDP per capita,2766.57,Middle East & North Africa
Ukraine,UKR,1999,99.78,GDP per capita,1319.53,Europe & Central Asia
United Arab Emirates,ARE,1999,98.71,GDP per capita,54943.75,Middle East & North Africa
Uruguay,URY,1999,87.34,GDP per capita,11357.09,Latin America & Caribbean
Vanuatu,VUT,1999,53.49,GDP per capita,2745.17,East Asia & Pacific
"Venezuela, RB",VEN,1999,96.1,GDP per capita,3675.99,Latin America & Caribbean
Viet Nam,VNM,1999,93.37,GDP per capita,1148.04,East Asia & Pacific
West Bank and Gaza,PSE,1999,99.42,GDP per capita,2732.87,Middle East & North Africa
Zambia,ZMB,1999,49.93,GDP per capita,796.38,Sub-Saharan Africa
Zimbabwe,ZWE,1999,74.6,GDP per capita,1746.23,Sub-Saharan Africa
Albania,ALB,2000,97.25,GDP per capita,1991.91,Europe & Central Asia
Algeria,DZA,2000,93.26,GDP per capita,3553.32,Middle East & North Africa
Argentina,ARG,2000,97.69,GDP per capita,10631.65,Latin America & Caribbean
Azerbaijan,AZE,2000,98.23,GDP per capita,1504.73,Europe & Central Asia
Bahrain,BHR,2000,99.28,GDP per capita,25407.97,Middle East & North Africa
Barbados,BRB,2000,99.2,GDP per capita,21523.4,Latin America & Caribbean
Belarus,BLR,2000,99.89,GDP per capita,2615.36,Europe & Central Asia
Belize,BLZ,2000,94.41,GDP per capita,5663.65,Latin America & Caribbean
Benin,BEN,2000,98.97,GDP per capita,861.21,Sub-Saharan Africa
Bhutan,BTN,2000,93.51,GDP per capita,1259.62,South Asia
Botswana,BWA,2000,95.92,GDP per capita,5062.64,Sub-Saharan Africa
Brazil,BRA,2000,97.88,GDP per capita,6817.78,Latin America & Caribbean
Bulgaria,BGR,2000,99.34,GDP per capita,3717.93,Europe & Central Asia
Burkina Faso,BFA,2000,61.96,GDP per capita,428.31,Sub-Saharan Africa
Cambodia,KHM,2000,78.61,GDP per capita,598.56,East Asia & Pacific
Chad,TCD,2000,75.69,GDP per capita,530.6,Sub-Saharan Africa
Colombia,COL,2000,92.34,GDP per capita,4016.81,Latin America & Caribbean
Costa Rica,CRI,2000,82.92,GDP per capita,7726.52,Latin America & Caribbean
Cote d'Ivoire,CIV,2000,67.47,GDP per capita,1717.95,Sub-Saharan Africa
Croatia,HRV,2000,99.74,GDP per capita,8880.27,Europe & Central Asia
Cuba,CUB,2000,97.4,GDP per capita,4112.26,Latin America & Caribbean
Cyprus,CYP,2000,99.53,GDP per capita,22383.96,Europe & Central Asia
Czechia,CZE,2000,99.97,GDP per capita,12543.94,Europe & Central Asia
Dominica,DMA,2000,90.69,GDP per capita,6879.6,Latin America & Caribbean
Ecuador,ECU,2000,70.25,GDP per capita,3953.4,Latin America & Caribbean
"Egypt, Arab Rep.",EGY,2000,93.33,GDP per capita,2458.61,Middle East & North Africa
El Salvador,SLV,2000,93.21,GDP per capita,2964.89,Latin America & Caribbean
Eritrea,ERI,2000,86.32,GDP per capita,845.13,Sub-Saharan Africa
Estonia,EST,2000,99.85,GDP per capita,10006.77,Europe & Central Asia
Eswatini,SWZ,2000,83.88,GDP per capita,2273.05,Sub-Saharan Africa
Fiji,FJI,2000,98.36,GDP per capita,3960.89,East Asia & Pacific
Finland,FIN,2000,99.84,GDP per capita,37872.6,Europe & Central Asia
"Gambia, The",GMB,2000,71.71,GDP per capita,659.91,Sub-Saharan Africa
Georgia,GEO,2000,98.42,GDP per capita,1561.2,Europe & Central Asia
Germany,DEU,2000,99.9,GDP per capita,35104.13,Europe & Central Asia
Ghana,GHA,2000,85.34,GDP per capita,1022.28,Sub-Saharan Africa
Guatemala,GTM,2000,94.43,GDP per capita,3165.93,Latin America & Caribbean
Guinea,GIN,2000,76.98,GDP per capita,614.14,Sub-Saharan Africa
Hungary,HUN,2000,99.99,GDP per capita,8979.74,Europe & Central Asia
Iceland,ISL,2000,99.88,GDP per capita,43472.34,Europe & Central Asia
India,IND,2000,90.55,GDP per capita,756.7,South Asia
"Iran, Islamic Rep.",IRN,2000,92.32,GDP per capita,3885.3,Middle East & North Africa
Italy,ITA,2000,99.78,GDP per capita,32609.67,Europe & Central Asia
Jamaica,JAM,2000,97.97,GDP per capita,5197.4,Latin America & Caribbean
Kazakhstan,KAZ,2000,98.93,GDP per capita,4269.33,Europe & Central Asia
"Korea, Rep.",KOR,2000,99.34,GDP per capita,17763.14,East Asia & Pacific
Kuwait,KWT,2000,99.62,GDP per capita,31341.98,Middle East & North Africa
Kyrgyz Republic,KGZ,2000,98.59,GDP per capita,718.34,Europe & Central Asia
Lao PDR,LAO,2000,77.86,GDP per capita,917.23,East Asia & Pacific
Latvia,LVA,2000,99.47,GDP per capita,6336.38,Europe & Central Asia
Lebanon,LBN,2000,96.47,GDP per capita,5958.98,Middle East & North Africa
Lesotho,LSO,2000,68.5,GDP per capita,725.26,Sub-Saharan Africa
Lithuania,LTU,2000,99.77,GDP per capita,6384.31,Europe & Central Asia
"Macao SAR, China",MAC,2000,92.79,GDP per capita,31772.63,East Asia & Pacific
Madagascar,MDG,2000,62.6,GDP per capita,465.53,Sub-Saharan Africa
Malawi,MWI,2000,87.62,GDP per capita,418.59,Sub-Saharan Africa
Malaysia,MYS,2000,99.25,GDP per capita,6455.61,East Asia & Pacific
Mali,MLI,2000,77.94,GDP per capita,682.5,Sub-Saharan Africa
Malta,MLT,2000,98.47,GDP per capita,17178.38,Middle East & North Africa
Mauritius,MUS,2000,80.76,GDP per capita,5744.2,Sub-Saharan Africa
Mexico,MEX,2000,90.63,GDP per capita,9581.97,Latin America & Caribbean
Moldova,MDA,2000,98.05,GDP per capita,1346.92,Europe & Central Asia
Mongolia,MNG,2000,97.21,GDP per capita,1598.31,East Asia & Pacific
Morocco,MAR,2000,87.85,GDP per capita,1957.14,Middle East & North Africa
Myanmar,MMR,2000,66.13,GDP per capita,298.59,East Asia & Pacific
Nepal,NPL,2000,79.65,GDP per capita,547.22,South Asia
Niger,NER,2000,49.91,GDP per capita,392.9,Sub-Saharan Africa
North Macedonia,MKD,2000,98.82,GDP per capita,3283.38,Europe & Central Asia
Norway,NOR,2000,99.92,GDP per capita,67846.6,Europe & Central Asia
Oman,OMN,2000,99.91,GDP per capita,19881.74,Middle East & North Africa
Paraguay,PRY,2000,92.84,GDP per capita,4074.49,Latin America & Caribbean
Peru,PER,2000,97.55,GDP per capita,3286.27,Latin America & Caribbean
Poland,POL,2000,100.0,GDP per capita,7401.58,Europe & Central Asia
Romania,ROU,2000,99.46,GDP per capita,4569.31,Europe & Central Asia
Russian Federation,RUS,2000,99.31,GDP per capita,5323.67,Europe & Central Asia
Samoa,WSM,2000,97.77,GDP per capita,2945.37,East Asia & Pacific
Senegal,SEN,2000,55.19,GDP per capita,1048.37,Sub-Saharan Africa
Seychelles,SYC,2000,98.8,GDP per capita,11703.75,Sub-Saharan Africa
Slovak Republic,SVK,2000,99.49,GDP per capita,8997.21,Europe & Central Asia
Slovenia,SVN,2000,99.63,GDP per capita,16146.12,Europe & Central Asia
St. Kitts and Nevis,KNA,2000,91.49,GDP per capita,14039.03,Latin America & Caribbean
Sweden,SWE,2000,99.92,GDP per capita,41561.77,Europe & Central Asia
Switzerland,CHE,2000,99.94,GDP per capita,73749.94,Europe & Central Asia
Syrian Arab Republic,SYR,2000,73.49,GDP per capita,1248.38,Middle East & North Africa
Tajikistan,TJK,2000,97.39,GDP per capita,429.54,Europe & Central Asia
Tanzania,TZA,2000,19.77,GDP per capita,555.35,Sub-Saharan Africa
Togo,TGO,2000,81.94,GDP per capita,679.53,Sub-Saharan Africa
Trinidad and Tobago,TTO,2000,97.41,GDP per capita,10023.02,Latin America & Caribbean
Tunisia,TUN,2000,91.92,GDP per capita,2864.55,Middle East & North Africa
Uganda,UGA,2000,43.94,GDP per capita,509.2,Sub-Saharan Africa
United Arab Emirates,ARE,2000,99.95,GDP per capita,56939.27,Middle East & North Africa
Uruguay,URY,2000,81.47,GDP per capita,11096.33,Latin America & Caribbean
Uzbekistan,UZB,2000,98.56,GDP per capita,1269.72,Europe & Central Asia
Vanuatu,VUT,2000,44.93,GDP per capita,2841.74,East Asia & Pacific
"Venezuela, RB",VEN,2000,98.71,GDP per capita,3740.02,Latin America & Caribbean
Viet Nam,VNM,2000,93.42,GDP per capita,1212.2,East Asia & Pacific
West Bank and Gaza,PSE,2000,99.34,GDP per capita,2436.01,Middle East & North Africa
Algeria,DZA,2001,94.47,GDP per capita,3610.01,Middle East & North Africa
Argentina,ARG,2001,97.4,GDP per capita,10051.94,Latin America & Caribbean
Aruba,ABW,2001,99.4,GDP per capita,29007.74,Latin America & Caribbean
Azerbaijan,AZE,2001,98.26,GDP per capita,1640.94,Europe & Central Asia
Bahrain,BHR,2001,99.19,GDP per capita,25106.29,Middle East & North Africa
Barbados,BRB,2001,97.98,GDP per capita,20985.28,Latin America & Caribbean
Belarus,BLR,2001,99.55,GDP per capita,2753.03,Europe & Central Asia
Bermuda,BMU,2001,93.52,GDP per capita,116809.93,North America
Botswana,BWA,2001,96.83,GDP per capita,4971.96,Sub-Saharan Africa
Brazil,BRA,2001,97.91,GDP per capita,6823.03,Latin America & Caribbean
Bulgaria,BGR,2001,98.28,GDP per capita,3937.7,Europe & Central Asia
Cabo Verde,CPV,2001,87.76,GDP per capita,2051.22,Sub-Saharan Africa
Cambodia,KHM,2001,84.96,GDP per capita,632.83,East Asia & Pacific
Chad,TCD,2001,77.2,GDP per capita,572.81,Sub-Saharan Africa
Colombia,COL,2001,100.0,GDP per capita,4020.51,Latin America & Caribbean
"Congo, Rep.",COG,2001,73.52,GDP per capita,2056.17,Sub-Saharan Africa
Costa Rica,CRI,2001,87.88,GDP per capita,7854.23,Latin America & Caribbean
Croatia,HRV,2001,99.92,GDP per capita,9515.74,Europe & Central Asia
Cuba,CUB,2001,97.73,GDP per capita,4229.9,Latin America & Caribbean
Cyprus,CYP,2001,99.28,GDP per capita,23019.25,Europe & Central Asia
Czechia,CZE,2001,99.79,GDP per capita,12958.47,Europe & Central Asia
Denmark,DNK,2001,99.95,GDP per capita,49557.15,Europe & Central Asia
Ecuador,ECU,2001,73.06,GDP per capita,4049.0,Latin America & Caribbean
"Egypt, Arab Rep.",EGY,2001,96.59,GDP per capita,2492.03,Middle East & North Africa
El Salvador,SLV,2001,95.83,GDP per capita,2978.6,Latin America & Caribbean
Eritrea,ERI,2001,93.74,GDP per capita,893.27,Sub-Saharan Africa
Estonia,EST,2001,99.54,GDP per capita,10662.95,Europe & Central Asia
Eswatini,SWZ,2001,85.33,GDP per capita,2283.98,Sub-Saharan Africa
Fiji,FJI,2001,99.78,GDP per capita,3998.8,East Asia & Pacific
Finland,FIN,2001,99.99,GDP per capita,38784.13,Europe & Central Asia
"Gambia, The",GMB,2001,70.47,GDP per capita,679.54,Sub-Saharan Africa
Georgia,GEO,2001,97.83,GDP per capita,1661.83,Europe & Central Asia
Germany,DEU,2001,99.78,GDP per capita,35618.51,Europe & Central Asia
Ghana,GHA,2001,96.93,GDP per capita,1035.23,Sub-Saharan Africa
Guatemala,GTM,2001,95.95,GDP per capita,3166.2,Latin America & Caribbean
"Hong Kong SAR, China",HKG,2001,99.03,GDP per capita,26885.43,East Asia & Pacific
Hungary,HUN,2001,99.47,GDP per capita,9365.95,Europe & Central Asia
Iceland,ISL,2001,99.78,GDP per capita,44545.98,Europe & Central Asia
India,IND,2001,93.11,GDP per capita,778.51,South Asia
Indonesia,IDN,2001,78.36,GDP per capita,1868.59,East Asia & Pacific
"Iran, Islamic Rep.",IRN,2001,92.57,GDP per capita,3917.3,Middle East & North Africa
Israel,ISR,2001,99.9,GDP per capita,28808.13,Middle East & North Africa
Italy,ITA,2001,99.8,GDP per capita,33243.6,Europe & Central Asia
Kazakhstan,KAZ,2001,98.89,GDP per capita,4822.53,Europe & Central Asia
"Korea, Rep.",KOR,2001,99.31,GDP per capita,18460.43,East Asia & Pacific
Kuwait,KWT,2001,99.58,GDP per capita,30573.43,Middle East & North Africa
Kyrgyz Republic,KGZ,2001,99.65,GDP per capita,749.42,Europe & Central Asia
Lao PDR,LAO,2001,81.19,GDP per capita,954.12,East Asia & Pacific
Latvia,LVA,2001,99.71,GDP per capita,6833.44,Europe & Central Asia
Lebanon,LBN,2001,95.39,GDP per capita,6085.76,Middle East & North Africa
Lesotho,LSO,2001,75.88,GDP per capita,752.24,Sub-Saharan Africa
Lithuania,LTU,2001,99.67,GDP per capita,6854.53,Europe & Central Asia
"Macao SAR, China",MAC,2001,93.54,GDP per capita,32441.68,East Asia & Pacific
Madagascar,MDG,2001,70.93,GDP per capita,478.41,Sub-Saharan Africa
Malawi,MWI,2001,85.69,GDP per capita,388.26,Sub-Saharan Africa
Mali,MLI,2001,71.62,GDP per capita,766.96,Sub-Saharan Africa
Malta,MLT,2001,98.71,GDP per capita,16920.73,Middle East & North Africa
Mauritania,MRT,2001,51.67,GDP per capita,1262.66,Sub-Saharan Africa
Mauritius,MUS,2001,80.92,GDP per capita,5889.77,Sub-Saharan Africa
Mexico,MEX,2001,92.75,GDP per capita,9398.35,Latin America & Caribbean
Moldova,MDA,2001,98.28,GDP per capita,1432.28,Europe & Central Asia
Mongolia,MNG,2001,97.48,GDP per capita,1625.46,East Asia & Pacific
Morocco,MAR,2001,88.58,GDP per capita,2078.97,Middle East & North Africa
Mozambique,MOZ,2001,61.85,GDP per capita,317.19,Sub-Saharan Africa
Myanmar,MMR,2001,69.94,GDP per capita,328.97,East Asia & Pacific
Nepal,NPL,2001,89.72,GDP per capita,564.29,South Asia
Niger,NER,2001,58.72,GDP per capita,406.92,Sub-Saharan Africa
North Macedonia,MKD,2001,98.46,GDP per capita,3169.33,Europe & Central Asia
Norway,NOR,2001,99.88,GDP per capita,68899.53,Europe & Central Asia
Oman,OMN,2001,99.51,GDP per capita,20546.06,Middle East & North Africa
Paraguay,PRY,2001,91.74,GDP per capita,3972.88,Latin America & Caribbean
Peru,PER,2001,97.8,GDP per capita,3261.66,Latin America & Caribbean
Philippines,PHL,2001,98.26,GDP per capita,1807.71,East Asia & Pacific
Poland,POL,2001,100.0,GDP per capita,7494.96,Europe & Central Asia
Romania,ROU,2001,99.56,GDP per capita,4875.3,Europe & Central Asia
Samoa,WSM,2001,98.73,GDP per capita,3137.46,East Asia & Pacific
Senegal,SEN,2001,52.99,GDP per capita,1067.37,Sub-Saharan Africa
Seychelles,SYC,2001,99.04,GDP per capita,11427.94,Sub-Saharan Africa
Slovak Republic,SVK,2001,99.69,GDP per capita,9277.36,Europe & Central Asia
Slovenia,SVN,2001,99.79,GDP per capita,16576.72,Europe & Central Asia
South Africa,ZAF,2001,97.78,GDP per capita,4786.48,Sub-Saharan Africa
Sri Lanka,LKA,2001,98.42,GDP per capita,1896.48,South Asia
St. Lucia,LCA,2001,68.08,GDP per capita,8795.55,Latin America & Caribbean
Sweden,SWE,2001,99.95,GDP per capita,42014.4,Europe & Central Asia
Switzerland,CHE,2001,99.89,GDP per capita,74439.46,Europe & Central Asia
Syrian Arab Republic,SYR,2001,75.01,GDP per capita,1230.87,Middle East & North Africa
Tajikistan,TJK,2001,98.88,GDP per capita,461.68,Europe & Central Asia
Tanzania,TZA,2001,20.38,GDP per capita,573.4,Sub-Saharan Africa
Tunisia,TUN,2001,95.85,GDP per capita,2941.74,Middle East & North Africa
Tuvalu,TUV,2001,69.29,GDP per capita,3043.16,East Asia & Pacific
Uganda,UGA,2001,46.3,GDP per capita,519.46,Sub-Saharan Africa
Ukraine,UKR,2001,99.41,GDP per capita,1547.28,Europe & Central Asia
United Arab Emirates,ARE,2001,98.99,GDP per capita,54169.42,Middle East & North Africa
Uruguay,URY,2001,83.55,GDP per capita,10643.56,Latin America & Caribbean
Uzbekistan,UZB,2001,99.6,GDP per capita,1306.61,Europe & Central Asia
"Venezuela, RB",VEN,2001,98.8,GDP per capita,3796.81,Latin America & Caribbean
Viet Nam,VNM,2001,94.8,GDP per capita,1273.81,East Asia & Pacific
West Bank and Gaza,PSE,2001,99.23,GDP per capita,2153.46,Middle East & North Africa
Zambia,ZMB,2001,65.11,GDP per capita,822.02,Sub-Saharan Africa
Algeria,DZA,2002,94.47,GDP per capita,3754.66,Middle East & North Africa
Argentina,ARG,2002,96.52,GDP per capita,8861.56,Latin America & Caribbean
Armenia,ARM,2002,98.21,GDP per capita,1535.2,Europe & Central Asia
Aruba,ABW,2002,99.83,GDP per capita,28535.46,Latin America & Caribbean
Azerbaijan,AZE,2002,98.1,GDP per capita,1782.47,Europe & Central Asia
Bahrain,BHR,2002,99.36,GDP per capita,24149.02,Middle East & North Africa
Barbados,BRB,2002,99.46,GDP per capita,21012.56,Latin America & Caribbean
Belarus,BLR,2002,99.9,GDP per capita,2910.4,Europe & Central Asia
Belize,BLZ,2002,98.62,GDP per capita,5895.15,Latin America & Caribbean
Benin,BEN,2002,78.07,GDP per capita,893.14,Sub-Saharan Africa
Bermuda,BMU,2002,96.83,GDP per capita,114574.43,North America
Botswana,BWA,2002,97.77,GDP per capita,5175.48,Sub-Saharan Africa
Brazil,BRA,2002,96.9,GDP per capita,6944.62,Latin America & Caribbean
Brunei Darussalam,BRN,2002,90.17,GDP per capita,37976.26,East Asia & Pacific
Bulgaria,BGR,2002,98.22,GDP per capita,4260.4,Europe & Central Asia
Burkina Faso,BFA,2002,61.23,GDP per capita,448.13,Sub-Saharan Africa
Cabo Verde,CPV,2002,87.73,GDP per capita,2127.71,Sub-Saharan Africa
Cambodia,KHM,2002,84.81,GDP per capita,662.19,East Asia & Pacific
Chad,TCD,2002,83.55,GDP per capita,600.17,Sub-Saharan Africa
Comoros,COM,2002,80.22,GDP per capita,1217.12,Sub-Saharan Africa
"Congo, Rep.",COG,2002,68.66,GDP per capita,2100.17,Sub-Saharan Africa
Croatia,HRV,2002,99.89,GDP per capita,10062.04,Europe & Central Asia
Cuba,CUB,2002,98.18,GDP per capita,4277.4,Latin America & Caribbean
Cyprus,CYP,2002,99.44,GDP per capita,23604.19,Europe & Central Asia
Czechia,CZE,2002,99.84,GDP per capita,13179.99,Europe & Central Asia
Dominica,DMA,2002,97.82,GDP per capita,6676.97,Latin America & Caribbean
Ecuador,ECU,2002,73.29,GDP per capita,4174.9,Latin America & Caribbean
"Egypt, Arab Rep.",EGY,2002,93.29,GDP per capita,2498.48,Middle East & North Africa
El Salvador,SLV,2002,97.18,GDP per capita,3016.06,Latin America & Caribbean
Eritrea,ERI,2002,96.56,GDP per capita,889.01,Sub-Saharan Africa
Eswatini,SWZ,2002,84.81,GDP per capita,2358.57,Sub-Saharan Africa
Finland,FIN,2002,99.84,GDP per capita,39343.07,Europe & Central Asia
"Gambia, The",GMB,2002,91.61,GDP per capita,640.04,Sub-Saharan Africa
Georgia,GEO,2002,98.53,GDP per capita,1768.6,Europe & Central Asia
Germany,DEU,2002,99.76,GDP per capita,35477.52,Europe & Central Asia
Ghana,GHA,2002,90.57,GDP per capita,1052.47,Sub-Saharan Africa
Guinea,GIN,2002,70.51,GDP per capita,650.55,Sub-Saharan Africa
"Hong Kong SAR, China",HKG,2002,99.86,GDP per capita,27210.07,East Asia & Pacific
Hungary,HUN,2002,99.87,GDP per capita,9836.94,Europe & Central Asia
Iceland,ISL,2002,99.58,GDP per capita,44389.56,Europe & Central Asia
India,IND,2002,90.66,GDP per capita,793.62,South Asia
Indonesia,IDN,2002,81.76,GDP per capita,1926.37,East Asia & Pacific
"Iran, Islamic Rep.",IRN,2002,97.15,GDP per capita,4198.95,Middle East & North Africa
Israel,ISR,2002,99.89,GDP per capita,28195.87,Middle East & North Africa
Italy,ITA,2002,99.84,GDP per capita,33267.45,Europe & Central Asia
Jordan,JOR,2002,98.45,GDP per capita,3644.62,Middle East & North Africa
Kazakhstan,KAZ,2002,99.55,GDP per capita,5267.7,Europe & Central Asia
"Korea, Rep.",KOR,2002,99.37,GDP per capita,19775.38,East Asia & Pacific
Kuwait,KWT,2002,99.18,GDP per capita,30702.22,Middle East & North Africa
Kyrgyz Republic,KGZ,2002,98.42,GDP per capita,742.44,Europe & Central Asia
Lao PDR,LAO,2002,83.1,GDP per capita,994.49,East Asia & Pacific
Latvia,LVA,2002,99.8,GDP per capita,7443.23,Europe & Central Asia
Lebanon,LBN,2002,95.03,GDP per capita,6207.24,Middle East & North Africa
Lesotho,LSO,2002,78.36,GDP per capita,760.03,Sub-Saharan Africa
Lithuania,LTU,2002,99.32,GDP per capita,7374.1,Europe & Central Asia
"Macao SAR, China",MAC,2002,97.03,GDP per capita,34967.89,East Asia & Pacific
Madagascar,MDG,2002,64.77,GDP per capita,406.7,Sub-Saharan Africa
Mali,MLI,2002,77.36,GDP per capita,766.07,Sub-Saharan Africa
Malta,MLT,2002,99.67,GDP per capita,17255.43,Middle East & North Africa
Marshall Islands,MHL,2002,86.57,GDP per capita,3322.41,East Asia & Pacific
Mauritius,MUS,2002,81.65,GDP per capita,5943.48,Sub-Saharan Africa
Mexico,MEX,2002,93.31,GDP per capita,9242.28,Latin America & Caribbean
Moldova,MDA,2002,98.36,GDP per capita,1547.57,Europe & Central Asia
Mongolia,MNG,2002,99.25,GDP per capita,1680.65,East Asia & Pacific
Morocco,MAR,2002,87.45,GDP per capita,2127.51,Middle East & North Africa
Myanmar,MMR,2002,70.08,GDP per capita,364.86,East Asia & Pacific
Nepal,NPL,2002,87.89,GDP per capita,556.44,South Asia
Niger,NER,2002,58.41,GDP per capita,412.12,Sub-Saharan Africa
North Macedonia,MKD,2002,97.83,GDP per capita,3240.11,Europe & Central Asia
Norway,NOR,2002,99.75,GDP per capita,69472.98,Europe & Central Asia
Oman,OMN,2002,99.32,GDP per capita,20150.11,Middle East & North Africa
Paraguay,PRY,2002,92.13,GDP per capita,3916.44,Latin America & Caribbean
Philippines,PHL,2002,97.94,GDP per capita,1837.25,East Asia & Pacific
Poland,POL,2002,100.0,GDP per capita,7640.99,Europe & Central Asia
Romania,ROU,2002,99.76,GDP per capita,5248.55,Europe & Central Asia
Samoa,WSM,2002,97.47,GDP per capita,3291.34,East Asia & Pacific
Sao Tome and Principe,STP,2002,72.37,GDP per capita,982.33,Sub-Saharan Africa
Senegal,SEN,2002,55.55,GDP per capita,1042.26,Sub-Saharan Africa
Seychelles,SYC,2002,99.75,GDP per capita,11218.26,Sub-Saharan Africa
Slovak Republic,SVK,2002,99.71,GDP per capita,9690.68,Europe & Central Asia
Slovenia,SVN,2002,99.8,GDP per capita,17099.66,Europe & Central Asia
South Africa,ZAF,2002,98.38,GDP per capita,4916.81,Sub-Saharan Africa
Sri Lanka,LKA,2002,98.03,GDP per capita,1951.23,South Asia
St. Kitts and Nevis,KNA,2002,92.31,GDP per capita,14727.39,Latin America & Caribbean
St. Lucia,LCA,2002,69.23,GDP per capita,8755.46,Latin America & Caribbean
Switzerland,CHE,2002,99.82,GDP per capita,73824.38,Europe & Central Asia
Syrian Arab Republic,SYR,2002,97.01,GDP per capita,1249.01,Middle East & North Africa
Tajikistan,TJK,2002,98.56,GDP per capita,501.81,Europe & Central Asia
Togo,TGO,2002,77.13,GDP per capita,675.44,Sub-Saharan Africa
Tunisia,TUN,2002,95.49,GDP per capita,2950.2,Middle East & North Africa
Uganda,UGA,2002,43.24,GDP per capita,547.41,Sub-Saharan Africa
United Arab Emirates,ARE,2002,97.75,GDP per capita,52216.88,Middle East & North Africa
Uruguay,URY,2002,83.43,GDP per capita,9806.77,Latin America & Caribbean
Uzbekistan,UZB,2002,99.43,GDP per capita,1341.96,Europe & Central Asia
"Venezuela, RB",VEN,2002,98.33,GDP per capita,3398.57,Latin America & Caribbean
West Bank and Gaza,PSE,2002,99.07,GDP per capita,1836.98,Middle East & North Africa
Algeria,DZA,2003,93.8,GDP per capita,3945.9,Middle East & North Africa
Argentina,ARG,2003,96.71,GDP per capita,9545.53,Latin America & Caribbean
Armenia,ARM,2003,98.05,GDP per capita,1759.65,Europe & Central Asia
Aruba,ABW,2003,99.53,GDP per capita,28525.81,Latin America & Caribbean
Azerbaijan,AZE,2003,99.24,GDP per capita,1949.61,Europe & Central Asia
Bahrain,BHR,2003,99.21,GDP per capita,23857.64,Middle East & North Africa
Barbados,BRB,2003,98.12,GDP per capita,21338.17,Latin America & Caribbean
Belarus,BLR,2003,98.77,GDP per capita,3137.26,Europe & Central Asia
Belize,BLZ,2003,95.37,GDP per capita,6274.47,Latin America & Caribbean
Bermuda,BMU,2003,91.25,GDP per capita,118018.83,North America
Bhutan,BTN,2003,94.38,GDP per capita,1506.42,South Asia
Botswana,BWA,2003,97.47,GDP per capita,5320.44,Sub-Saharan Africa
Brazil,BRA,2003,95.22,GDP per capita,6941.44,Latin America & Caribbean
Brunei Darussalam,BRN,2003,97.89,GDP per capita,38595.17,East Asia & Pacific
Bulgaria,BGR,2003,98.3,GDP per capita,4519.18,Europe & Central Asia
Burundi,BDI,2003,60.77,GDP per capita,255.5,Sub-Saharan Africa
Cabo Verde,CPV,2003,88.83,GDP per capita,2186.9,Sub-Saharan Africa
Cambodia,KHM,2003,84.76,GDP per capita,719.33,East Asia & Pacific
Chad,TCD,2003,65.92,GDP per capita,661.56,Sub-Saharan Africa
Comoros,COM,2003,91.69,GDP per capita,1216.98,Sub-Saharan Africa
"Congo, Rep.",COG,2003,87.68,GDP per capita,2058.89,Sub-Saharan Africa
Cuba,CUB,2003,98.67,GDP per capita,4426.97,Latin America & Caribbean
Cyprus,CYP,2003,99.81,GDP per capita,23930.78,Europe & Central Asia
Czechia,CZE,2003,100.0,GDP per capita,13618.93,Europe & Central Asia
Dominican Republic,DOM,2003,92.08,GDP per capita,4162.67,Latin America & Caribbean
Ecuador,ECU,2003,74.0,GDP per capita,4220.21,Latin America & Caribbean
"Egypt, Arab Rep.",EGY,2003,93.63,GDP per capita,2524.8,Middle East & North Africa
Eritrea,ERI,2003,95.29,GDP per capita,830.38,Sub-Saharan Africa
Estonia,EST,2003,99.56,GDP per capita,12424.04,Europe & Central Asia
Eswatini,SWZ,2003,95.57,GDP per capita,2448.84,Sub-Saharan Africa
Fiji,FJI,2003,99.32,GDP per capita,4087.72,East Asia & Pacific
Finland,FIN,2003,99.93,GDP per capita,40038.98,Europe & Central Asia
"Gambia, The",GMB,2003,90.63,GDP per capita,665.83,Sub-Saharan Africa
Germany,DEU,2003,99.64,GDP per capita,35270.02,Europe & Central Asia
Ghana,GHA,2003,94.37,GDP per capita,1077.7,Sub-Saharan Africa
Guinea,GIN,2003,83.51,GDP per capita,644.07,Sub-Saharan Africa
"Hong Kong SAR, China",HKG,2003,99.79,GDP per capita,28097.11,East Asia & Pacific
Hungary,HUN,2003,99.84,GDP per capita,10253.72,Europe & Central Asia
Iceland,ISL,2003,99.65,GDP per capita,45088.92,Europe & Central Asia
Indonesia,IDN,2003,83.73,GDP per capita,1991.92,East Asia & Pacific
"Iran, Islamic Rep.",IRN,2003,99.1,GDP per capita,4511.43,Middle East & North Africa
Israel,ISR,2003,99.97,GDP per capita,28092.62,Middle East & North Africa
Italy,ITA,2003,99.59,GDP per capita,33110.17,Europe & Central Asia
Jordan,JOR,2003,99.31,GDP per capita,3713.15,Middle East & North Africa
Kazakhstan,KAZ,2003,99.72,GDP per capita,5724.43,Europe & Central Asia
"Korea, Rep.",KOR,2003,98.69,GDP per capita,20278.04,East Asia & Pacific
Kuwait,KWT,2003,99.17,GDP per capita,35169.63,Middle East & North Africa
Kyrgyz Republic,KGZ,2003,99.02,GDP per capita,786.35,Europe & Central Asia
Lao PDR,LAO,2003,82.21,GDP per capita,1038.71,East Asia & Pacific
Latvia,LVA,2003,99.71,GDP per capita,8149.0,Europe & Central Asia
Lebanon,LBN,2003,96.14,GDP per capita,6319.77,Middle East & North Africa
Lesotho,LSO,2003,73.68,GDP per capita,798.54,Sub-Saharan Africa
Lithuania,LTU,2003,99.39,GDP per capita,8218.69,Europe & Central Asia
"Macao SAR, China",MAC,2003,98.68,GDP per capita,38581.7,East Asia & Pacific
Madagascar,MDG,2003,76.61,GDP per capita,433.6,Sub-Saharan Africa
Mali,MLI,2003,83.13,GDP per capita,814.81,Sub-Saharan Africa
Mauritius,MUS,2003,80.69,GDP per capita,6250.26,Sub-Saharan Africa
Mexico,MEX,2003,94.11,GDP per capita,9222.0,Latin America & Caribbean
Moldova,MDA,2003,98.43,GDP per capita,1654.37,Europe & Central Asia
Mongolia,MNG,2003,99.28,GDP per capita,1775.65,East Asia & Pacific
Morocco,MAR,2003,86.89,GDP per capita,2229.58,Middle East & North Africa
Myanmar,MMR,2003,73.21,GDP per capita,411.5,East Asia & Pacific
Nepal,NPL,2003,85.61,GDP per capita,570.29,South Asia
Niger,NER,2003,63.23,GDP per capita,406.33,Sub-Saharan Africa
North Macedonia,MKD,2003,98.39,GDP per capita,3307.92,Europe & Central Asia
Norway,NOR,2003,99.8,GDP per capita,69719.31,Europe & Central Asia
Palau,PLW,2003,100.0,GDP per capita,13250.69,East Asia & Pacific
Paraguay,PRY,2003,91.6,GDP per capita,4035.72,Latin America & Caribbean
Peru,PER,2003,97.79,GDP per capita,3502.79,Latin America & Caribbean
Philippines,PHL,2003,96.99,GDP per capita,1892.82,East Asia & Pacific
Poland,POL,2003,100.0,GDP per capita,7915.55,Europe & Central Asia
Romania,ROU,2003,99.81,GDP per capita,5410.31,Europe & Central Asia
Samoa,WSM,2003,97.45,GDP per capita,3445.0,East Asia & Pacific
Sao Tome and Principe,STP,2003,77.72,GDP per capita,1036.86,Sub-Saharan Africa
Senegal,SEN,2003,64.21,GDP per capita,1074.39,Sub-Saharan Africa
Seychelles,SYC,2003,94.87,GDP per capita,10677.97,Sub-Saharan Africa
Slovak Republic,SVK,2003,99.69,GDP per capita,10168.02,Europe & Central Asia
South Africa,ZAF,2003,94.86,GDP per capita,5011.62,Sub-Saharan Africa
St. Kitts and Nevis,KNA,2003,90.43,GDP per capita,14100.31,Latin America & Caribbean
St. Lucia,LCA,2003,71.77,GDP per capita,9054.07,Latin America & Caribbean
St. Vincent and the Grenadines,VCT,2003,81.42,GDP per capita,5816.21,Latin America & Caribbean
Sweden,SWE,2003,99.84,GDP per capita,43475.37,Europe & Central Asia
Switzerland,CHE,2003,99.85,GDP per capita,73254.95,Europe & Central Asia
Syrian Arab Republic,SYR,2003,97.82,GDP per capita,1307.48,Middle East & North Africa
Tajikistan,TJK,2003,98.22,GDP per capita,546.39,Europe & Central Asia
Tanzania,TZA,2003,27.99,GDP per capita,621.72,Sub-Saharan Africa
Togo,TGO,2003,78.89,GDP per capita,702.8,Sub-Saharan Africa
Trinidad and Tobago,TTO,2003,99.14,GDP per capita,12714.5,Latin America & Caribbean
Tunisia,TUN,2003,95.09,GDP per capita,3058.23,Middle East & North Africa
Turkiye,TUR,2003,97.64,GDP per capita,6496.07,Europe & Central Asia
Uganda,UGA,2003,40.49,GDP per capita,564.72,Sub-Saharan Africa
United Arab Emirates,ARE,2003,98.48,GDP per capita,53619.19,Middle East & North Africa
Uruguay,URY,2003,82.49,GDP per capita,9878.76,Latin America & Caribbean
Uzbekistan,UZB,2003,99.42,GDP per capita,1381.83,Europe & Central Asia
"Venezuela, RB",VEN,2003,98.99,GDP per capita,3079.66,Latin America & Caribbean
West Bank and Gaza,PSE,2003,99.83,GDP per capita,2041.6,Middle East & North Africa
Algeria,DZA,2004,93.74,GDP per capita,4066.28,Middle East & North Africa
Argentina,ARG,2004,95.87,GDP per capita,10302.45,Latin America & Caribbean
Armenia,ARM,2004,99.74,GDP per capita,1955.22,Europe & Central Asia
Azerbaijan,AZE,2004,99.27,GDP per capita,2111.45,Europe & Central Asia
Bahrain,BHR,2004,99.02,GDP per capita,23688.11,Middle East & North Africa
Barbados,BRB,2004,99.45,GDP per capita,21516.17,Latin America & Caribbean
Belarus,BLR,2004,99.57,GDP per capita,3520.4,Europe & Central Asia
Belize,BLZ,2004,98.06,GDP per capita,6383.07,Latin America & Caribbean
Bermuda,BMU,2004,98.17,GDP per capita,120432.12,North America
Bhutan,BTN,2004,98.5,GDP per capita,1552.74,South Asia
Botswana,BWA,2004,99.03,GDP per capita,5369.43,Sub-Saharan Africa
Brunei Darussalam,BRN,2004,96.98,GDP per capita,37948.66,East Asia & Pacific
Bulgaria,BGR,2004,98.34,GDP per capita,4849.87,Europe & Central Asia
Burkina Faso,BFA,2004,66.83,GDP per capita,474.09,Sub-Saharan Africa
Burundi,BDI,2004,58.18,GDP per capita,258.05,Sub-Saharan Africa
Cabo Verde,CPV,2004,93.74,GDP per capita,2379.8,Sub-Saharan Africa
Cambodia,KHM,2004,84.4,GDP per capita,775.85,East Asia & Pacific
Central African Republic,CAF,2004,76.44,GDP per capita,433.83,Sub-Saharan Africa
Chad,TCD,2004,66.62,GDP per capita,845.52,Sub-Saharan Africa
Colombia,COL,2004,99.62,GDP per capita,4311.92,Latin America & Caribbean
"Congo, Rep.",COG,2004,70.11,GDP per capita,2058.88,Sub-Saharan Africa
Costa Rica,CRI,2004,96.81,GDP per capita,8445.53,Latin America & Caribbean
Cuba,CUB,2004,98.67,GDP per capita,4670.19,Latin America & Caribbean
Cyprus,CYP,2004,99.68,GDP per capita,24799.65,Europe & Central Asia
Czechia,CZE,2004,99.86,GDP per capita,14259.63,Europe & Central Asia
Denmark,DNK,2004,99.69,GDP per capita,50956.3,Europe & Central Asia
Dominica,DMA,2004,99.03,GDP per capita,7323.85,Latin America & Caribbean
Ecuador,ECU,2004,78.59,GDP per capita,4430.24,Latin America & Caribbean
Eritrea,ERI,2004,93.94,GDP per capita,808.59,Sub-Saharan Africa
Estonia,EST,2004,99.95,GDP per capita,13348.53,Europe & Central Asia
Eswatini,SWZ,2004,95.3,GDP per capita,2522.14,Sub-Saharan Africa
Ethiopia,ETH,2004,99.05,GDP per capita,267.92,Sub-Saharan Africa
Finland,FIN,2004,99.97,GDP per capita,41521.96,Europe & Central Asia
"Gambia, The",GMB,2004,86.87,GDP per capita,693.56,Sub-Saharan Africa
Georgia,GEO,2004,97.94,GDP per capita,2105.0,Europe & Central Asia
Germany,DEU,2004,99.82,GDP per capita,35687.64,Europe & Central Asia
Ghana,GHA,2004,97.44,GDP per capita,1108.3,Sub-Saharan Africa
Greece,GRC,2004,99.42,GDP per capita,21688.11,Europe & Central Asia
Guatemala,GTM,2004,92.75,GDP per capita,3250.2,Latin America & Caribbean
Guinea,GIN,2004,83.08,GDP per capita,645.18,Sub-Saharan Africa
"Hong Kong SAR, China",HKG,2004,99.89,GDP per capita,30304.31,East Asia & Pacific
Hungary,HUN,2004,99.66,GDP per capita,10786.49,Europe & Central Asia
Iceland,ISL,2004,99.45,GDP per capita,48101.71,Europe & Central Asia
Indonesia,IDN,2004,78.59,GDP per capita,2065.71,East Asia & Pacific
"Iran, Islamic Rep.",IRN,2004,90.97,GDP per capita,4607.45,Middle East & North Africa
Israel,ISR,2004,99.6,GDP per capita,28883.25,Middle East & North Africa
Italy,ITA,2004,99.63,GDP per capita,33348.97,Europe & Central Asia
Jordan,JOR,2004,98.56,GDP per capita,3935.16,Middle East & North Africa
Kazakhstan,KAZ,2004,99.92,GDP per capita,6233.29,Europe & Central Asia
"Korea, Rep.",KOR,2004,98.93,GDP per capita,21244.81,East Asia & Pacific
Kuwait,KWT,2004,96.82,GDP per capita,37918.54,Middle East & North Africa
Kyrgyz Republic,KGZ,2004,99.08,GDP per capita,831.48,Europe & Central Asia
Lao PDR,LAO,2004,81.98,GDP per capita,1088.76,East Asia & Pacific
Latvia,LVA,2004,99.4,GDP per capita,8957.23,Europe & Central Asia
Lebanon,LBN,2004,95.76,GDP per capita,6633.75,Middle East & North Africa
Lesotho,LSO,2004,74.31,GDP per capita,817.79,Sub-Saharan Africa
Lithuania,LTU,2004,99.27,GDP per capita,8851.93,Europe & Central Asia
"Macao SAR, China",MAC,2004,95.78,GDP per capita,47665.93,East Asia & Pacific
Madagascar,MDG,2004,73.44,GDP per capita,443.28,Sub-Saharan Africa
Malawi,MWI,2004,82.15,GDP per capita,408.06,Sub-Saharan Africa
Malaysia,MYS,2004,99.69,GDP per capita,7025.35,East Asia & Pacific
Maldives,MDV,2004,92.18,GDP per capita,8174.42,South Asia
Mali,MLI,2004,81.33,GDP per capita,800.5,Sub-Saharan Africa
Malta,MLT,2004,99.28,GDP per capita,17728.37,Middle East & North Africa
Mauritania,MRT,2004,54.31,GDP per capita,1338.67,Sub-Saharan Africa
Mauritius,MUS,2004,82.1,GDP per capita,6480.14,Sub-Saharan Africa
Mexico,MEX,2004,94.29,GDP per capita,9421.29,Latin America & Caribbean
Moldova,MDA,2004,98.76,GDP per capita,1781.19,Europe & Central Asia
Mozambique,MOZ,2004,59.49,GDP per capita,377.06,Sub-Saharan Africa
Namibia,NAM,2004,91.59,GDP per capita,3582.9,Sub-Saharan Africa
Niger,NER,2004,74.49,GDP per capita,393.4,Sub-Saharan Africa
North Macedonia,MKD,2004,99.56,GDP per capita,3473.77,Europe & Central Asia
Norway,NOR,2004,99.86,GDP per capita,72090.99,Europe & Central Asia
Pakistan,PAK,2004,71.83,GDP per capita,1147.0,Middle East & North Africa
Panama,PAN,2004,65.31,GDP per capita,7468.77,Latin America & Caribbean
Paraguay,PRY,2004,90.23,GDP per capita,4151.35,Latin America & Caribbean
Peru,PER,2004,98.36,GDP per capita,3640.6,Latin America & Caribbean
Philippines,PHL,2004,92.28,GDP per capita,1978.34,East Asia & Pacific
Poland,POL,2004,100.0,GDP per capita,8323.39,Europe & Central Asia
Qatar,QAT,2004,98.35,GDP per capita,59990.23,Middle East & North Africa
Romania,ROU,2004,99.65,GDP per capita,6008.64,Europe & Central Asia
Samoa,WSM,2004,98.31,GDP per capita,3535.74,East Asia & Pacific
Sao Tome and Principe,STP,2004,78.6,GDP per capita,1047.06,Sub-Saharan Africa
Senegal,SEN,2004,64.53,GDP per capita,1098.2,Sub-Saharan Africa
Seychelles,SYC,2004,99.89,GDP per capita,10412.09,Sub-Saharan Africa
Slovak Republic,SVK,2004,99.96,GDP per capita,10718.21,Europe & Central Asia
St. Lucia,LCA,2004,71.03,GDP per capita,9637.38,Latin America & Caribbean
Switzerland,CHE,2004,99.85,GDP per capita,74718.68,Europe & Central Asia
Syrian Arab Republic,SYR,2004,98.46,GDP per capita,1363.62,Middle East & North Africa
Tajikistan,TJK,2004,97.88,GDP per capita,590.96,Europe & Central Asia
Tanzania,TZA,2004,33.19,GDP per capita,650.52,Sub-Saharan Africa
Togo,TGO,2004,79.82,GDP per capita,678.29,Sub-Saharan Africa
Trinidad and Tobago,TTO,2004,95.77,GDP per capita,13657.25,Latin America & Caribbean
Tunisia,TUN,2004,95.21,GDP per capita,3218.72,Middle East & North Africa
Turkiye,TUR,2004,97.72,GDP per capita,7061.62,Europe & Central Asia
Uganda,UGA,2004,41.69,GDP per capita,585.34,Sub-Saharan Africa
United Arab Emirates,ARE,2004,99.23,GDP per capita,55611.42,Middle East & North Africa
Uruguay,URY,2004,82.04,GDP per capita,10366.91,Latin America & Caribbean
Uzbekistan,UZB,2004,99.59,GDP per capita,1466.61,Europe & Central Asia
"Venezuela, RB",VEN,2004,99.8,GDP per capita,3580.85,Latin America & Caribbean
West Bank and Gaza,PSE,2004,99.24,GDP per capita,2426.42,Middle East & North Africa
"Yemen, Rep.",YEM,2004,87.11,GDP per capita,2185.79,Middle East & North Africa
Zambia,ZMB,2004,64.58,GDP per capita,895.48,Sub-Saharan Africa
Algeria,DZA,2005,92.31,GDP per capita,4223.6,Middle East & North Africa
Argentina,ARG,2005,95.39,GDP per capita,11099.75,Latin America & Caribbean
Armenia,ARM,2005,99.5,GDP per capita,2240.09,Europe & Central Asia
Azerbaijan,AZE,2005,99.07,GDP per capita,2674.37,Europe & Central Asia
"Bahamas, The",BHS,2005,98.92,GDP per capita,33144.79,Latin America & Caribbean
Barbados,BRB,2005,98.66,GDP per capita,22250.03,Latin America & Caribbean
Belarus,BLR,2005,99.66,GDP per capita,3877.72,Europe & Central Asia
Belize,BLZ,2005,93.52,GDP per capita,6337.12,Latin America & Caribbean
Bermuda,BMU,2005,95.27,GDP per capita,122143.8,North America
Bhutan,BTN,2005,96.57,GDP per capita,1632.02,South Asia
Botswana,BWA,2005,98.52,GDP per capita,5514.22,Sub-Saharan Africa
Brunei Darussalam,BRN,2005,99.38,GDP per capita,37312.28,East Asia & Pacific
Bulgaria,BGR,2005,98.33,GDP per capita,5231.34,Europe & Central Asia
Burkina Faso,BFA,2005,65.41,GDP per capita,499.19,Sub-Saharan Africa
Cabo Verde,CPV,2005,98.92,GDP per capita,2514.17,Sub-Saharan Africa
Cambodia,KHM,2005,83.46,GDP per capita,866.34,East Asia & Pacific
Chad,TCD,2005,69.75,GDP per capita,952.87,Sub-Saharan Africa
Colombia,COL,2005,99.54,GDP per capita,4457.28,Latin America & Caribbean
Costa Rica,CRI,2005,98.15,GDP per capita,8655.34,Latin America & Caribbean
Croatia,HRV,2005,99.96,GDP per capita,11522.79,Europe & Central Asia
Cuba,CUB,2005,98.64,GDP per capita,5182.35,Latin America & Caribbean
Cyprus,CYP,2005,99.79,GDP per capita,25631.37,Europe & Central Asia
Czechia,CZE,2005,99.78,GDP per capita,15147.72,Europe & Central Asia
Denmark,DNK,2005,99.98,GDP per capita,52015.18,Europe & Central Asia
Dominica,DMA,2005,92.97,GDP per capita,7381.75,Latin America & Caribbean
Ecuador,ECU,2005,77.9,GDP per capita,4589.33,Latin America & Caribbean
El Salvador,SLV,2005,95.24,GDP per capita,3163.36,Latin America & Caribbean
Eritrea,ERI,2005,90.75,GDP per capita,809.79,Sub-Saharan Africa
Eswatini,SWZ,2005,95.55,GDP per capita,2658.75,Sub-Saharan Africa
Ethiopia,ETH,2005,96.58,GDP per capita,290.83,Sub-Saharan Africa
Finland,FIN,2005,99.88,GDP per capita,42529.35,Europe & Central Asia
"Gambia, The",GMB,2005,93.37,GDP per capita,658.68,Sub-Saharan Africa
Georgia,GEO,2005,99.67,GDP per capita,2321.6,Europe & Central Asia
Germany,DEU,2005,99.59,GDP per capita,36024.09,Europe & Central Asia
Ghana,GHA,2005,96.69,GDP per capita,1143.31,Sub-Saharan Africa
Greece,GRC,2005,99.28,GDP per capita,21880.53,Europe & Central Asia
Guatemala,GTM,2005,92.75,GDP per capita,3284.81,Latin America & Caribbean
Guinea,GIN,2005,86.61,GDP per capita,651.36,Sub-Saharan Africa
Honduras,HND,2005,71.39,GDP per capita,1975.86,Latin America & Caribbean
"Hong Kong SAR, China",HKG,2005,99.95,GDP per capita,32401.39,East Asia & Pacific
Hungary,HUN,2005,99.61,GDP per capita,11272.73,Europe & Central Asia
Iceland,ISL,2005,99.83,GDP per capita,50674.44,Europe & Central Asia
Indonesia,IDN,2005,88.62,GDP per capita,2155.45,East Asia & Pacific
"Iran, Islamic Rep.",IRN,2005,89.0,GDP per capita,4650.36,Middle East & North Africa
Israel,ISR,2005,99.81,GDP per capita,29623.72,Middle East & North Africa
Italy,ITA,2005,99.36,GDP per capita,33407.68,Europe & Central Asia
Jordan,JOR,2005,98.39,GDP per capita,4151.61,Middle East & North Africa
Kazakhstan,KAZ,2005,99.98,GDP per capita,6787.41,Europe & Central Asia
"Korea, Rep.",KOR,2005,98.95,GDP per capita,22123.76,East Asia & Pacific
Kyrgyz Republic,KGZ,2005,99.96,GDP per capita,820.71,Europe & Central Asia
Lao PDR,LAO,2005,80.55,GDP per capita,1148.68,East Asia & Pacific
Latvia,LVA,2005,99.14,GDP per capita,10106.26,Europe & Central Asia
Lebanon,LBN,2005,96.32,GDP per capita,6707.18,Middle East & North Africa
Lesotho,LSO,2005,82.16,GDP per capita,853.96,Sub-Saharan Africa
Lithuania,LTU,2005,98.72,GDP per capita,9692.87,Europe & Central Asia
"Macao SAR, China",MAC,2005,96.79,GDP per capita,49470.94,East Asia & Pacific
Madagascar,MDG,2005,70.36,GDP per capita,450.96,Sub-Saharan Africa
Malawi,MWI,2005,83.64,GDP per capita,410.27,Sub-Saharan Africa
Malaysia,MYS,2005,98.84,GDP per capita,7234.02,East Asia & Pacific
Maldives,MDV,2005,95.0,GDP per capita,7141.88,South Asia
Mali,MLI,2005,79.68,GDP per capita,794.37,Sub-Saharan Africa
Malta,MLT,2005,93.9,GDP per capita,18123.27,Middle East & North Africa
Mauritania,MRT,2005,58.71,GDP per capita,1418.53,Sub-Saharan Africa
Mauritius,MUS,2005,83.48,GDP per capita,6556.39,Sub-Saharan Africa
Mexico,MEX,2005,94.34,GDP per capita,9491.52,Latin America & Caribbean
Moldova,MDA,2005,98.64,GDP per capita,1919.45,Europe & Central Asia
Morocco,MAR,2005,85.13,GDP per capita,2342.15,Middle East & North Africa
Mozambique,MOZ,2005,60.06,GDP per capita,391.7,Sub-Saharan Africa
Myanmar,MMR,2005,73.97,GDP per capita,522.1,East Asia & Pacific
Namibia,NAM,2005,89.8,GDP per capita,3627.75,Sub-Saharan Africa
Niger,NER,2005,72.35,GDP per capita,407.19,Sub-Saharan Africa
North Macedonia,MKD,2005,98.91,GDP per capita,3657.56,Europe & Central Asia
Norway,NOR,2005,99.68,GDP per capita,73524.25,Europe & Central Asia
Pakistan,PAK,2005,73.26,GDP per capita,1201.23,Middle East & North Africa
Panama,PAN,2005,94.74,GDP per capita,7935.87,Latin America & Caribbean
Peru,PER,2005,98.05,GDP per capita,3835.13,Latin America & Caribbean
Philippines,PHL,2005,98.76,GDP per capita,2037.88,East Asia & Pacific
Poland,POL,2005,100.0,GDP per capita,8598.58,Europe & Central Asia
Qatar,QAT,2005,98.59,GDP per capita,60416.71,Middle East & North Africa
Romania,ROU,2005,99.59,GDP per capita,6328.09,Europe & Central Asia
Samoa,WSM,2005,97.67,GDP per capita,3755.78,East Asia & Pacific
Senegal,SEN,2005,64.55,GDP per capita,1119.05,Sub-Saharan Africa
Slovak Republic,SVK,2005,99.49,GDP per capita,11412.16,Europe & Central Asia
Sri Lanka,LKA,2005,99.29,GDP per capita,2268.69,South Asia
Sweden,SWE,2005,99.95,GDP per capita,46189.68,Europe & Central Asia
Switzerland,CHE,2005,99.73,GDP per capita,76282.98,Europe & Central Asia
Syrian Arab Republic,SYR,2005,98.57,GDP per capita,1411.63,Middle East & North Africa
Tajikistan,TJK,2005,98.31,GDP per capita,618.33,Europe & Central Asia
Togo,TGO,2005,79.61,GDP per capita,630.25,Sub-Saharan Africa
Tonga,TON,2005,93.92,GDP per capita,3880.07,East Asia & Pacific
Turkiye,TUR,2005,98.39,GDP per capita,7623.15,Europe & Central Asia
Ukraine,UKR,2005,99.71,GDP per capita,2122.6,Europe & Central Asia
United Arab Emirates,ARE,2005,99.88,GDP per capita,55363.57,Middle East & North Africa
Uruguay,URY,2005,82.88,GDP per capita,11131.4,Latin America & Caribbean
Uzbekistan,UZB,2005,99.79,GDP per capita,1549.05,Europe & Central Asia
"Venezuela, RB",VEN,2005,99.58,GDP per capita,3884.7,Latin America & Caribbean
Zambia,ZMB,2005,61.65,GDP per capita,929.08,Sub-Saharan Africa
Albania,ALB,2006,98.39,GDP per capita,2894.36,Europe & Central Asia
Algeria,DZA,2006,93.24,GDP per capita,4279.62,Middle East & North Africa
Argentina,ARG,2006,94.96,GDP per capita,11870.28,Latin America & Caribbean
Armenia,ARM,2006,99.32,GDP per capita,2551.44,Europe & Central Asia
Aruba,ABW,2006,97.76,GDP per capita,28885.91,Latin America & Caribbean
Azerbaijan,AZE,2006,99.08,GDP per capita,3556.83,Europe & Central Asia
"Bahamas, The",BHS,2006,99.3,GDP per capita,33541.85,Latin America & Caribbean
Barbados,BRB,2006,98.32,GDP per capita,23487.44,Latin America & Caribbean
Belarus,BLR,2006,99.94,GDP per capita,4291.69,Europe & Central Asia
Belize,BLZ,2006,94.93,GDP per capita,6435.59,Latin America & Caribbean
Bhutan,BTN,2006,97.85,GDP per capita,1701.12,South Asia
Botswana,BWA,2006,97.66,GDP per capita,5865.0,Sub-Saharan Africa
Brunei Darussalam,BRN,2006,99.18,GDP per capita,38229.36,East Asia & Pacific
Bulgaria,BGR,2006,97.72,GDP per capita,5629.8,Europe & Central Asia
Burkina Faso,BFA,2006,66.92,GDP per capita,514.11,Sub-Saharan Africa
Cabo Verde,CPV,2006,92.81,GDP per capita,2683.84,Sub-Saharan Africa
Cambodia,KHM,2006,81.57,GDP per capita,947.07,East Asia & Pacific
Cameroon,CMR,2006,44.92,GDP per capita,1277.33,Sub-Saharan Africa
Cayman Islands,CYM,2006,91.78,GDP per capita,96066.63,Latin America & Caribbean
Colombia,COL,2006,99.8,GDP per capita,4694.03,Latin America & Caribbean
Costa Rica,CRI,2006,96.71,GDP per capita,9160.29,Latin America & Caribbean
Cote d'Ivoire,CIV,2006,70.73,GDP per capita,1437.77,Sub-Saharan Africa
Croatia,HRV,2006,99.58,GDP per capita,12104.04,Europe & Central Asia
Cuba,CUB,2006,98.49,GDP per capita,5799.41,Latin America & Caribbean
Cyprus,CYP,2006,99.15,GDP per capita,26395.5,Europe & Central Asia
Czechia,CZE,2006,99.27,GDP per capita,16107.3,Europe & Central Asia
Denmark,DNK,2006,96.76,GDP per capita,53823.16,Europe & Central Asia
Dominican Republic,DOM,2006,98.83,GDP per capita,4904.72,Latin America & Caribbean
Ecuador,ECU,2006,79.1,GDP per capita,4706.98,Latin America & Caribbean
El Salvador,SLV,2006,95.01,GDP per capita,3302.35,Latin America & Caribbean
Eritrea,ERI,2006,85.27,GDP per capita,789.4,Sub-Saharan Africa
Ethiopia,ETH,2006,95.47,GDP per capita,313.01,Sub-Saharan Africa
Finland,FIN,2006,99.91,GDP per capita,44069.4,Europe & Central Asia
"Gambia, The",GMB,2006,96.76,GDP per capita,636.6,Sub-Saharan Africa
Georgia,GEO,2006,100.0,GDP per capita,2554.81,Europe & Central Asia
Germany,DEU,2006,99.32,GDP per capita,37459.26,Europe & Central Asia
Greece,GRC,2006,97.15,GDP per capita,23220.53,Europe & Central Asia
Guatemala,GTM,2006,93.28,GDP per capita,3388.15,Latin America & Caribbean
Guinea,GIN,2006,80.51,GDP per capita,645.47,Sub-Saharan Africa
"Hong Kong SAR, China",HKG,2006,99.84,GDP per capita,34458.05,East Asia & Pacific
Hungary,HUN,2006,99.62,GDP per capita,11734.45,Europe & Central Asia
Iceland,ISL,2006,99.77,GDP per capita,52306.13,Europe & Central Asia
Indonesia,IDN,2006,98.94,GDP per capita,2244.08,East Asia & Pacific
"Iran, Islamic Rep.",IRN,2006,96.12,GDP per capita,4778.79,Middle East & North Africa
Israel,ISR,2006,99.83,GDP per capita,30734.96,Middle East & North Africa
Italy,ITA,2006,99.68,GDP per capita,33873.05,Europe & Central Asia
Jordan,JOR,2006,99.67,GDP per capita,4209.87,Middle East & North Africa
Kazakhstan,KAZ,2006,99.99,GDP per capita,7450.4,Europe & Central Asia
"Korea, Rep.",KOR,2006,98.86,GDP per capita,23162.19,East Asia & Pacific
Kyrgyz Republic,KGZ,2006,99.01,GDP per capita,837.14,Europe & Central Asia
Lao PDR,LAO,2006,81.04,GDP per capita,1228.09,East Asia & Pacific
Lebanon,LBN,2006,96.91,GDP per capita,6696.37,Middle East & North Africa
Lesotho,LSO,2006,76.25,GDP per capita,893.75,Sub-Saharan Africa
Lithuania,LTU,2006,99.22,GDP per capita,10577.21,Europe & Central Asia
"Macao SAR, China",MAC,2006,99.7,GDP per capita,53240.2,East Asia & Pacific
Madagascar,MDG,2006,75.01,GDP per capita,461.54,Sub-Saharan Africa
Malawi,MWI,2006,84.89,GDP per capita,417.88,Sub-Saharan Africa
Malaysia,MYS,2006,97.71,GDP per capita,7469.81,East Asia & Pacific
Mali,MLI,2006,86.33,GDP per capita,797.1,Sub-Saharan Africa
Malta,MLT,2006,97.58,GDP per capita,18479.21,Middle East & North Africa
Marshall Islands,MHL,2006,93.47,GDP per capita,3285.12,East Asia & Pacific
Mauritania,MRT,2006,60.79,GDP per capita,1637.04,Sub-Saharan Africa
Mauritius,MUS,2006,86.32,GDP per capita,6843.4,Sub-Saharan Africa
Mexico,MEX,2006,94.7,GDP per capita,9813.83,Latin America & Caribbean
Moldova,MDA,2006,98.93,GDP per capita,2017.18,Europe & Central Asia
Morocco,MAR,2006,86.57,GDP per capita,2489.99,Middle East & North Africa
Mozambique,MOZ,2006,65.69,GDP per capita,420.53,Sub-Saharan Africa
Myanmar,MMR,2006,72.84,GDP per capita,586.09,East Asia & Pacific
Niger,NER,2006,52.62,GDP per capita,415.85,Sub-Saharan Africa
North Macedonia,MKD,2006,99.52,GDP per capita,3866.75,Europe & Central Asia
Norway,NOR,2006,99.64,GDP per capita,74729.74,Europe & Central Asia
Pakistan,PAK,2006,78.72,GDP per capita,1243.94,Middle East & North Africa
Panama,PAN,2006,98.88,GDP per capita,8557.98,Latin America & Caribbean
Paraguay,PRY,2006,88.37,GDP per capita,4349.31,Latin America & Caribbean
Peru,PER,2006,97.96,GDP per capita,4091.36,Latin America & Caribbean
Philippines,PHL,2006,98.05,GDP per capita,2110.42,East Asia & Pacific
Poland,POL,2006,100.0,GDP per capita,9137.66,Europe & Central Asia
Qatar,QAT,2006,98.85,GDP per capita,64676.32,Middle East & North Africa
Samoa,WSM,2006,98.2,GDP per capita,3820.92,East Asia & Pacific
Senegal,SEN,2006,78.61,GDP per capita,1118.78,Sub-Saharan Africa
Serbia,SRB,2006,99.57,GDP per capita,5016.41,Europe & Central Asia
Slovak Republic,SVK,2006,99.34,GDP per capita,12430.2,Europe & Central Asia
Sri Lanka,LKA,2006,99.45,GDP per capita,2426.35,South Asia
Suriname,SUR,2006,55.0,GDP per capita,7599.36,Latin America & Caribbean
Sweden,SWE,2006,99.91,GDP per capita,48078.35,Europe & Central Asia
Switzerland,CHE,2006,99.77,GDP per capita,78893.81,Europe & Central Asia
Syrian Arab Republic,SYR,2006,98.35,GDP per capita,1420.72,Middle East & North Africa
Tajikistan,TJK,2006,98.15,GDP per capita,649.16,Europe & Central Asia
Turkiye,TUR,2006,98.91,GDP per capita,8078.52,Europe & Central Asia
Uganda,UGA,2006,64.49,GDP per capita,650.27,Sub-Saharan Africa
Ukraine,UKR,2006,99.76,GDP per capita,2298.13,Europe & Central Asia
United Arab Emirates,ARE,2006,99.63,GDP per capita,56629.98,Middle East & North Africa
Uruguay,URY,2006,78.53,GDP per capita,11574.47,Latin America & Caribbean
Uzbekistan,UZB,2006,99.81,GDP per capita,1643.15,Europe & Central Asia
"Venezuela, RB",VEN,2006,99.25,GDP per capita,4199.4,Latin America & Caribbean
West Bank and Gaza,PSE,2006,99.37,GDP per capita,2540.27,Middle East & North Africa
Zambia,ZMB,2006,66.57,GDP per capita,968.56,Sub-Saharan Africa
Albania,ALB,2007,98.22,GDP per capita,3105.88,Europe & Central Asia
Algeria,DZA,2007,96.58,GDP per capita,4339.25,Middle East & North Africa
Argentina,ARG,2007,95.16,GDP per capita,12811.9,Latin America & Caribbean
Armenia,ARM,2007,99.25,GDP per capita,2919.37,Europe & Central Asia
Azerbaijan,AZE,2007,99.58,GDP per capita,4412.2,Europe & Central Asia
"Bahamas, The",BHS,2007,99.79,GDP per capita,33549.34,Latin America & Caribbean
Barbados,BRB,2007,99.08,GDP per capita,23862.14,Latin America & Caribbean
Belarus,BLR,2007,98.7,GDP per capita,4682.21,Europe & Central Asia
Belize,BLZ,2007,96.38,GDP per capita,6465.83,Latin America & Caribbean
Bhutan,BTN,2007,98.25,GDP per capita,1952.26,South Asia
Botswana,BWA,2007,98.57,GDP per capita,6085.64,Sub-Saharan Africa
Brunei Darussalam,BRN,2007,99.66,GDP per capita,36174.52,East Asia & Pacific
Bulgaria,BGR,2007,97.31,GDP per capita,6048.74,Europe & Central Asia
Burkina Faso,BFA,2007,73.63,GDP per capita,519.26,Sub-Saharan Africa
Burundi,BDI,2007,66.17,GDP per capita,254.31,Sub-Saharan Africa
Cabo Verde,CPV,2007,94.28,GDP per capita,3056.97,Sub-Saharan Africa
Cambodia,KHM,2007,81.44,GDP per capita,1030.23,East Asia & Pacific
Cameroon,CMR,2007,59.51,GDP per capita,1295.73,Sub-Saharan Africa
Cayman Islands,CYM,2007,97.44,GDP per capita,96202.74,Latin America & Caribbean
Colombia,COL,2007,99.58,GDP per capita,4947.25,Latin America & Caribbean
"Congo, Dem. Rep.",COD,2007,89.04,GDP per capita,377.44,Sub-Saharan Africa
"Congo, Rep.",COG,2007,70.06,GDP per capita,2004.1,Sub-Saharan Africa
Costa Rica,CRI,2007,96.93,GDP per capita,9779.51,Latin America & Caribbean
Croatia,HRV,2007,99.43,GDP per capita,12717.99,Europe & Central Asia
Cuba,CUB,2007,98.48,GDP per capita,6215.77,Latin America & Caribbean
Cyprus,CYP,2007,99.91,GDP per capita,27156.82,Europe & Central Asia
Czechia,CZE,2007,99.25,GDP per capita,16892.54,Europe & Central Asia
Denmark,DNK,2007,96.28,GDP per capita,54113.98,Europe & Central Asia
Dominica,DMA,2007,97.08,GDP per capita,8106.19,Latin America & Caribbean
El Salvador,SLV,2007,95.18,GDP per capita,3359.16,Latin America & Caribbean
Eritrea,ERI,2007,92.53,GDP per capita,789.07,Sub-Saharan Africa
Estonia,EST,2007,99.44,GDP per capita,17543.47,Europe & Central Asia
Ethiopia,ETH,2007,92.93,GDP per capita,338.8,Sub-Saharan Africa
Fiji,FJI,2007,99.98,GDP per capita,4223.45,East Asia & Pacific
Finland,FIN,2007,99.98,GDP per capita,46213.69,Europe & Central Asia
"Gambia, The",GMB,2007,85.4,GDP per capita,637.21,Sub-Saharan Africa
Georgia,GEO,2007,99.7,GDP per capita,2891.14,Europe & Central Asia
Germany,DEU,2007,99.54,GDP per capita,38593.07,Europe & Central Asia
Ghana,GHA,2007,99.93,GDP per capita,1205.32,Sub-Saharan Africa
Guatemala,GTM,2007,92.87,GDP per capita,3527.78,Latin America & Caribbean
Guyana,GUY,2007,93.63,GDP per capita,4382.1,Latin America & Caribbean
"Hong Kong SAR, China",HKG,2007,99.97,GDP per capita,36371.69,East Asia & Pacific
Hungary,HUN,2007,99.84,GDP per capita,11791.71,Europe & Central Asia
Iceland,ISL,2007,99.83,GDP per capita,55457.36,Europe & Central Asia
Indonesia,IDN,2007,91.55,GDP per capita,2355.15,East Asia & Pacific
"Iran, Islamic Rep.",IRN,2007,97.78,GDP per capita,5084.72,Middle East & North Africa
Israel,ISR,2007,99.98,GDP per capita,32103.16,Middle East & North Africa
Italy,ITA,2007,99.96,GDP per capita,34159.91,Europe & Central Asia
Jordan,JOR,2007,99.99,GDP per capita,4287.35,Middle East & North Africa
Kazakhstan,KAZ,2007,99.97,GDP per capita,8036.88,Europe & Central Asia
"Korea, Rep.",KOR,2007,99.92,GDP per capita,24391.77,East Asia & Pacific
Kyrgyz Republic,KGZ,2007,99.85,GDP per capita,900.03,Europe & Central Asia
Lao PDR,LAO,2007,81.73,GDP per capita,1301.09,East Asia & Pacific
Latvia,LVA,2007,98.47,GDP per capita,12810.04,Europe & Central Asia
Lebanon,LBN,2007,94.81,GDP per capita,7179.35,Middle East & North Africa
Lesotho,LSO,2007,80.42,GDP per capita,927.27,Sub-Saharan Africa
Lithuania,LTU,2007,99.05,GDP per capita,11889.35,Europe & Central Asia
"Macao SAR, China",MAC,2007,98.22,GDP per capita,58376.12,East Asia & Pacific
Madagascar,MDG,2007,75.09,GDP per capita,473.79,Sub-Saharan Africa
Malawi,MWI,2007,89.24,GDP per capita,445.25,Sub-Saharan Africa
Malaysia,MYS,2007,97.84,GDP per capita,7769.6,East Asia & Pacific
Maldives,MDV,2007,98.53,GDP per capita,8933.17,South Asia
Mali,MLI,2007,83.16,GDP per capita,784.89,Sub-Saharan Africa
Malta,MLT,2007,99.79,GDP per capita,19342.33,Middle East & North Africa
Marshall Islands,MHL,2007,94.0,GDP per capita,3403.48,East Asia & Pacific
Mauritius,MUS,2007,85.49,GDP per capita,7202.44,Sub-Saharan Africa
Mexico,MEX,2007,94.25,GDP per capita,9877.7,Latin America & Caribbean
Moldova,MDA,2007,98.38,GDP per capita,2082.51,Europe & Central Asia
Morocco,MAR,2007,85.38,GDP per capita,2540.62,Middle East & North Africa
Mozambique,MOZ,2007,64.05,GDP per capita,442.05,Sub-Saharan Africa
Namibia,NAM,2007,92.39,GDP per capita,3987.62,Sub-Saharan Africa
Nepal,NPL,2007,87.93,GDP per capita,633.23,South Asia
Niger,NER,2007,59.59,GDP per capita,413.42,Sub-Saharan Africa
North Macedonia,MKD,2007,99.4,GDP per capita,4140.63,Europe & Central Asia
Norway,NOR,2007,99.95,GDP per capita,76115.71,Europe & Central Asia
Pakistan,PAK,2007,74.97,GDP per capita,1265.36,Middle East & North Africa
Panama,PAN,2007,99.84,GDP per capita,9507.65,Latin America & Caribbean
Paraguay,PRY,2007,89.29,GDP per capita,4540.38,Latin America & Caribbean
Peru,PER,2007,96.39,GDP per capita,4407.79,Latin America & Caribbean
Philippines,PHL,2007,99.06,GDP per capita,2209.35,East Asia & Pacific
Qatar,QAT,2007,99.89,GDP per capita,61423.01,Middle East & North Africa
Russian Federation,RUS,2007,100.0,GDP per capita,8640.41,Europe & Central Asia
Sao Tome and Principe,STP,2007,75.85,GDP per capita,1170.52,Sub-Saharan Africa
Saudi Arabia,SAU,2007,94.79,GDP per capita,21196.79,Middle East & North Africa
Senegal,SEN,2007,75.03,GDP per capita,1124.0,Sub-Saharan Africa
Serbia,SRB,2007,99.79,GDP per capita,5431.28,Europe & Central Asia
Seychelles,SYC,2007,99.82,GDP per capita,13112.82,Sub-Saharan Africa
Singapore,SGP,2007,92.93,GDP per capita,46178.81,East Asia & Pacific
Slovak Republic,SVK,2007,99.39,GDP per capita,13770.96,Europe & Central Asia
St. Lucia,LCA,2007,97.9,GDP per capita,10147.44,Latin America & Caribbean
St. Vincent and the Grenadines,VCT,2007,98.22,GDP per capita,6960.17,Latin America & Caribbean
Suriname,SUR,2007,67.85,GDP per capita,7897.26,Latin America & Caribbean
Sweden,SWE,2007,99.91,GDP per capita,49262.15,Europe & Central Asia
Switzerland,CHE,2007,99.61,GDP per capita,81254.17,Europe & Central Asia
Syrian Arab Republic,SYR,2007,98.65,GDP per capita,1411.69,Middle East & North Africa
Tajikistan,TJK,2007,98.72,GDP per capita,686.48,Europe & Central Asia
Togo,TGO,2007,78.11,GDP per capita,603.84,Sub-Saharan Africa
Trinidad and Tobago,TTO,2007,97.55,GDP per capita,17758.7,Latin America & Caribbean
Tunisia,TUN,2007,94.08,GDP per capita,3642.12,Middle East & North Africa
Turkiye,TUR,2007,98.52,GDP per capita,8477.53,Europe & Central Asia
Uganda,UGA,2007,66.43,GDP per capita,684.54,Sub-Saharan Africa
Ukraine,UKR,2007,99.62,GDP per capita,2498.35,Europe & Central Asia
Uruguay,URY,2007,88.42,GDP per capita,12310.48,Latin America & Caribbean
Uzbekistan,UZB,2007,99.94,GDP per capita,1773.76,Europe & Central Asia
"Venezuela, RB",VEN,2007,95.97,GDP per capita,4496.85,Latin America & Caribbean
West Bank and Gaza,PSE,2007,99.74,GDP per capita,2569.98,Middle East & North Africa
Zambia,ZMB,2007,78.99,GDP per capita,1013.09,Sub-Saharan Africa
Albania,ALB,2008,99.22,GDP per capita,3345.98,Europe & Central Asia
Angola,AGO,2008,40.82,GDP per capita,3559.2,Sub-Saharan Africa
Argentina,ARG,2008,95.31,GDP per capita,13197.36,Latin America & Caribbean
Aruba,ABW,2008,98.6,GDP per capita,29870.66,Latin America & Caribbean
Azerbaijan,AZE,2008,99.19,GDP per capita,4778.12,Europe & Central Asia
Barbados,BRB,2008,99.01,GDP per capita,23887.73,Latin America & Caribbean
Belarus,BLR,2008,99.07,GDP per capita,5177.65,Europe & Central Asia
Belize,BLZ,2008,96.39,GDP per capita,6187.96,Latin America & Caribbean
Bhutan,BTN,2008,98.17,GDP per capita,2017.76,South Asia
Brunei Darussalam,BRN,2008,99.49,GDP per capita,34126.69,East Asia & Pacific
Bulgaria,BGR,2008,97.92,GDP per capita,6464.72,Europe & Central Asia
Burkina Faso,BFA,2008,73.19,GDP per capita,533.47,Sub-Saharan Africa
Burundi,BDI,2008,62.71,GDP per capita,256.01,Sub-Saharan Africa
Cabo Verde,CPV,2008,93.46,GDP per capita,3238.44,Sub-Saharan Africa
Cameroon,CMR,2008,51.29,GDP per capita,1295.02,Sub-Saharan Africa
Central African Republic,CAF,2008,62.54,GDP per capita,450.31,Sub-Saharan Africa
China,CHN,2008,99.36,GDP per capita,4811.47,East Asia & Pacific
Colombia,COL,2008,99.66,GDP per capita,5048.57,Latin America & Caribbean
"Congo, Rep.",COG,2008,71.22,GDP per capita,2061.56,Sub-Saharan Africa
Costa Rica,CRI,2008,94.57,GDP per capita,10104.91,Latin America & Caribbean
Cote d'Ivoire,CIV,2008,68.76,GDP per capita,1454.63,Sub-Saharan Africa
Croatia,HRV,2008,99.39,GDP per capita,12970.44,Europe & Central Asia
Cuba,CUB,2008,98.6,GDP per capita,6469.09,Latin America & Caribbean
Cyprus,CYP,2008,99.99,GDP per capita,27449.23,Europe & Central Asia
Czechia,CZE,2008,99.73,GDP per capita,17190.65,Europe & Central Asia
Denmark,DNK,2008,99.79,GDP per capita,53572.53,Europe & Central Asia
Dominica,DMA,2008,91.6,GDP per capita,8682.57,Latin America & Caribbean
Dominican Republic,DOM,2008,95.3,GDP per capita,5308.93,Latin America & Caribbean
Ecuador,ECU,2008,97.17,GDP per capita,4939.9,Latin America & Caribbean
El Salvador,SLV,2008,97.29,GDP per capita,3420.45,Latin America & Caribbean
Eritrea,ERI,2008,92.23,GDP per capita,693.4,Sub-Saharan Africa
Estonia,EST,2008,99.43,GDP per capita,16689.0,Europe & Central Asia
Ethiopia,ETH,2008,90.64,GDP per capita,364.64,Sub-Saharan Africa
Fiji,FJI,2008,96.3,GDP per capita,4240.77,East Asia & Pacific
Finland,FIN,2008,99.88,GDP per capita,46359.87,Europe & Central Asia
Georgia,GEO,2008,98.87,GDP per capita,2970.16,Europe & Central Asia
Ghana,GHA,2008,95.75,GDP per capita,1282.63,Sub-Saharan Africa
Grenada,GRD,2008,87.67,GDP per capita,8307.49,Latin America & Caribbean
Guatemala,GTM,2008,98.75,GDP per capita,3569.93,Latin America & Caribbean
Guinea,GIN,2008,58.76,GDP per capita,684.78,Sub-Saharan Africa
Guyana,GUY,2008,93.9,GDP per capita,4472.35,Latin America & Caribbean
"Hong Kong SAR, China",HKG,2008,99.86,GDP per capita,36924.09,East Asia & Pacific
Hungary,HUN,2008,99.66,GDP per capita,11929.72,Europe & Central Asia
Iceland,ISL,2008,99.78,GDP per capita,55360.81,Europe & Central Asia
Indonesia,IDN,2008,92.05,GDP per capita,2464.6,East Asia & Pacific
"Iran, Islamic Rep.",IRN,2008,99.37,GDP per capita,5035.94,Middle East & North Africa
Israel,ISR,2008,99.99,GDP per capita,32554.04,Middle East & North Africa
Italy,ITA,2008,99.94,GDP per capita,33550.63,Europe & Central Asia
Jamaica,JAM,2008,98.0,GDP per capita,5639.59,Latin America & Caribbean
Kazakhstan,KAZ,2008,99.84,GDP per capita,8216.52,Europe & Central Asia
"Korea, Rep.",KOR,2008,99.99,GDP per capita,24934.54,East Asia & Pacific
Kyrgyz Republic,KGZ,2008,99.6,GDP per capita,966.41,Europe & Central Asia
Lao PDR,LAO,2008,82.71,GDP per capita,1381.74,East Asia & Pacific
Latvia,LVA,2008,99.23,GDP per capita,12506.69,Europe & Central Asia
Lebanon,LBN,2008,95.06,GDP per capita,7701.3,Middle East & North Africa
Lesotho,LSO,2008,84.73,GDP per capita,971.88,Sub-Saharan Africa
Liberia,LBR,2008,80.73,GDP per capita,591.19,Sub-Saharan Africa
Lithuania,LTU,2008,99.33,GDP per capita,12324.52,Europe & Central Asia
"Macao SAR, China",MAC,2008,99.11,GDP per capita,58146.33,East Asia & Pacific
Madagascar,MDG,2008,73.3,GDP per capita,490.96,Sub-Saharan Africa
Malawi,MWI,2008,84.14,GDP per capita,465.55,Sub-Saharan Africa
Malaysia,MYS,2008,96.32,GDP per capita,7976.12,East Asia & Pacific
Maldives,MDV,2008,96.24,GDP per capita,9396.5,South Asia
Mali,MLI,2008,84.8,GDP per capita,787.16,Sub-Saharan Africa
Marshall Islands,MHL,2008,90.87,GDP per capita,3146.26,East Asia & Pacific
Mauritania,MRT,2008,39.31,GDP per capita,1514.27,Sub-Saharan Africa
Mauritius,MUS,2008,84.74,GDP per capita,7563.03,Sub-Saharan Africa
Mexico,MEX,2008,94.87,GDP per capita,9826.34,Latin America & Caribbean
Moldova,MDA,2008,98.15,GDP per capita,2249.23,Europe & Central Asia
Morocco,MAR,2008,87.05,GDP per capita,2648.59,Middle East & North Africa
Mozambique,MOZ,2008,60.24,GDP per capita,460.95,Sub-Saharan Africa
Namibia,NAM,2008,93.9,GDP per capita,4036.38,Sub-Saharan Africa
Niger,NER,2008,58.72,GDP per capita,429.2,Sub-Saharan Africa
North Macedonia,MKD,2008,98.68,GDP per capita,4392.55,Europe & Central Asia
Norway,NOR,2008,99.77,GDP per capita,75535.21,Europe & Central Asia
Pakistan,PAK,2008,74.95,GDP per capita,1258.05,Middle East & North Africa
Panama,PAN,2008,98.05,GDP per capita,10288.15,Latin America & Caribbean
Paraguay,PRY,2008,90.13,GDP per capita,4788.66,Latin America & Caribbean
Peru,PER,2008,97.63,GDP per capita,4778.53,Latin America & Caribbean
Philippines,PHL,2008,98.89,GDP per capita,2264.95,East Asia & Pacific
Poland,POL,2008,99.36,GDP per capita,10187.2,Europe & Central Asia
Qatar,QAT,2008,99.61,GDP per capita,61213.72,Middle East & North Africa
Romania,ROU,2008,99.43,GDP per capita,8318.0,Europe & Central Asia
Russian Federation,RUS,2008,100.0,GDP per capita,9093.7,Europe & Central Asia
San Marino,SMR,2008,96.62,GDP per capita,61572.74,Europe & Central Asia
Sao Tome and Principe,STP,2008,75.36,GDP per capita,1214.14,Sub-Saharan Africa
Senegal,SEN,2008,71.83,GDP per capita,1138.67,Sub-Saharan Africa
Serbia,SRB,2008,99.36,GDP per capita,5735.95,Europe & Central Asia
Seychelles,SYC,2008,98.25,GDP per capita,12473.29,Sub-Saharan Africa
Singapore,SGP,2008,90.83,GDP per capita,44601.58,East Asia & Pacific
Slovak Republic,SVK,2008,99.39,GDP per capita,14497.11,Europe & Central Asia
Slovenia,SVN,2008,99.43,GDP per capita,22175.24,Europe & Central Asia
Spain,ESP,2008,99.8,GDP per capita,27112.53,Europe & Central Asia
Sri Lanka,LKA,2008,97.35,GDP per capita,2708.59,South Asia
St. Lucia,LCA,2008,97.6,GDP per capita,10583.43,Latin America & Caribbean
Suriname,SUR,2008,56.42,GDP per capita,8129.11,Latin America & Caribbean
Sweden,SWE,2008,99.78,GDP per capita,48428.66,Europe & Central Asia
Switzerland,CHE,2008,99.68,GDP per capita,82481.07,Europe & Central Asia
Syrian Arab Republic,SYR,2008,97.68,GDP per capita,1423.6,Middle East & North Africa
Tajikistan,TJK,2008,98.57,GDP per capita,726.19,Europe & Central Asia
Tanzania,TZA,2008,47.56,GDP per capita,752.54,Sub-Saharan Africa
Timor-Leste,TLS,2008,89.65,GDP per capita,1042.87,East Asia & Pacific
Trinidad and Tobago,TTO,2008,94.33,GDP per capita,18285.27,Latin America & Caribbean
Tunisia,TUN,2008,94.44,GDP per capita,3760.12,Middle East & North Africa
Turkiye,TUR,2008,98.22,GDP per capita,8447.94,Europe & Central Asia
Uganda,UGA,2008,63.43,GDP per capita,722.57,Sub-Saharan Africa
Ukraine,UKR,2008,99.77,GDP per capita,2567.69,Europe & Central Asia
Uruguay,URY,2008,82.26,GDP per capita,13165.84,Latin America & Caribbean
Uzbekistan,UZB,2008,99.48,GDP per capita,1904.46,Europe & Central Asia
"Venezuela, RB",VEN,2008,97.81,GDP per capita,4665.95,Latin America & Caribbean
West Bank and Gaza,PSE,2008,97.11,GDP per capita,2685.99,Middle East & North Africa
Zambia,ZMB,2008,74.52,GDP per capita,1053.59,Sub-Saharan Africa
Albania,ALB,2009,98.09,GDP per capita,3459.25,Europe & Central Asia
Algeria,DZA,2009,98.91,GDP per capita,4336.1,Middle East & North Africa
Argentina,ARG,2009,95.88,GDP per capita,12285.38,Latin America & Caribbean
Azerbaijan,AZE,2009,98.55,GDP per capita,5118.43,Europe & Central Asia
"Bahamas, The",BHS,2009,99.02,GDP per capita,30581.33,Latin America & Caribbean
Belarus,BLR,2009,98.55,GDP per capita,5200.77,Europe & Central Asia
Belize,BLZ,2009,96.27,GDP per capita,5997.68,Latin America & Caribbean
Bhutan,BTN,2009,98.61,GDP per capita,2148.56,South Asia
Bolivia,BOL,2009,95.04,GDP per capita,2422.58,Latin America & Caribbean
Bosnia and Herzegovina,BIH,2009,83.67,GDP per capita,3877.54,Europe & Central Asia
Brunei Darussalam,BRN,2009,99.63,GDP per capita,32855.6,East Asia & Pacific
Bulgaria,BGR,2009,98.81,GDP per capita,6288.73,Europe & Central Asia
Burkina Faso,BFA,2009,74.86,GDP per capita,533.47,Sub-Saharan Africa
Burundi,BDI,2009,69.99,GDP per capita,252.58,Sub-Saharan Africa
Cabo Verde,CPV,2009,96.44,GDP per capita,3159.59,Sub-Saharan Africa
Cambodia,KHM,2009,82.6,GDP per capita,1117.26,East Asia & Pacific
Chad,TCD,2009,91.37,GDP per capita,871.49,Sub-Saharan Africa
Colombia,COL,2009,98.26,GDP per capita,5046.97,Latin America & Caribbean
"Congo, Rep.",COG,2009,75.8,GDP per capita,2211.32,Sub-Saharan Africa
Costa Rica,CRI,2009,92.03,GDP per capita,9883.68,Latin America & Caribbean
Croatia,HRV,2009,99.7,GDP per capita,12099.55,Europe & Central Asia
Cuba,CUB,2009,98.92,GDP per capita,6561.25,Latin America & Caribbean
Cyprus,CYP,2009,99.9,GDP per capita,26183.69,Europe & Central Asia
Czechia,CZE,2009,99.36,GDP per capita,16272.81,Europe & Central Asia
Denmark,DNK,2009,99.92,GDP per capita,50635.91,Europe & Central Asia
Dominica,DMA,2009,98.05,GDP per capita,8582.71,Latin America & Caribbean
Dominican Republic,DOM,2009,91.06,GDP per capita,5294.65,Latin America & Caribbean
Ecuador,ECU,2009,97.0,GDP per capita,4909.34,Latin America & Caribbean
El Salvador,SLV,2009,98.31,GDP per capita,3337.81,Latin America & Caribbean
Eritrea,ERI,2009,90.5,GDP per capita,702.43,Sub-Saharan Africa
Estonia,EST,2009,99.83,GDP per capita,14274.85,Europe & Central Asia
Eswatini,SWZ,2009,97.73,GDP per capita,2973.83,Sub-Saharan Africa
Ethiopia,ETH,2009,92.64,GDP per capita,385.63,Sub-Saharan Africa
Finland,FIN,2009,99.94,GDP per capita,42412.51,Europe & Central Asia
Georgia,GEO,2009,99.77,GDP per capita,2887.26,Europe & Central Asia
Guatemala,GTM,2009,95.98,GDP per capita,3516.19,Latin America & Caribbean
Guinea,GIN,2009,76.83,GDP per capita,660.76,Sub-Saharan Africa
Guyana,GUY,2009,95.21,GDP per capita,4649.34,Latin America & Caribbean
Hungary,HUN,2009,99.82,GDP per capita,11142.89,Europe & Central Asia
Iceland,ISL,2009,99.93,GDP per capita,50581.08,Europe & Central Asia
Indonesia,IDN,2009,89.84,GDP per capita,2546.22,East Asia & Pacific
"Iran, Islamic Rep.",IRN,2009,96.43,GDP per capita,5023.89,Middle East & North Africa
Israel,ISR,2009,99.99,GDP per capita,32178.57,Middle East & North Africa
Italy,ITA,2009,99.94,GDP per capita,31587.06,Europe & Central Asia
Jamaica,JAM,2009,99.35,GDP per capita,5372.14,Latin America & Caribbean
Kazakhstan,KAZ,2009,99.83,GDP per capita,8218.4,Europe & Central Asia
Kuwait,KWT,2009,99.74,GDP per capita,35124.09,Middle East & North Africa
Kyrgyz Republic,KGZ,2009,99.33,GDP per capita,981.22,Europe & Central Asia
Lao PDR,LAO,2009,82.65,GDP per capita,1463.34,East Asia & Pacific
Latvia,LVA,2009,98.8,GDP per capita,10675.43,Europe & Central Asia
Lebanon,LBN,2009,97.06,GDP per capita,8375.49,Middle East & North Africa
Lesotho,LSO,2009,87.7,GDP per capita,952.75,Sub-Saharan Africa
Lithuania,LTU,2009,99.24,GDP per capita,10612.92,Europe & Central Asia
"Macao SAR, China",MAC,2009,99.74,GDP per capita,59528.84,East Asia & Pacific
Madagascar,MDG,2009,72.85,GDP per capita,457.79,Sub-Saharan Africa
Malawi,MWI,2009,89.69,GDP per capita,489.63,Sub-Saharan Africa
Malaysia,MYS,2009,95.55,GDP per capita,7700.46,East Asia & Pacific
Mali,MLI,2009,86.33,GDP per capita,803.49,Sub-Saharan Africa
Mauritius,MUS,2009,85.45,GDP per capita,7793.03,Sub-Saharan Africa
Mexico,MEX,2009,95.31,GDP per capita,9074.12,Latin America & Caribbean
Moldova,MDA,2009,98.25,GDP per capita,2116.94,Europe & Central Asia
Morocco,MAR,2009,88.57,GDP per capita,2710.67,Middle East & North Africa
Mozambique,MOZ,2009,62.25,GDP per capita,475.79,Sub-Saharan Africa
Namibia,NAM,2009,94.08,GDP per capita,3989.21,Sub-Saharan Africa
Niger,NER,2009,71.91,GDP per capita,421.65,Sub-Saharan Africa
Nigeria,NGA,2009,60.37,GDP per capita,2204.61,Sub-Saharan Africa
Norway,NOR,2009,99.93,GDP per capita,73141.31,Europe & Central Asia
Pakistan,PAK,2009,76.71,GDP per capita,1269.07,Middle East & North Africa
Panama,PAN,2009,98.75,GDP per capita,10267.06,Latin America & Caribbean
Paraguay,PRY,2009,92.0,GDP per capita,4727.6,Latin America & Caribbean
Peru,PER,2009,96.66,GDP per capita,4801.17,Latin America & Caribbean
Poland,POL,2009,99.04,GDP per capita,10446.53,Europe & Central Asia
Romania,ROU,2009,99.41,GDP per capita,7924.87,Europe & Central Asia
Samoa,WSM,2009,99.86,GDP per capita,3875.94,East Asia & Pacific
San Marino,SMR,2009,99.73,GDP per capita,52873.27,Europe & Central Asia
Sao Tome and Principe,STP,2009,72.69,GDP per capita,1225.61,Sub-Saharan Africa
Senegal,SEN,2009,79.33,GDP per capita,1142.65,Sub-Saharan Africa
Serbia,SRB,2009,98.42,GDP per capita,5578.01,Europe & Central Asia
Seychelles,SYC,2009,98.04,GDP per capita,12116.38,Sub-Saharan Africa
Slovak Republic,SVK,2009,99.4,GDP per capita,13680.75,Europe & Central Asia
Slovenia,SVN,2009,99.42,GDP per capita,20307.62,Europe & Central Asia
Spain,ESP,2009,98.68,GDP per capita,25860.81,Europe & Central Asia
St. Kitts and Nevis,KNA,2009,96.62,GDP per capita,17671.25,Latin America & Caribbean
St. Lucia,LCA,2009,97.05,GDP per capita,10219.8,Latin America & Caribbean
Sudan,SDN,2009,96.34,GDP per capita,1301.35,Sub-Saharan Africa
Suriname,SUR,2009,69.67,GDP per capita,8276.69,Latin America & Caribbean
Sweden,SWE,2009,99.76,GDP per capita,45974.39,Europe & Central Asia
Switzerland,CHE,2009,99.91,GDP per capita,79585.52,Europe & Central Asia
Syrian Arab Republic,SYR,2009,97.91,GDP per capita,1484.41,Middle East & North Africa
Tajikistan,TJK,2009,98.78,GDP per capita,739.21,Europe & Central Asia
Timor-Leste,TLS,2009,89.65,GDP per capita,1120.1,East Asia & Pacific
Togo,TGO,2009,84.6,GDP per capita,625.71,Sub-Saharan Africa
Trinidad and Tobago,TTO,2009,94.2,GDP per capita,17461.96,Latin America & Caribbean
Tunisia,TUN,2009,99.07,GDP per capita,3835.25,Middle East & North Africa
Uganda,UGA,2009,49.62,GDP per capita,749.34,Sub-Saharan Africa
Ukraine,UKR,2009,99.73,GDP per capita,2188.17,Europe & Central Asia
United Arab Emirates,ARE,2009,97.67,GDP per capita,42672.2,Middle East & North Africa
Uruguay,URY,2009,81.29,GDP per capita,13691.71,Latin America & Caribbean
Uzbekistan,UZB,2009,99.4,GDP per capita,2025.04,Europe & Central Asia
Vanuatu,VUT,2009,89.44,GDP per capita,2888.14,East Asia & Pacific
"Venezuela, RB",VEN,2009,97.81,GDP per capita,4455.45,Latin America & Caribbean
West Bank and Gaza,PSE,2009,96.81,GDP per capita,2840.02,Middle East & North Africa
Zambia,ZMB,2009,73.51,GDP per capita,1110.72,Sub-Saharan Africa
Albania,ALB,2010,99.19,GDP per capita,3579.82,Europe & Central Asia
Algeria,DZA,2010,98.57,GDP per capita,4456.61,Middle East & North Africa
Angola,AGO,2010,52.48,GDP per capita,3540.79,Sub-Saharan Africa
Argentina,ARG,2010,96.18,GDP per capita,13387.16,Latin America & Caribbean
Austria,AUT,2010,99.95,GDP per capita,43035.41,Europe & Central Asia
Azerbaijan,AZE,2010,98.72,GDP per capita,5300.11,Europe & Central Asia
Bangladesh,BGD,2010,94.51,GDP per capita,943.66,South Asia
Belarus,BLR,2010,98.44,GDP per capita,5616.09,Europe & Central Asia
Belize,BLZ,2010,97.49,GDP per capita,5937.75,Latin America & Caribbean
Benin,BEN,2010,78.35,GDP per capita,928.25,Sub-Saharan Africa
Bermuda,BMU,2010,86.32,GDP per capita,118382.91,North America
Bhutan,BTN,2010,99.6,GDP per capita,2378.73,South Asia
Bolivia,BOL,2010,94.0,GDP per capita,2481.41,Latin America & Caribbean
Brunei Darussalam,BRN,2010,99.95,GDP per capita,33121.32,East Asia & Pacific
Bulgaria,BGR,2010,98.67,GDP per capita,6428.72,Europe & Central Asia
Burundi,BDI,2010,71.25,GDP per capita,253.31,Sub-Saharan Africa
Cabo Verde,CPV,2010,97.8,GDP per capita,3194.62,Sub-Saharan Africa
Cambodia,KHM,2010,81.87,GDP per capita,1155.85,East Asia & Pacific
Cameroon,CMR,2010,60.81,GDP per capita,1290.9,Sub-Saharan Africa
Chad,TCD,2010,95.51,GDP per capita,956.95,Sub-Saharan Africa
Chile,CHL,2010,96.53,GDP per capita,11649.29,Latin America & Caribbean
Colombia,COL,2010,98.6,GDP per capita,5214.25,Latin America & Caribbean
"Congo, Rep.",COG,2010,77.27,GDP per capita,2332.29,Sub-Saharan Africa
Costa Rica,CRI,2010,92.91,GDP per capita,10285.09,Latin America & Caribbean
Croatia,HRV,2010,99.49,GDP per capita,11965.0,Europe & Central Asia
Cuba,CUB,2010,98.63,GDP per capita,6716.49,Latin America & Caribbean
Cyprus,CYP,2010,99.43,GDP per capita,26090.05,Europe & Central Asia
Czechia,CZE,2010,99.34,GDP per capita,16665.93,Europe & Central Asia
Denmark,DNK,2010,99.87,GDP per capita,51209.45,Europe & Central Asia
Dominica,DMA,2010,99.86,GDP per capita,8574.27,Latin America & Caribbean
Dominican Republic,DOM,2010,94.59,GDP per capita,5666.46,Latin America & Caribbean
Ecuador,ECU,2010,95.31,GDP per capita,5022.2,Latin America & Caribbean
El Salvador,SLV,2010,96.32,GDP per capita,3398.49,Latin America & Caribbean
Equatorial Guinea,GNQ,2010,97.24,GDP per capita,10984.32,Sub-Saharan Africa
Eritrea,ERI,2010,96.32,GDP per capita,703.88,Sub-Saharan Africa
Estonia,EST,2010,99.48,GDP per capita,14657.94,Europe & Central Asia
Eswatini,SWZ,2010,96.18,GDP per capita,3069.52,Sub-Saharan Africa
Ethiopia,ETH,2010,89.49,GDP per capita,421.9,Sub-Saharan Africa
Finland,FIN,2010,99.97,GDP per capita,43556.54,Europe & Central Asia
"Gambia, The",GMB,2010,86.42,GDP per capita,701.01,Sub-Saharan Africa
Greece,GRC,2010,98.52,GDP per capita,21547.72,Europe & Central Asia
Guatemala,GTM,2010,89.82,GDP per capita,3546.63,Latin America & Caribbean
"Hong Kong SAR, China",HKG,2010,99.79,GDP per capita,38090.02,East Asia & Pacific
Hungary,HUN,2010,99.68,GDP per capita,11287.37,Europe & Central Asia
Iceland,ISL,2010,99.75,GDP per capita,49528.49,Europe & Central Asia
India,IND,2010,91.99,GDP per capita,1235.16,South Asia
"Iran, Islamic Rep.",IRN,2010,97.33,GDP per capita,5249.06,Middle East & North Africa
Israel,ISR,2010,99.92,GDP per capita,33344.72,Middle East & North Africa
Italy,ITA,2010,99.94,GDP per capita,31928.55,Europe & Central Asia
Jamaica,JAM,2010,96.42,GDP per capita,5271.57,Latin America & Caribbean
Jordan,JOR,2010,99.13,GDP per capita,4621.57,Middle East & North Africa
Kazakhstan,KAZ,2010,99.96,GDP per capita,8704.71,Europe & Central Asia
"Korea, Rep.",KOR,2010,99.98,GDP per capita,26623.05,East Asia & Pacific
Kyrgyz Republic,KGZ,2010,98.18,GDP per capita,962.76,Europe & Central Asia
Lao PDR,LAO,2010,82.81,GDP per capita,1564.91,East Asia & Pacific
Latvia,LVA,2010,98.77,GDP per capita,10500.87,Europe & Central Asia
Lebanon,LBN,2010,95.16,GDP per capita,8955.54,Middle East & North Africa
Lesotho,LSO,2010,85.01,GDP per capita,995.23,Sub-Saharan Africa
Lithuania,LTU,2010,98.8,GDP per capita,10884.12,Europe & Central Asia
"Macao SAR, China",MAC,2010,99.41,GDP per capita,74195.06,East Asia & Pacific
Madagascar,MDG,2010,79.81,GDP per capita,447.42,Sub-Saharan Africa
Malawi,MWI,2010,89.05,GDP per capita,508.09,Sub-Saharan Africa
Malaysia,MYS,2010,94.76,GDP per capita,8118.92,East Asia & Pacific
Mali,MLI,2010,92.89,GDP per capita,821.18,Sub-Saharan Africa
Malta,MLT,2010,97.5,GDP per capita,20750.65,Middle East & North Africa
Mauritius,MUS,2010,85.84,GDP per capita,8114.82,Sub-Saharan Africa
Mexico,MEX,2010,96.35,GDP per capita,9389.07,Latin America & Caribbean
Moldova,MDA,2010,98.13,GDP per capita,2269.51,Europe & Central Asia
Morocco,MAR,2010,88.43,GDP per capita,2767.04,Middle East & North Africa
Mozambique,MOZ,2010,59.41,GDP per capita,494.16,Sub-Saharan Africa
Niger,NER,2010,72.25,GDP per capita,441.08,Sub-Saharan Africa
Norway,NOR,2010,99.8,GDP per capita,72804.4,Europe & Central Asia
Pakistan,PAK,2010,74.85,GDP per capita,1256.69,Middle East & North Africa
Panama,PAN,2010,98.89,GDP per capita,10698.07,Latin America & Caribbean
Paraguay,PRY,2010,92.98,GDP per capita,5191.05,Latin America & Caribbean
Peru,PER,2010,94.38,GDP per capita,5167.39,Latin America & Caribbean
Poland,POL,2010,99.18,GDP per capita,10808.4,Europe & Central Asia
Qatar,QAT,2010,99.97,GDP per capita,72333.8,Middle East & North Africa
Romania,ROU,2010,99.53,GDP per capita,7660.71,Europe & Central Asia
Samoa,WSM,2010,94.45,GDP per capita,4081.16,East Asia & Pacific
San Marino,SMR,2010,98.8,GDP per capita,49672.7,Europe & Central Asia
Sao Tome and Principe,STP,2010,97.22,GDP per capita,1216.35,Sub-Saharan Africa
Senegal,SEN,2010,94.66,GDP per capita,1153.53,Sub-Saharan Africa
Serbia,SRB,2010,99.95,GDP per capita,5690.7,Europe & Central Asia
Seychelles,SYC,2010,96.62,GDP per capita,12313.56,Sub-Saharan Africa
Slovak Republic,SVK,2010,99.29,GDP per capita,14596.15,Europe & Central Asia
Slovenia,SVN,2010,99.98,GDP per capita,20444.12,Europe & Central Asia
Solomon Islands,SLB,2010,89.98,GDP per capita,2058.96,East Asia & Pacific
Sri Lanka,LKA,2010,98.74,GDP per capita,2993.01,South Asia
St. Lucia,LCA,2010,97.76,GDP per capita,10191.31,Latin America & Caribbean
St. Vincent and the Grenadines,VCT,2010,95.37,GDP per capita,6678.04,Latin America & Caribbean
Suriname,SUR,2010,69.96,GDP per capita,8603.91,Latin America & Caribbean
Sweden,SWE,2010,99.85,GDP per capita,48205.55,Europe & Central Asia
Switzerland,CHE,2010,99.89,GDP per capita,81315.42,Europe & Central Asia
Syrian Arab Republic,SYR,2010,98.51,GDP per capita,1526.37,Middle East & North Africa
Tajikistan,TJK,2010,98.68,GDP per capita,770.6,Europe & Central Asia
Timor-Leste,TLS,2010,94.81,GDP per capita,1195.38,East Asia & Pacific
Togo,TGO,2010,91.14,GDP per capita,644.56,Sub-Saharan Africa
Turkiye,TUR,2010,98.91,GDP per capita,8472.58,Europe & Central Asia
Uganda,UGA,2010,62.34,GDP per capita,768.62,Sub-Saharan Africa
Ukraine,UKR,2010,99.87,GDP per capita,2285.93,Europe & Central Asia
United Arab Emirates,ARE,2010,95.77,GDP per capita,42328.85,Middle East & North Africa
Uzbekistan,UZB,2010,99.03,GDP per capita,2144.64,Europe & Central Asia
"Venezuela, RB",VEN,2010,99.51,GDP per capita,4332.03,Latin America & Caribbean
Viet Nam,VNM,2010,100.0,GDP per capita,2027.58,East Asia & Pacific
West Bank and Gaza,PSE,2010,97.25,GDP per capita,2927.08,Middle East & North Africa
Zambia,ZMB,2010,60.58,GDP per capita,1183.42,Sub-Saharan Africa
Albania,ALB,2011,99.49,GDP per capita,3677.89,Europe & Central Asia
Algeria,DZA,2011,97.73,GDP per capita,4501.35,Middle East & North Africa
Argentina,ARG,2011,96.62,GDP per capita,14040.62,Latin America & Caribbean
Armenia,ARM,2011,97.79,GDP per capita,2943.84,Europe & Central Asia
Austria,AUT,2011,99.84,GDP per capita,44146.2,Europe & Central Asia
Azerbaijan,AZE,2011,99.04,GDP per capita,5149.21,Europe & Central Asia
Bahrain,BHR,2011,99.79,GDP per capita,23288.04,Middle East & North Africa
Belarus,BLR,2011,98.49,GDP per capita,5941.69,Europe & Central Asia
Belize,BLZ,2011,98.88,GDP per capita,5802.24,Latin America & Caribbean
Bermuda,BMU,2011,92.84,GDP per capita,113937.84,North America
Bhutan,BTN,2011,98.88,GDP per capita,2552.49,South Asia
Bolivia,BOL,2011,95.01,GDP per capita,2568.52,Latin America & Caribbean
Brunei Darussalam,BRN,2011,99.6,GDP per capita,33754.36,East Asia & Pacific
Bulgaria,BGR,2011,99.05,GDP per capita,6605.31,Europe & Central Asia
Burkina Faso,BFA,2011,72.08,GDP per capita,581.6,Sub-Saharan Africa
Burundi,BDI,2011,69.33,GDP per capita,254.24,Sub-Saharan Africa
Cabo Verde,CPV,2011,97.23,GDP per capita,3309.2,Sub-Saharan Africa
Cambodia,KHM,2011,81.02,GDP per capita,1221.39,East Asia & Pacific
Cameroon,CMR,2011,65.12,GDP per capita,1297.31,Sub-Saharan Africa
Cayman Islands,CYM,2011,92.72,GDP per capita,78233.02,Latin America & Caribbean
Central African Republic,CAF,2011,75.43,GDP per capita,532.38,Sub-Saharan Africa
Chad,TCD,2011,87.23,GDP per capita,965.29,Sub-Saharan Africa
Chile,CHL,2011,97.39,GDP per capita,12252.84,Latin America & Caribbean
Colombia,COL,2011,99.41,GDP per capita,5517.1,Latin America & Caribbean
"Congo, Dem. Rep.",COD,2011,74.84,GDP per capita,417.13,Sub-Saharan Africa
"Congo, Rep.",COG,2011,76.44,GDP per capita,2307.49,Sub-Saharan Africa
Costa Rica,CRI,2011,94.03,GDP per capita,10612.47,Latin America & Caribbean
Cote d'Ivoire,CIV,2011,73.48,GDP per capita,1426.46,Sub-Saharan Africa
Croatia,HRV,2011,99.8,GDP per capita,11993.07,Europe & Central Asia
Cuba,CUB,2011,99.03,GDP per capita,6902.16,Latin America & Caribbean
Cyprus,CYP,2011,98.88,GDP per capita,25538.78,Europe & Central Asia
Czechia,CZE,2011,99.2,GDP per capita,16926.28,Europe & Central Asia
Denmark,DNK,2011,97.29,GDP per capita,51667.53,Europe & Central Asia
Dominica,DMA,2011,99.94,GDP per capita,8553.84,Latin America & Caribbean
Dominican Republic,DOM,2011,93.01,GDP per capita,5773.57,Latin America & Caribbean
Ecuador,ECU,2011,96.83,GDP per capita,5359.46,Latin America & Caribbean
El Salvador,SLV,2011,95.82,GDP per capita,3514.07,Latin America & Caribbean
Equatorial Guinea,GNQ,2011,96.13,GDP per capita,11203.91,Sub-Saharan Africa
Eritrea,ERI,2011,95.82,GDP per capita,751.37,Sub-Saharan Africa
Estonia,EST,2011,99.61,GDP per capita,15820.92,Europe & Central Asia
Eswatini,SWZ,2011,96.5,GDP per capita,3108.7,Sub-Saharan Africa
Ethiopia,ETH,2011,98.35,GDP per capita,455.91,Sub-Saharan Africa
Fiji,FJI,2011,94.25,GDP per capita,4375.58,East Asia & Pacific
Finland,FIN,2011,99.87,GDP per capita,44391.45,Europe & Central Asia
"Gambia, The",GMB,2011,92.35,GDP per capita,625.46,Sub-Saharan Africa
Georgia,GEO,2011,98.58,GDP per capita,3362.1,Europe & Central Asia
Ghana,GHA,2011,93.36,GDP per capita,1537.82,Sub-Saharan Africa
Greece,GRC,2011,98.41,GDP per capita,19448.26,Europe & Central Asia
Guatemala,GTM,2011,85.61,GDP per capita,3621.37,Latin America & Caribbean
Guinea,GIN,2011,53.69,GDP per capita,696.2,Sub-Saharan Africa
Honduras,HND,2011,68.45,GDP per capita,2144.56,Latin America & Caribbean
"Hong Kong SAR, China",HKG,2011,99.95,GDP per capita,39656.34,East Asia & Pacific
Iceland,ISL,2011,99.67,GDP per capita,50058.83,Europe & Central Asia
Indonesia,IDN,2011,96.44,GDP per capita,2799.62,East Asia & Pacific
"Iran, Islamic Rep.",IRN,2011,97.02,GDP per capita,5321.76,Middle East & North Africa
Israel,ISR,2011,99.89,GDP per capita,34540.67,Middle East & North Africa
Italy,ITA,2011,99.81,GDP per capita,32039.5,Europe & Central Asia
Kazakhstan,KAZ,2011,100.0,GDP per capita,9223.3,Europe & Central Asia
Kuwait,KWT,2011,99.36,GDP per capita,33545.35,Middle East & North Africa
Kyrgyz Republic,KGZ,2011,98.9,GDP per capita,1005.48,Europe & Central Asia
Lao PDR,LAO,2011,84.47,GDP per capita,1666.4,East Asia & Pacific
Latvia,LVA,2011,99.0,GDP per capita,11018.52,Europe & Central Asia
Lebanon,LBN,2011,96.35,GDP per capita,8936.2,Middle East & North Africa
Lesotho,LSO,2011,85.61,GDP per capita,1032.0,Sub-Saharan Africa
Lithuania,LTU,2011,99.39,GDP per capita,11836.72,Europe & Central Asia
"Macao SAR, China",MAC,2011,99.88,GDP per capita,88168.97,East Asia & Pacific
Madagascar,MDG,2011,78.5,GDP per capita,441.76,Sub-Saharan Africa
Malawi,MWI,2011,86.4,GDP per capita,517.83,Sub-Saharan Africa
Malaysia,MYS,2011,92.97,GDP per capita,8400.32,East Asia & Pacific
Maldives,MDV,2011,99.16,GDP per capita,9005.81,South Asia
Malta,MLT,2011,99.4,GDP per capita,20867.93,Middle East & North Africa
Mauritania,MRT,2011,57.5,GDP per capita,1472.55,Sub-Saharan Africa
Mauritius,MUS,2011,87.68,GDP per capita,8432.19,Sub-Saharan Africa
Mexico,MEX,2011,96.86,GDP per capita,9575.93,Latin America & Caribbean
Moldova,MDA,2011,98.42,GDP per capita,2402.94,Europe & Central Asia
Morocco,MAR,2011,88.62,GDP per capita,2879.54,Middle East & North Africa
Mozambique,MOZ,2011,57.42,GDP per capita,514.87,Sub-Saharan Africa
Niger,NER,2011,64.01,GDP per capita,434.99,Sub-Saharan Africa
Norway,NOR,2011,99.72,GDP per capita,72660.68,Europe & Central Asia
Oman,OMN,2011,99.64,GDP per capita,20993.91,Middle East & North Africa
Pakistan,PAK,2011,80.15,GDP per capita,1261.83,Middle East & North Africa
Panama,PAN,2011,98.77,GDP per capita,11761.5,Latin America & Caribbean
Paraguay,PRY,2011,94.46,GDP per capita,5342.19,Latin America & Caribbean
Peru,PER,2011,90.86,GDP per capita,5453.46,Latin America & Caribbean
Romania,ROU,2011,99.34,GDP per capita,8044.57,Europe & Central Asia
Russian Federation,RUS,2011,100.0,GDP per capita,9120.82,Europe & Central Asia
Rwanda,RWA,2011,79.3,GDP per capita,614.54,Sub-Saharan Africa
Samoa,WSM,2011,97.65,GDP per capita,4201.46,East Asia & Pacific
San Marino,SMR,2011,98.92,GDP per capita,46450.03,Europe & Central Asia
Saudi Arabia,SAU,2011,96.76,GDP per capita,23314.56,Middle East & North Africa
Senegal,SEN,2011,92.87,GDP per capita,1139.74,Sub-Saharan Africa
Serbia,SRB,2011,99.74,GDP per capita,5737.0,Europe & Central Asia
Sierra Leone,SLE,2011,79.29,GDP per capita,950.76,Sub-Saharan Africa
Slovak Republic,SVK,2011,99.25,GDP per capita,14950.87,Europe & Central Asia
Slovenia,SVN,2011,99.84,GDP per capita,20535.42,Europe & Central Asia
Solomon Islands,SLB,2011,89.07,GDP per capita,2132.03,East Asia & Pacific
Sri Lanka,LKA,2011,98.46,GDP per capita,3232.37,South Asia
St. Lucia,LCA,2011,95.98,GDP per capita,10576.9,Latin America & Caribbean
Suriname,SUR,2011,72.6,GDP per capita,9003.29,Latin America & Caribbean
Sweden,SWE,2011,99.85,GDP per capita,49356.59,Europe & Central Asia
Switzerland,CHE,2011,99.91,GDP per capita,81874.34,Europe & Central Asia
Syrian Arab Republic,SYR,2011,97.87,GDP per capita,1542.72,Middle East & North Africa
Tajikistan,TJK,2011,98.91,GDP per capita,809.37,Europe & Central Asia
Timor-Leste,TLS,2011,90.36,GDP per capita,1237.48,East Asia & Pacific
Turkiye,TUR,2011,99.04,GDP per capita,9265.86,Europe & Central Asia
Uganda,UGA,2011,63.63,GDP per capita,816.52,Sub-Saharan Africa
Ukraine,UKR,2011,99.75,GDP per capita,2418.12,Europe & Central Asia
United Arab Emirates,ARE,2011,99.42,GDP per capita,43687.78,Middle East & North Africa
Uzbekistan,UZB,2011,99.43,GDP per capita,2271.01,Europe & Central Asia
"Venezuela, RB",VEN,2011,98.76,GDP per capita,4455.41,Latin America & Caribbean
Viet Nam,VNM,2011,100.0,GDP per capita,2132.9,East Asia & Pacific
West Bank and Gaza,PSE,2011,98.3,GDP per capita,3128.11,Middle East & North Africa
Albania,ALB,2012,99.75,GDP per capita,3771.85,Europe & Central Asia
Algeria,DZA,2012,98.52,GDP per capita,4518.44,Middle East & North Africa
Argentina,ARG,2012,96.84,GDP per capita,13754.43,Latin America & Caribbean
Austria,AUT,2012,99.94,GDP per capita,44221.46,Europe & Central Asia
Azerbaijan,AZE,2012,99.09,GDP per capita,5193.18,Europe & Central Asia
Bahrain,BHR,2012,99.93,GDP per capita,23894.88,Middle East & North Africa
Belarus,BLR,2012,98.11,GDP per capita,6052.64,Europe & Central Asia
Belize,BLZ,2012,95.26,GDP per capita,5902.74,Latin America & Caribbean
Benin,BEN,2012,88.7,GDP per capita,943.92,Sub-Saharan Africa
Bhutan,BTN,2012,96.29,GDP per capita,2654.75,South Asia
Bolivia,BOL,2012,96.51,GDP per capita,2657.24,Latin America & Caribbean
Botswana,BWA,2012,97.47,GDP per capita,5742.92,Sub-Saharan Africa
Brunei Darussalam,BRN,2012,99.74,GDP per capita,33544.54,East Asia & Pacific
Bulgaria,BGR,2012,99.3,GDP per capita,6693.43,Europe & Central Asia
Burkina Faso,BFA,2012,68.2,GDP per capita,600.73,Sub-Saharan Africa
Burundi,BDI,2012,75.67,GDP per capita,256.18,Sub-Saharan Africa
Cabo Verde,CPV,2012,96.05,GDP per capita,3341.74,Sub-Saharan Africa
Cambodia,KHM,2012,80.2,GDP per capita,1295.25,East Asia & Pacific
Cayman Islands,CYM,2012,96.55,GDP per capita,77074.39,Latin America & Caribbean
Chad,TCD,2012,95.01,GDP per capita,1016.42,Sub-Saharan Africa
Chile,CHL,2012,97.35,GDP per capita,12882.83,Latin America & Caribbean
Colombia,COL,2012,96.66,GDP per capita,5675.76,Latin America & Caribbean
"Congo, Dem. Rep.",COD,2012,72.3,GDP per capita,438.41,Sub-Saharan Africa
Costa Rica,CRI,2012,84.38,GDP per capita,11001.52,Latin America & Caribbean
Cuba,CUB,2012,98.83,GDP per capita,7109.25,Latin America & Caribbean
Cyprus,CYP,2012,99.54,GDP per capita,24285.5,Europe & Central Asia
Czechia,CZE,2012,99.68,GDP per capita,16772.35,Europe & Central Asia
Denmark,DNK,2012,99.92,GDP per capita,51470.69,Europe & Central Asia
Dominica,DMA,2012,94.88,GDP per capita,8532.34,Latin America & Caribbean
Dominican Republic,DOM,2012,94.92,GDP per capita,5860.3,Latin America & Caribbean
Ecuador,ECU,2012,99.14,GDP per capita,5579.86,Latin America & Caribbean
El Salvador,SLV,2012,93.73,GDP per capita,3601.44,Latin America & Caribbean
Estonia,EST,2012,99.55,GDP per capita,16460.68,Europe & Central Asia
Eswatini,SWZ,2012,99.01,GDP per capita,3218.5,Sub-Saharan Africa
Finland,FIN,2012,99.93,GDP per capita,43507.93,Europe & Central Asia
"Gambia, The",GMB,2012,93.34,GDP per capita,639.14,Sub-Saharan Africa
Georgia,GEO,2012,99.96,GDP per capita,3609.78,Europe & Central Asia
Germany,DEU,2012,99.34,GDP per capita,40834.51,Europe & Central Asia
Ghana,GHA,2012,88.37,GDP per capita,1640.54,Sub-Saharan Africa
Greece,GRC,2012,99.04,GDP per capita,17924.66,Europe & Central Asia
Guatemala,GTM,2012,92.46,GDP per capita,3655.57,Latin America & Caribbean
Guinea,GIN,2012,54.69,GDP per capita,719.51,Sub-Saharan Africa
Honduras,HND,2012,58.85,GDP per capita,2188.39,Latin America & Caribbean
"Hong Kong SAR, China",HKG,2012,99.96,GDP per capita,39887.83,East Asia & Pacific
Hungary,HUN,2012,99.33,GDP per capita,11440.76,Europe & Central Asia
Indonesia,IDN,2012,91.65,GDP per capita,2930.52,East Asia & Pacific
Israel,ISR,2012,99.71,GDP per capita,34738.66,Middle East & North Africa
Italy,ITA,2012,99.9,GDP per capita,30953.41,Europe & Central Asia
Jamaica,JAM,2012,90.29,GDP per capita,5284.01,Latin America & Caribbean
Kazakhstan,KAZ,2012,99.92,GDP per capita,9531.91,Europe & Central Asia
"Korea, Rep.",KOR,2012,99.8,GDP per capita,27944.06,East Asia & Pacific
Kuwait,KWT,2012,98.33,GDP per capita,33578.33,Middle East & North Africa
Kyrgyz Republic,KGZ,2012,99.7,GDP per capita,985.85,Europe & Central Asia
Lao PDR,LAO,2012,86.72,GDP per capita,1774.64,East Asia & Pacific
Latvia,LVA,2012,97.9,GDP per capita,11971.01,Europe & Central Asia
Lebanon,LBN,2012,98.33,GDP per capita,8920.81,Middle East & North Africa
Lesotho,LSO,2012,84.71,GDP per capita,1086.39,Sub-Saharan Africa
Lithuania,LTU,2012,99.3,GDP per capita,12516.62,Europe & Central Asia
"Macao SAR, China",MAC,2012,99.51,GDP per capita,93192.89,East Asia & Pacific
Madagascar,MDG,2012,72.86,GDP per capita,442.64,Sub-Saharan Africa
Malaysia,MYS,2012,90.75,GDP per capita,8710.53,East Asia & Pacific
Maldives,MDV,2012,96.5,GDP per capita,8907.66,South Asia
Mali,MLI,2012,79.87,GDP per capita,786.32,Sub-Saharan Africa
Malta,MLT,2012,98.96,GDP per capita,21529.4,Middle East & North Africa
Mauritius,MUS,2012,78.11,GDP per capita,8702.82,Sub-Saharan Africa
Mexico,MEX,2012,96.55,GDP per capita,9782.52,Latin America & Caribbean
Moldova,MDA,2012,97.84,GDP per capita,2389.09,Europe & Central Asia
Morocco,MAR,2012,90.37,GDP per capita,2927.45,Middle East & North Africa
Mozambique,MOZ,2012,60.52,GDP per capita,540.29,Sub-Saharan Africa
Namibia,NAM,2012,95.97,GDP per capita,4420.97,Sub-Saharan Africa
Nepal,NPL,2012,86.22,GDP per capita,775.31,South Asia
Niger,NER,2012,69.68,GDP per capita,463.07,Sub-Saharan Africa
Norway,NOR,2012,99.25,GDP per capita,73661.68,Europe & Central Asia
Oman,OMN,2012,99.68,GDP per capita,19824.12,Middle East & North Africa
Pakistan,PAK,2012,77.05,GDP per capita,1275.49,Middle East & North Africa
Peru,PER,2012,99.15,GDP per capita,5740.04,Latin America & Caribbean
Poland,POL,2012,99.3,GDP per capita,11542.24,Europe & Central Asia
Qatar,QAT,2012,99.7,GDP per capita,80621.76,Middle East & North Africa
Russian Federation,RUS,2012,100.0,GDP per capita,9464.01,Europe & Central Asia
Rwanda,RWA,2012,74.93,GDP per capita,651.85,Sub-Saharan Africa
Sao Tome and Principe,STP,2012,83.54,GDP per capita,1225.69,Sub-Saharan Africa
Saudi Arabia,SAU,2012,99.3,GDP per capita,23643.04,Middle East & North Africa
Senegal,SEN,2012,91.96,GDP per capita,1154.06,Sub-Saharan Africa
Serbia,SRB,2012,99.66,GDP per capita,5739.31,Europe & Central Asia
Seychelles,SYC,2012,94.96,GDP per capita,14135.0,Sub-Saharan Africa
Sierra Leone,SLE,2012,87.96,GDP per capita,1025.04,Sub-Saharan Africa
Slovak Republic,SVK,2012,99.25,GDP per capita,15159.66,Europe & Central Asia
Slovenia,SVN,2012,99.73,GDP per capita,19894.87,Europe & Central Asia
Sri Lanka,LKA,2012,99.72,GDP per capita,3484.79,South Asia
St. Kitts and Nevis,KNA,2012,99.53,GDP per capita,17770.5,Latin America & Caribbean
St. Lucia,LCA,2012,94.01,GDP per capita,10517.28,Latin America & Caribbean
St. Vincent and the Grenadines,VCT,2012,99.95,GDP per capita,6790.68,Latin America & Caribbean
Sudan,SDN,2012,95.85,GDP per capita,1288.26,Sub-Saharan Africa
Suriname,SUR,2012,73.24,GDP per capita,9140.93,Latin America & Caribbean
Sweden,SWE,2012,99.93,GDP per capita,48789.79,Europe & Central Asia
Switzerland,CHE,2012,99.84,GDP per capita,81964.89,Europe & Central Asia
Syrian Arab Republic,SYR,2012,57.26,GDP per capita,1142.29,Middle East & North Africa
Tanzania,TZA,2012,56.31,GDP per capita,851.91,Sub-Saharan Africa
Timor-Leste,TLS,2012,89.45,GDP per capita,1269.42,East Asia & Pacific
Togo,TGO,2012,84.29,GDP per capita,687.5,Sub-Saharan Africa
Tunisia,TUN,2012,92.76,GDP per capita,3900.05,Middle East & North Africa
Turkiye,TUR,2012,90.81,GDP per capita,9588.32,Europe & Central Asia
Uganda,UGA,2012,64.42,GDP per capita,823.58,Sub-Saharan Africa
Ukraine,UKR,2012,99.82,GDP per capita,2426.93,Europe & Central Asia
United Arab Emirates,ARE,2012,98.39,GDP per capita,43958.57,Middle East & North Africa
Uzbekistan,UZB,2012,99.29,GDP per capita,2395.84,Europe & Central Asia
"Venezuela, RB",VEN,2012,99.48,GDP per capita,4647.37,Latin America & Caribbean
Viet Nam,VNM,2012,93.35,GDP per capita,2224.11,East Asia & Pacific
West Bank and Gaza,PSE,2012,97.92,GDP per capita,3237.92,Middle East & North Africa
"Yemen, Rep.",YEM,2012,90.46,GDP per capita,1981.46,Middle East & North Africa
Zambia,ZMB,2012,63.92,GDP per capita,1258.79,Sub-Saharan Africa
Zimbabwe,ZWE,2012,77.9,GDP per capita,1360.15,Sub-Saharan Africa
Albania,ALB,2013,99.81,GDP per capita,3895.9,Europe & Central Asia
Algeria,DZA,2013,99.39,GDP per capita,4543.23,Middle East & North Africa
Argentina,ARG,2013,97.32,GDP per capita,13946.1,Latin America & Caribbean
Armenia,ARM,2013,96.98,GDP per capita,3266.3,Europe & Central Asia
Austria,AUT,2013,99.98,GDP per capita,43851.37,Europe & Central Asia
Azerbaijan,AZE,2013,99.07,GDP per capita,5426.0,Europe & Central Asia
Bahrain,BHR,2013,99.83,GDP per capita,24271.63,Middle East & North Africa
Belarus,BLR,2013,98.31,GDP per capita,6115.43,Europe & Central Asia
Belize,BLZ,2013,97.9,GDP per capita,6013.08,Latin America & Caribbean
Benin,BEN,2013,85.47,GDP per capita,982.4,Sub-Saharan Africa
Bhutan,BTN,2013,99.01,GDP per capita,2671.07,South Asia
Bolivia,BOL,2013,96.29,GDP per capita,2793.51,Latin America & Caribbean
Brunei Darussalam,BRN,2013,99.73,GDP per capita,32381.07,East Asia & Pacific
Bulgaria,BGR,2013,99.6,GDP per capita,6792.74,Europe & Central Asia
Burkina Faso,BFA,2013,68.74,GDP per capita,616.74,Sub-Saharan Africa
Burundi,BDI,2013,77.23,GDP per capita,259.31,Sub-Saharan Africa
Cabo Verde,CPV,2013,96.33,GDP per capita,3361.09,Sub-Saharan Africa
Cambodia,KHM,2013,79.66,GDP per capita,1376.3,East Asia & Pacific
Chile,CHL,2013,97.31,GDP per capita,13182.73,Latin America & Caribbean
Colombia,COL,2013,98.4,GDP per capita,5910.81,Latin America & Caribbean
Comoros,COM,2013,92.62,GDP per capita,1343.55,Sub-Saharan Africa
Costa Rica,CRI,2013,84.84,GDP per capita,11151.14,Latin America & Caribbean
Cote d'Ivoire,CIV,2013,87.98,GDP per capita,1632.33,Sub-Saharan Africa
Cuba,CUB,2013,99.09,GDP per capita,7307.82,Latin America & Caribbean
Cyprus,CYP,2013,99.38,GDP per capita,22711.72,Europe & Central Asia
Czechia,CZE,2013,99.71,GDP per capita,16759.78,Europe & Central Asia
Denmark,DNK,2013,99.97,GDP per capita,51970.39,Europe & Central Asia
Djibouti,DJI,2013,99.44,GDP per capita,2140.14,Middle East & North Africa
Dominica,DMA,2013,96.44,GDP per capita,8459.66,Latin America & Caribbean
Dominican Republic,DOM,2013,97.37,GDP per capita,6075.03,Latin America & Caribbean
Ecuador,ECU,2013,99.95,GDP per capita,5893.32,Latin America & Caribbean
El Salvador,SLV,2013,93.14,GDP per capita,3665.15,Latin America & Caribbean
Estonia,EST,2013,99.4,GDP per capita,16809.53,Europe & Central Asia
Eswatini,SWZ,2013,97.77,GDP per capita,3332.12,Sub-Saharan Africa
Finland,FIN,2013,99.92,GDP per capita,42883.64,Europe & Central Asia
"Gambia, The",GMB,2013,94.42,GDP per capita,638.52,Sub-Saharan Africa
Georgia,GEO,2013,99.67,GDP per capita,3806.51,Europe & Central Asia
Germany,DEU,2013,99.69,GDP per capita,40884.89,Europe & Central Asia
Ghana,GHA,2013,88.56,GDP per capita,1718.6,Sub-Saharan Africa
Greece,GRC,2013,98.89,GDP per capita,17644.88,Europe & Central Asia
Grenada,GRD,2013,97.51,GDP per capita,7688.75,Latin America & Caribbean
Guatemala,GTM,2013,85.24,GDP per capita,3717.3,Latin America & Caribbean
Guinea,GIN,2013,68.79,GDP per capita,729.83,Sub-Saharan Africa
Honduras,HND,2013,72.07,GDP per capita,2205.4,Latin America & Caribbean
"Hong Kong SAR, China",HKG,2013,99.75,GDP per capita,40959.98,East Asia & Pacific
Hungary,HUN,2013,99.61,GDP per capita,11729.57,Europe & Central Asia
India,IND,2013,91.17,GDP per capita,1399.45,South Asia
Israel,ISR,2013,99.99,GDP per capita,35489.51,Middle East & North Africa
Italy,ITA,2013,99.88,GDP per capita,30330.02,Europe & Central Asia
Jamaica,JAM,2013,94.37,GDP per capita,5289.88,Latin America & Caribbean
Japan,JPN,2013,100.0,GDP per capita,34239.89,East Asia & Pacific
Jordan,JOR,2013,98.79,GDP per capita,4556.52,Middle East & North Africa
Kazakhstan,KAZ,2013,99.75,GDP per capita,9959.73,Europe & Central Asia
"Korea, Rep.",KOR,2013,99.69,GDP per capita,28732.71,East Asia & Pacific
Kyrgyz Republic,KGZ,2013,99.72,GDP per capita,1069.78,Europe & Central Asia
Lao PDR,LAO,2013,90.18,GDP per capita,1890.28,East Asia & Pacific
Latvia,LVA,2013,98.34,GDP per capita,12353.54,Europe & Central Asia
Lebanon,LBN,2013,99.16,GDP per capita,8443.54,Middle East & North Africa
Lesotho,LSO,2013,84.9,GDP per capita,1093.95,Sub-Saharan Africa
Lithuania,LTU,2013,99.27,GDP per capita,13145.81,Europe & Central Asia
"Macao SAR, China",MAC,2013,99.45,GDP per capita,99054.5,East Asia & Pacific
Madagascar,MDG,2013,75.86,GDP per capita,440.67,Sub-Saharan Africa
Malaysia,MYS,2013,89.05,GDP per capita,8964.81,East Asia & Pacific
Mali,MLI,2013,85.06,GDP per capita,788.82,Sub-Saharan Africa
Malta,MLT,2013,97.8,GDP per capita,22626.5,Middle East & North Africa
Mauritania,MRT,2013,58.19,GDP per capita,1502.9,Sub-Saharan Africa
Mauritius,MUS,2013,90.24,GDP per capita,8973.52,Sub-Saharan Africa
Mexico,MEX,2013,96.77,GDP per capita,9738.71,Latin America & Caribbean
Moldova,MDA,2013,98.29,GDP per capita,2605.85,Europe & Central Asia
Morocco,MAR,2013,88.68,GDP per capita,3008.19,Middle East & North Africa
Mozambique,MOZ,2013,61.48,GDP per capita,559.39,Sub-Saharan Africa
Nepal,NPL,2013,87.51,GDP per capita,801.04,South Asia
Niger,NER,2013,64.82,GDP per capita,469.69,Sub-Saharan Africa
Norway,NOR,2013,99.97,GDP per capita,73515.91,Europe & Central Asia
Oman,OMN,2013,99.9,GDP per capita,19299.94,Middle East & North Africa
Pakistan,PAK,2013,81.33,GDP per capita,1309.7,Middle East & North Africa
Palau,PLW,2013,96.81,GDP per capita,14331.34,East Asia & Pacific
Peru,PER,2013,94.47,GDP per capita,6021.46,Latin America & Caribbean
Poland,POL,2013,99.37,GDP per capita,11628.23,Europe & Central Asia
Qatar,QAT,2013,99.76,GDP per capita,76486.92,Middle East & North Africa
Russian Federation,RUS,2013,99.82,GDP per capita,9601.54,Europe & Central Asia
Rwanda,RWA,2013,71.83,GDP per capita,666.41,Sub-Saharan Africa
Sao Tome and Principe,STP,2013,92.95,GDP per capita,1263.7,Sub-Saharan Africa
Saudi Arabia,SAU,2013,96.34,GDP per capita,23057.35,Middle East & North Africa
Senegal,SEN,2013,90.88,GDP per capita,1147.39,Sub-Saharan Africa
Serbia,SRB,2013,99.87,GDP per capita,5793.34,Europe & Central Asia
Seychelles,SYC,2013,99.73,GDP per capita,14050.31,Sub-Saharan Africa
Slovak Republic,SVK,2013,99.2,GDP per capita,15249.88,Europe & Central Asia
Slovenia,SVN,2013,99.73,GDP per capita,19704.22,Europe & Central Asia
Spain,ESP,2013,99.99,GDP per capita,24498.56,Europe & Central Asia
Sri Lanka,LKA,2013,99.73,GDP per capita,3728.94,South Asia
St. Kitts and Nevis,KNA,2013,99.37,GDP per capita,18773.89,Latin America & Caribbean
St. Lucia,LCA,2013,97.04,GDP per capita,10279.42,Latin America & Caribbean
St. Vincent and the Grenadines,VCT,2013,99.39,GDP per capita,6996.57,Latin America & Caribbean
Sudan,SDN,2013,94.4,GDP per capita,1283.46,Sub-Saharan Africa
Suriname,SUR,2013,70.04,GDP per capita,9303.46,Latin America & Caribbean
Sweden,SWE,2013,99.99,GDP per capita,48928.5,Europe & Central Asia
Switzerland,CHE,2013,99.9,GDP per capita,82479.92,Europe & Central Asia
Tajikistan,TJK,2013,99.03,GDP per capita,889.88,Europe & Central Asia
Timor-Leste,TLS,2013,91.38,GDP per capita,1281.93,East Asia & Pacific
Togo,TGO,2013,80.05,GDP per capita,709.09,Sub-Saharan Africa
Tunisia,TUN,2013,97.57,GDP per capita,3947.59,Middle East & North Africa
Uganda,UGA,2013,62.46,GDP per capita,828.99,Sub-Saharan Africa
Ukraine,UKR,2013,99.92,GDP per capita,2432.42,Europe & Central Asia
United Arab Emirates,ARE,2013,99.93,GDP per capita,44312.63,Middle East & North Africa
Uzbekistan,UZB,2013,99.51,GDP per capita,2530.68,Europe & Central Asia
"Venezuela, RB",VEN,2013,99.59,GDP per capita,4653.36,Latin America & Caribbean
Viet Nam,VNM,2013,87.11,GDP per capita,2320.08,East Asia & Pacific
West Bank and Gaza,PSE,2013,99.45,GDP per capita,3309.63,Middle East & North Africa
Albania,ALB,2014,99.08,GDP per capita,4045.12,Europe & Central Asia
Algeria,DZA,2014,99.0,GDP per capita,4634.1,Middle East & North Africa
Argentina,ARG,2014,97.41,GDP per capita,13456.13,Latin America & Caribbean
Armenia,ARM,2014,99.9,GDP per capita,3393.09,Europe & Central Asia
Austria,AUT,2014,99.93,GDP per capita,43838.83,Europe & Central Asia
Azerbaijan,AZE,2014,99.45,GDP per capita,5508.6,Europe & Central Asia
Bahrain,BHR,2014,99.88,GDP per capita,24135.5,Middle East & North Africa
Belarus,BLR,2014,98.39,GDP per capita,6212.92,Europe & Central Asia
Belize,BLZ,2014,96.36,GDP per capita,6116.5,Latin America & Caribbean
Benin,BEN,2014,87.57,GDP per capita,1014.43,Sub-Saharan Africa
Bermuda,BMU,2014,50.78,GDP per capita,103941.98,North America
Bolivia,BOL,2014,96.97,GDP per capita,2900.9,Latin America & Caribbean
Bosnia and Herzegovina,BIH,2014,99.49,GDP per capita,4412.68,Europe & Central Asia
Brunei Darussalam,BRN,2014,99.38,GDP per capita,31148.73,East Asia & Pacific
Bulgaria,BGR,2014,99.25,GDP per capita,6941.02,Europe & Central Asia
Burkina Faso,BFA,2014,76.55,GDP per capita,624.58,Sub-Saharan Africa
Burundi,BDI,2014,79.6,GDP per capita,261.3,Sub-Saharan Africa
Cabo Verde,CPV,2014,98.2,GDP per capita,3383.84,Sub-Saharan Africa
Cambodia,KHM,2014,81.7,GDP per capita,1464.53,East Asia & Pacific
Cameroon,CMR,2014,67.9,GDP per capita,1381.82,Sub-Saharan Africa
Chile,CHL,2014,97.4,GDP per capita,13285.95,Latin America & Caribbean
Colombia,COL,2014,98.3,GDP per capita,6121.84,Latin America & Caribbean
Costa Rica,CRI,2014,83.64,GDP per capita,11422.67,Latin America & Caribbean
Cote d'Ivoire,CIV,2014,92.68,GDP per capita,1742.54,Sub-Saharan Africa
Cuba,CUB,2014,98.37,GDP per capita,7392.48,Latin America & Caribbean
Cyprus,CYP,2014,99.36,GDP per capita,22373.58,Europe & Central Asia
Czechia,CZE,2014,99.98,GDP per capita,17118.04,Europe & Central Asia
Denmark,DNK,2014,100.0,GDP per capita,52368.36,Europe & Central Asia
Djibouti,DJI,2014,80.24,GDP per capita,2253.14,Middle East & North Africa
Dominica,DMA,2014,96.16,GDP per capita,8576.26,Latin America & Caribbean
Dominican Republic,DOM,2014,95.27,GDP per capita,6430.28,Latin America & Caribbean
Ecuador,ECU,2014,95.7,GDP per capita,6055.04,Latin America & Caribbean
El Salvador,SLV,2014,93.43,GDP per capita,3713.95,Latin America & Caribbean
Estonia,EST,2014,99.33,GDP per capita,17413.69,Europe & Central Asia
Eswatini,SWZ,2014,99.35,GDP per capita,3381.79,Sub-Saharan Africa
Ethiopia,ETH,2014,91.44,GDP per capita,556.36,Sub-Saharan Africa
Finland,FIN,2014,99.85,GDP per capita,42502.49,Europe & Central Asia
Georgia,GEO,2014,99.58,GDP per capita,3960.35,Europe & Central Asia
Germany,DEU,2014,99.63,GDP per capita,41602.47,Europe & Central Asia
Ghana,GHA,2014,98.24,GDP per capita,1726.37,Sub-Saharan Africa
Greece,GRC,2014,99.57,GDP per capita,17903.53,Europe & Central Asia
Guatemala,GTM,2014,84.28,GDP per capita,3809.62,Latin America & Caribbean
"Hong Kong SAR, China",HKG,2014,99.8,GDP per capita,41796.87,East Asia & Pacific
Hungary,HUN,2014,99.64,GDP per capita,12287.38,Europe & Central Asia
India,IND,2014,90.32,GDP per capita,1484.32,South Asia
Israel,ISR,2014,99.73,GDP per capita,36129.31,Middle East & North Africa
Italy,ITA,2014,99.93,GDP per capita,30325.03,Europe & Central Asia
Jamaica,JAM,2014,90.67,GDP per capita,5307.19,Latin America & Caribbean
Kazakhstan,KAZ,2014,99.69,GDP per capita,10226.71,Europe & Central Asia
Kenya,KEN,2014,98.77,GDP per capita,1450.59,Sub-Saharan Africa
"Korea, Rep.",KOR,2014,99.64,GDP per capita,29470.67,East Asia & Pacific
Kyrgyz Republic,KGZ,2014,99.21,GDP per capita,1088.58,Europe & Central Asia
Lao PDR,LAO,2014,89.1,GDP per capita,2006.31,East Asia & Pacific
Latvia,LVA,2014,98.38,GDP per capita,12731.68,Europe & Central Asia
Lebanon,LBN,2014,89.36,GDP per capita,7830.42,Middle East & North Africa
Lesotho,LSO,2014,86.6,GDP per capita,1100.05,Sub-Saharan Africa
Liberia,LBR,2014,79.38,GDP per capita,707.16,Sub-Saharan Africa
Lithuania,LTU,2014,99.52,GDP per capita,13753.19,Europe & Central Asia
"Macao SAR, China",MAC,2014,99.69,GDP per capita,92383.84,East Asia & Pacific
Madagascar,MDG,2014,76.04,GDP per capita,443.34,Sub-Saharan Africa
Malaysia,MYS,2014,87.53,GDP per capita,9341.73,East Asia & Pacific
Mali,MLI,2014,77.94,GDP per capita,813.98,Sub-Saharan Africa
Malta,MLT,2014,96.79,GDP per capita,23866.07,Middle East & North Africa
Mauritania,MRT,2014,59.21,GDP per capita,1520.65,Sub-Saharan Africa
Mauritius,MUS,2014,85.85,GDP per capita,9300.08,Sub-Saharan Africa
Mexico,MEX,2014,97.06,GDP per capita,9862.48,Latin America & Caribbean
Moldova,MDA,2014,97.94,GDP per capita,2737.8,Europe & Central Asia
Morocco,MAR,2014,87.4,GDP per capita,3051.46,Middle East & North Africa
Mozambique,MOZ,2014,63.57,GDP per capita,585.27,Sub-Saharan Africa
Nepal,NPL,2014,87.3,GDP per capita,846.67,South Asia
North Macedonia,MKD,2014,99.86,GDP per capita,5053.75,Europe & Central Asia
Norway,NOR,2014,99.93,GDP per capita,74180.32,Europe & Central Asia
Oman,OMN,2014,99.36,GDP per capita,18726.2,Middle East & North Africa
Peru,PER,2014,95.45,GDP per capita,6103.92,Latin America & Caribbean
Philippines,PHL,2014,97.45,GDP per capita,2776.92,East Asia & Pacific
Poland,POL,2014,99.47,GDP per capita,12093.16,Europe & Central Asia
Puerto Rico (US),PRI,2014,98.02,GDP per capita,29141.2,Latin America & Caribbean
Qatar,QAT,2014,99.5,GDP per capita,71756.03,Middle East & North Africa
Russian Federation,RUS,2014,99.92,GDP per capita,9493.81,Europe & Central Asia
Rwanda,RWA,2014,68.46,GDP per capita,690.61,Sub-Saharan Africa
Samoa,WSM,2014,99.23,GDP per capita,3967.24,East Asia & Pacific
Saudi Arabia,SAU,2014,89.02,GDP per capita,23404.73,Middle East & North Africa
Senegal,SEN,2014,90.0,GDP per capita,1180.8,Sub-Saharan Africa
Serbia,SRB,2014,99.5,GDP per capita,5716.54,Europe & Central Asia
Seychelles,SYC,2014,99.14,GDP per capita,14395.62,Sub-Saharan Africa
Slovak Republic,SVK,2014,99.08,GDP per capita,15647.65,Europe & Central Asia
Slovenia,SVN,2014,99.9,GDP per capita,20228.71,Europe & Central Asia
South Africa,ZAF,2014,97.3,GDP per capita,6155.01,Sub-Saharan Africa
Spain,ESP,2014,99.88,GDP per capita,24947.85,Europe & Central Asia
Sri Lanka,LKA,2014,99.72,GDP per capita,3929.92,South Asia
St. Kitts and Nevis,KNA,2014,99.77,GDP per capita,20187.81,Latin America & Caribbean
St. Vincent and the Grenadines,VCT,2014,99.19,GDP per capita,7116.22,Latin America & Caribbean
Sudan,SDN,2014,94.25,GDP per capita,1307.39,Sub-Saharan Africa
Suriname,SUR,2014,69.73,GDP per capita,9224.24,Latin America & Caribbean
Sweden,SWE,2014,99.93,GDP per capita,49557.62,Europe & Central Asia
Switzerland,CHE,2014,99.88,GDP per capita,83394.37,Europe & Central Asia
Tajikistan,TJK,2014,99.27,GDP per capita,925.97,Europe & Central Asia
Timor-Leste,TLS,2014,94.32,GDP per capita,1312.96,East Asia & Pacific
Togo,TGO,2014,85.32,GDP per capita,730.29,Sub-Saharan Africa
Tunisia,TUN,2014,88.89,GDP per capita,4021.6,Middle East & North Africa
Turkiye,TUR,2014,99.53,GDP per capita,10597.98,Europe & Central Asia
Tuvalu,TUV,2014,99.51,GDP per capita,3035.24,East Asia & Pacific
Uganda,UGA,2014,53.88,GDP per capita,845.98,Sub-Saharan Africa
Ukraine,UKR,2014,88.52,GDP per capita,2308.64,Europe & Central Asia
Uzbekistan,UZB,2014,99.45,GDP per capita,2659.99,Europe & Central Asia
"Venezuela, RB",VEN,2014,98.57,GDP per capita,4421.61,Latin America & Caribbean
Viet Nam,VNM,2014,94.02,GDP per capita,2439.29,East Asia & Pacific
West Bank and Gaza,PSE,2014,98.65,GDP per capita,3227.85,Middle East & North Africa
Afghanistan,AFG,2015,86.27,GDP per capita,565.57,Middle East & North Africa
Albania,ALB,2015,98.07,GDP per capita,4199.54,Europe & Central Asia
Algeria,DZA,2015,98.92,GDP per capita,4685.06,Middle East & North Africa
Argentina,ARG,2015,99.49,GDP per capita,13679.63,Latin America & Caribbean
Armenia,ARM,2015,98.48,GDP per capita,3512.39,Europe & Central Asia
Austria,AUT,2015,99.92,GDP per capita,43915.23,Europe & Central Asia
Azerbaijan,AZE,2015,99.42,GDP per capita,5500.5,Europe & Central Asia
Bahrain,BHR,2015,99.99,GDP per capita,23734.06,Middle East & North Africa
Belarus,BLR,2015,98.08,GDP per capita,5967.06,Europe & Central Asia
Belize,BLZ,2015,96.78,GDP per capita,6154.62,Latin America & Caribbean
Benin,BEN,2015,83.76,GDP per capita,1002.42,Sub-Saharan Africa
Bolivia,BOL,2015,97.2,GDP per capita,2996.01,Latin America & Caribbean
Bosnia and Herzegovina,BIH,2015,98.88,GDP per capita,4662.26,Europe & Central Asia
Bulgaria,BGR,2015,98.7,GDP per capita,7268.65,Europe & Central Asia
Burkina Faso,BFA,2015,77.55,GDP per capita,630.12,Sub-Saharan Africa
Burundi,BDI,2015,86.77,GDP per capita,254.4,Sub-Saharan Africa
Cabo Verde,CPV,2015,97.65,GDP per capita,3415.06,Sub-Saharan Africa
Cambodia,KHM,2015,85.04,GDP per capita,1547.32,East Asia & Pacific
Cameroon,CMR,2015,66.49,GDP per capita,1415.0,Sub-Saharan Africa
Chad,TCD,2015,73.99,GDP per capita,993.99,Sub-Saharan Africa
Chile,CHL,2015,97.58,GDP per capita,13433.92,Latin America & Caribbean
Costa Rica,CRI,2015,84.65,GDP per capita,11714.71,Latin America & Caribbean
Cote d'Ivoire,CIV,2015,91.98,GDP per capita,1814.72,Sub-Saharan Africa
Croatia,HRV,2015,99.1,GDP per capita,12283.78,Europe & Central Asia
Cuba,CUB,2015,98.81,GDP per capita,7727.92,Latin America & Caribbean
Cyprus,CYP,2015,98.4,GDP per capita,23088.44,Europe & Central Asia
Czechia,CZE,2015,99.96,GDP per capita,17931.6,Europe & Central Asia
Denmark,DNK,2015,99.95,GDP per capita,53094.01,Europe & Central Asia
Djibouti,DJI,2015,76.16,GDP per capita,2376.13,Middle East & North Africa
Dominican Republic,DOM,2015,92.53,GDP per capita,6800.95,Latin America & Caribbean
Ecuador,ECU,2015,98.64,GDP per capita,5976.16,Latin America & Caribbean
El Salvador,SLV,2015,92.59,GDP per capita,3790.34,Latin America & Caribbean
Estonia,EST,2015,99.73,GDP per capita,17722.16,Europe & Central Asia
Eswatini,SWZ,2015,98.62,GDP per capita,3419.82,Sub-Saharan Africa
Fiji,FJI,2015,98.02,GDP per capita,5097.53,East Asia & Pacific
Finland,FIN,2015,99.99,GDP per capita,42560.35,Europe & Central Asia
Georgia,GEO,2015,99.82,GDP per capita,4086.62,Europe & Central Asia
Germany,DEU,2015,99.91,GDP per capita,41929.75,Europe & Central Asia
Greece,GRC,2015,97.13,GDP per capita,17980.73,Europe & Central Asia
Guatemala,GTM,2015,89.47,GDP per capita,3893.51,Latin America & Caribbean
Honduras,HND,2015,70.96,GDP per capita,2271.2,Latin America & Caribbean
"Hong Kong SAR, China",HKG,2015,99.63,GDP per capita,42432.16,East Asia & Pacific
Hungary,HUN,2015,99.84,GDP per capita,12782.94,Europe & Central Asia
India,IND,2015,90.84,GDP per capita,1584.0,South Asia
Israel,ISR,2015,99.69,GDP per capita,36213.1,Middle East & North Africa
Italy,ITA,2015,99.93,GDP per capita,30639.88,Europe & Central Asia
Japan,JPN,2015,99.97,GDP per capita,34960.64,East Asia & Pacific
Kazakhstan,KAZ,2015,99.93,GDP per capita,10196.12,Europe & Central Asia
Kenya,KEN,2015,99.22,GDP per capita,1489.12,Sub-Saharan Africa
Kiribati,KIR,2015,96.34,GDP per capita,1639.85,East Asia & Pacific
"Korea, Rep.",KOR,2015,99.65,GDP per capita,30171.79,East Asia & Pacific
Kuwait,KWT,2015,99.68,GDP per capita,29882.21,Middle East & North Africa
Kyrgyz Republic,KGZ,2015,99.69,GDP per capita,1105.65,Europe & Central Asia
Lao PDR,LAO,2015,88.37,GDP per capita,2121.01,East Asia & Pacific
Latvia,LVA,2015,98.9,GDP per capita,13321.98,Europe & Central Asia
Lebanon,LBN,2015,95.36,GDP per capita,7714.11,Middle East & North Africa
Lesotho,LSO,2015,87.53,GDP per capita,1121.2,Sub-Saharan Africa
Liechtenstein,LIE,2015,96.74,GDP per capita,167187.16,Europe & Central Asia
Lithuania,LTU,2015,99.7,GDP per capita,14269.8,Europe & Central Asia
Madagascar,MDG,2015,73.23,GDP per capita,445.32,Sub-Saharan Africa
Malaysia,MYS,2015,87.19,GDP per capita,9648.68,East Asia & Pacific
Maldives,MDV,2015,99.55,GDP per capita,9644.91,South Asia
Mali,MLI,2015,78.93,GDP per capita,838.12,Sub-Saharan Africa
Malta,MLT,2015,98.59,GDP per capita,25529.68,Middle East & North Africa
Mauritius,MUS,2015,85.86,GDP per capita,9630.54,Sub-Saharan Africa
Mexico,MEX,2015,96.22,GDP per capita,10021.24,Latin America & Caribbean
Moldova,MDA,2015,98.22,GDP per capita,2749.55,Europe & Central Asia
Montenegro,MNE,2015,96.63,GDP per capita,6421.0,Europe & Central Asia
Morocco,MAR,2015,88.73,GDP per capita,3146.25,Middle East & North Africa
Mozambique,MOZ,2015,73.91,GDP per capita,610.56,Sub-Saharan Africa
Nepal,NPL,2015,87.47,GDP per capita,875.54,South Asia
Niger,NER,2015,58.27,GDP per capita,485.66,Sub-Saharan Africa
Norway,NOR,2015,99.96,GDP per capita,74809.97,Europe & Central Asia
Oman,OMN,2015,98.52,GDP per capita,18808.31,Middle East & North Africa
Pakistan,PAK,2015,86.22,GDP per capita,1380.47,Middle East & North Africa
Peru,PER,2015,94.94,GDP per capita,6231.71,Latin America & Caribbean
Philippines,PHL,2015,96.59,GDP per capita,2909.86,East Asia & Pacific
Poland,POL,2015,99.52,GDP per capita,12637.52,Europe & Central Asia
Qatar,QAT,2015,99.56,GDP per capita,68985.24,Middle East & North Africa
Romania,ROU,2015,99.51,GDP per capita,8977.02,Europe & Central Asia
Russian Federation,RUS,2015,99.94,GDP per capita,9277.71,Europe & Central Asia
Rwanda,RWA,2015,72.03,GDP per capita,734.0,Sub-Saharan Africa
Samoa,WSM,2015,98.42,GDP per capita,4084.36,East Asia & Pacific
Saudi Arabia,SAU,2015,87.21,GDP per capita,23256.15,Middle East & North Africa
Senegal,SEN,2015,76.51,GDP per capita,1218.01,Sub-Saharan Africa
Serbia,SRB,2015,99.58,GDP per capita,5820.32,Europe & Central Asia
Seychelles,SYC,2015,97.35,GDP per capita,15333.11,Sub-Saharan Africa
Sierra Leone,SLE,2015,91.51,GDP per capita,964.58,Sub-Saharan Africa
Slovenia,SVN,2015,99.25,GDP per capita,20697.27,Europe & Central Asia
South Africa,ZAF,2015,95.77,GDP per capita,6112.27,Sub-Saharan Africa
Spain,ESP,2015,99.26,GDP per capita,25982.44,Europe & Central Asia
St. Kitts and Nevis,KNA,2015,99.38,GDP per capita,20328.8,Latin America & Caribbean
St. Vincent and the Grenadines,VCT,2015,97.22,GDP per capita,7353.74,Latin America & Caribbean
Sudan,SDN,2015,91.54,GDP per capita,1292.38,Sub-Saharan Africa
Suriname,SUR,2015,68.39,GDP per capita,8813.62,Latin America & Caribbean
Sweden,SWE,2015,99.64,GDP per capita,51188.17,Europe & Central Asia
Switzerland,CHE,2015,99.85,GDP per capita,83806.45,Europe & Central Asia
Tajikistan,TJK,2015,99.42,GDP per capita,956.92,Europe & Central Asia
Timor-Leste,TLS,2015,93.65,GDP per capita,1319.59,East Asia & Pacific
Turkiye,TUR,2015,99.66,GDP per capita,11064.65,Europe & Central Asia
Tuvalu,TUV,2015,93.67,GDP per capita,3357.83,East Asia & Pacific
Ukraine,UKR,2015,98.78,GDP per capita,2094.47,Europe & Central Asia
Uzbekistan,UZB,2015,99.5,GDP per capita,2803.19,Europe & Central Asia
"Venezuela, RB",VEN,2015,97.82,GDP per capita,4103.14,Latin America & Caribbean
Viet Nam,VNM,2015,99.79,GDP per capita,2577.57,East Asia & Pacific
West Bank and Gaza,PSE,2015,99.25,GDP per capita,3272.15,Middle East & North Africa
Afghanistan,AFG,2016,92.32,GDP per capita,563.87,Middle East & North Africa
Albania,ALB,2016,98.17,GDP per capita,4431.56,Europe & Central Asia
Argentina,ARG,2016,99.85,GDP per capita,13265.89,Latin America & Caribbean
Armenia,ARM,2016,98.1,GDP per capita,3533.89,Europe & Central Asia
Austria,AUT,2016,99.77,GDP per capita,44362.67,Europe & Central Asia
Azerbaijan,AZE,2016,97.57,GDP per capita,5272.72,Europe & Central Asia
Bahrain,BHR,2016,99.36,GDP per capita,23715.28,Middle East & North Africa
Belarus,BLR,2016,98.01,GDP per capita,5811.2,Europe & Central Asia
Belize,BLZ,2016,95.23,GDP per capita,6012.21,Latin America & Caribbean
Bhutan,BTN,2016,99.58,GDP per capita,3173.37,South Asia
Bolivia,BOL,2016,96.6,GDP per capita,3077.57,Latin America & Caribbean
Bosnia and Herzegovina,BIH,2016,98.64,GDP per capita,4876.53,Europe & Central Asia
Brunei Darussalam,BRN,2016,99.74,GDP per capita,29492.41,East Asia & Pacific
Bulgaria,BGR,2016,99.33,GDP per capita,7586.5,Europe & Central Asia
Burkina Faso,BFA,2016,76.06,GDP per capita,648.42,Sub-Saharan Africa
Burundi,BDI,2016,76.31,GDP per capita,258.06,Sub-Saharan Africa
Cabo Verde,CPV,2016,99.44,GDP per capita,3560.14,Sub-Saharan Africa
Cambodia,KHM,2016,87.23,GDP per capita,1645.47,East Asia & Pacific
Chile,CHL,2016,97.9,GDP per capita,13505.1,Latin America & Caribbean
Costa Rica,CRI,2016,85.28,GDP per capita,12084.44,Latin America & Caribbean
Cote d'Ivoire,CIV,2016,91.94,GDP per capita,1889.28,Sub-Saharan Africa
Croatia,HRV,2016,98.58,GDP per capita,12848.42,Europe & Central Asia
Cuba,CUB,2016,98.61,GDP per capita,7774.07,Latin America & Caribbean
Cyprus,CYP,2016,99.74,GDP per capita,24477.99,Europe & Central Asia
Czechia,CZE,2016,99.95,GDP per capita,18359.1,Europe & Central Asia
Denmark,DNK,2016,99.94,GDP per capita,54300.2,Europe & Central Asia
Djibouti,DJI,2016,83.9,GDP per capita,2502.85,Middle East & North Africa
Dominican Republic,DOM,2016,92.58,GDP per capita,7177.75,Latin America & Caribbean
Ecuador,ECU,2016,99.0,GDP per capita,5849.14,Latin America & Caribbean
"Egypt, Arab Rep.",EGY,2016,94.39,GDP per capita,3381.22,Middle East & North Africa
El Salvador,SLV,2016,92.09,GDP per capita,3875.85,Latin America & Caribbean
Estonia,EST,2016,99.83,GDP per capita,18264.99,Europe & Central Asia
Eswatini,SWZ,2016,98.05,GDP per capita,3500.18,Sub-Saharan Africa
Finland,FIN,2016,99.9,GDP per capita,43529.68,Europe & Central Asia
Georgia,GEO,2016,99.51,GDP per capita,4225.09,Europe & Central Asia
Germany,DEU,2016,99.5,GDP per capita,42516.93,Europe & Central Asia
Ghana,GHA,2016,93.14,GDP per capita,1740.81,Sub-Saharan Africa
Greece,GRC,2016,98.93,GDP per capita,18049.93,Europe & Central Asia
Grenada,GRD,2016,87.53,GDP per capita,8983.68,Latin America & Caribbean
Guatemala,GTM,2016,89.67,GDP per capita,3924.78,Latin America & Caribbean
"Hong Kong SAR, China",HKG,2016,99.56,GDP per capita,43087.55,East Asia & Pacific
Hungary,HUN,2016,99.5,GDP per capita,13145.66,Europe & Central Asia
India,IND,2016,90.35,GDP per capita,1694.47,South Asia
Indonesia,IDN,2016,91.5,GDP per capita,3416.81,East Asia & Pacific
"Iran, Islamic Rep.",IRN,2016,95.74,GDP per capita,5312.62,Middle East & North Africa
Israel,ISR,2016,99.58,GDP per capita,37093.79,Middle East & North Africa
Italy,ITA,2016,99.95,GDP per capita,31077.68,Europe & Central Asia
Jamaica,JAM,2016,94.52,GDP per capita,5472.28,Latin America & Caribbean
Japan,JPN,2016,100.0,GDP per capita,35242.2,East Asia & Pacific
Jordan,JOR,2016,99.29,GDP per capita,3933.15,Middle East & North Africa
Kazakhstan,KAZ,2016,99.15,GDP per capita,10151.42,Europe & Central Asia
"Korea, Rep.",KOR,2016,99.64,GDP per capita,31005.41,East Asia & Pacific
Kuwait,KWT,2016,97.11,GDP per capita,29454.44,Middle East & North Africa
Kyrgyz Republic,KGZ,2016,99.41,GDP per capita,1128.32,Europe & Central Asia
Lao PDR,LAO,2016,87.69,GDP per capita,2234.76,East Asia & Pacific
Latvia,LVA,2016,98.98,GDP per capita,13787.34,Europe & Central Asia
Lebanon,LBN,2016,97.59,GDP per capita,8019.14,Middle East & North Africa
Liberia,LBR,2016,79.63,GDP per capita,668.03,Sub-Saharan Africa
Lithuania,LTU,2016,99.21,GDP per capita,14823.11,Europe & Central Asia
"Macao SAR, China",MAC,2016,99.77,GDP per capita,68391.34,East Asia & Pacific
Malaysia,MYS,2016,91.05,GDP per capita,9901.48,East Asia & Pacific
Maldives,MDV,2016,98.86,GDP per capita,9909.08,South Asia
Mali,MLI,2016,78.31,GDP per capita,860.75,Sub-Saharan Africa
Malta,MLT,2016,98.89,GDP per capita,25969.51,Middle East & North Africa
Mauritania,MRT,2016,58.32,GDP per capita,1528.05,Sub-Saharan Africa
Mauritius,MUS,2016,87.54,GDP per capita,9995.65,Sub-Saharan Africa
Mexico,MEX,2016,96.57,GDP per capita,10100.5,Latin America & Caribbean
Moldova,MDA,2016,98.43,GDP per capita,2910.95,Europe & Central Asia
Mongolia,MNG,2016,99.08,GDP per capita,3817.92,East Asia & Pacific
Montenegro,MNE,2016,99.84,GDP per capita,6634.39,Europe & Central Asia
Morocco,MAR,2016,90.23,GDP per capita,3124.43,Middle East & North Africa
Nepal,NPL,2016,82.38,GDP per capita,875.19,South Asia
Norway,NOR,2016,99.67,GDP per capita,75017.49,Europe & Central Asia
Oman,OMN,2016,98.28,GDP per capita,18830.61,Middle East & North Africa
Panama,PAN,2016,99.19,GDP per capita,14474.12,Latin America & Caribbean
Peru,PER,2016,93.79,GDP per capita,6392.25,Latin America & Caribbean
Philippines,PHL,2016,96.59,GDP per capita,3076.34,East Asia & Pacific
Poland,POL,2016,99.77,GDP per capita,13026.19,Europe & Central Asia
Qatar,QAT,2016,98.91,GDP per capita,67294.35,Middle East & North Africa
Romania,ROU,2016,99.55,GDP per capita,9286.88,Europe & Central Asia
Rwanda,RWA,2016,82.41,GDP per capita,759.61,Sub-Saharan Africa
Samoa,WSM,2016,96.8,GDP per capita,4373.24,East Asia & Pacific
Sao Tome and Principe,STP,2016,96.98,GDP per capita,1342.53,Sub-Saharan Africa
Saudi Arabia,SAU,2016,92.12,GDP per capita,22783.03,Middle East & North Africa
Senegal,SEN,2016,72.98,GDP per capita,1257.41,Sub-Saharan Africa
Serbia,SRB,2016,99.55,GDP per capita,6024.96,Europe & Central Asia
Seychelles,SYC,2016,98.51,GDP per capita,16962.68,Sub-Saharan Africa
Sierra Leone,SLE,2016,87.53,GDP per capita,1002.78,Sub-Saharan Africa
Singapore,SGP,2016,99.13,GDP per capita,56986.79,East Asia & Pacific
Slovak Republic,SVK,2016,99.11,GDP per capita,16740.74,Europe & Central Asia
Slovenia,SVN,2016,99.97,GDP per capita,21309.71,Europe & Central Asia
Solomon Islands,SLB,2016,91.23,GDP per capita,2084.25,East Asia & Pacific
Spain,ESP,2016,99.97,GDP per capita,26719.24,Europe & Central Asia
St. Lucia,LCA,2016,96.81,GDP per capita,10644.16,Latin America & Caribbean
St. Vincent and the Grenadines,VCT,2016,94.6,GDP per capita,7702.89,Latin America & Caribbean
Sudan,SDN,2016,91.99,GDP per capita,1297.15,Sub-Saharan Africa
Suriname,SUR,2016,62.49,GDP per capita,8293.32,Latin America & Caribbean
Sweden,SWE,2016,99.57,GDP per capita,51626.32,Europe & Central Asia
Switzerland,CHE,2016,99.92,GDP per capita,84611.1,Europe & Central Asia
Tajikistan,TJK,2016,99.49,GDP per capita,997.35,Europe & Central Asia
Timor-Leste,TLS,2016,91.58,GDP per capita,1333.66,East Asia & Pacific
Togo,TGO,2016,83.25,GDP per capita,763.28,Sub-Saharan Africa
Tunisia,TUN,2016,97.71,GDP per capita,4015.29,Middle East & North Africa
Uganda,UGA,2016,58.95,GDP per capita,874.65,Sub-Saharan Africa
Ukraine,UKR,2016,99.6,GDP per capita,2156.08,Europe & Central Asia
United Kingdom,GBR,2016,99.98,GDP per capita,45888.01,Europe & Central Asia
United States,USA,2016,99.23,GDP per capita,57151.47,North America
Uzbekistan,UZB,2016,99.42,GDP per capita,2918.68,Europe & Central Asia
"Venezuela, RB",VEN,2016,98.55,GDP per capita,3382.73,Latin America & Caribbean
West Bank and Gaza,PSE,2016,98.81,GDP per capita,3483.1,Middle East & North Africa
Afghanistan,AFG,2017,90.77,GDP per capita,562.77,Middle East & North Africa
Albania,ALB,2017,98.53,GDP per capita,4648.23,Europe & Central Asia
Algeria,DZA,2017,99.21,GDP per capita,4742.9,Middle East & North Africa
Antigua and Barbuda,ATG,2017,99.3,GDP per capita,16992.93,Latin America & Caribbean
Armenia,ARM,2017,98.27,GDP per capita,3815.37,Europe & Central Asia
Azerbaijan,AZE,2017,99.23,GDP per capita,5229.25,Europe & Central Asia
Bahrain,BHR,2017,99.47,GDP per capita,23606.89,Middle East & North Africa
Belarus,BLR,2017,98.16,GDP per capita,5964.9,Europe & Central Asia
Belize,BLZ,2017,97.36,GDP per capita,5767.62,Latin America & Caribbean
Bolivia,BOL,2017,97.31,GDP per capita,3160.16,Latin America & Caribbean
Bosnia and Herzegovina,BIH,2017,97.91,GDP per capita,5099.82,Europe & Central Asia
Brunei Darussalam,BRN,2017,99.8,GDP per capita,29524.66,East Asia & Pacific
Burkina Faso,BFA,2017,80.11,GDP per capita,669.28,Sub-Saharan Africa
Burundi,BDI,2017,76.29,GDP per capita,261.73,Sub-Saharan Africa
Cabo Verde,CPV,2017,94.41,GDP per capita,3719.71,Sub-Saharan Africa
Cambodia,KHM,2017,89.85,GDP per capita,1753.94,East Asia & Pacific
Costa Rica,CRI,2017,91.71,GDP per capita,12468.57,Latin America & Caribbean
Cuba,CUB,2017,98.45,GDP per capita,7927.28,Latin America & Caribbean
Djibouti,DJI,2017,86.25,GDP per capita,2596.45,Middle East & North Africa
Dominican Republic,DOM,2017,93.16,GDP per capita,7379.4,Latin America & Caribbean
Ecuador,ECU,2017,99.59,GDP per capita,6104.27,Latin America & Caribbean
"Egypt, Arab Rep.",EGY,2017,96.56,GDP per capita,3452.91,Middle East & North Africa
El Salvador,SLV,2017,95.17,GDP per capita,3954.84,Latin America & Caribbean
Georgia,GEO,2017,99.69,GDP per capita,4442.51,Europe & Central Asia
Ghana,GHA,2017,93.71,GDP per capita,1841.45,Sub-Saharan Africa
Grenada,GRD,2017,97.71,GDP per capita,9357.41,Latin America & Caribbean
Guatemala,GTM,2017,90.17,GDP per capita,3972.74,Latin America & Caribbean
"Hong Kong SAR, China",HKG,2017,99.93,GDP per capita,44380.81,East Asia & Pacific
India,IND,2017,91.26,GDP per capita,1788.7,South Asia
Jamaica,JAM,2017,97.05,GDP per capita,5586.14,Latin America & Caribbean
Jordan,JOR,2017,97.98,GDP per capita,3940.7,Middle East & North Africa
Kazakhstan,KAZ,2017,99.68,GDP per capita,10404.27,Europe & Central Asia
Kuwait,KWT,2017,97.79,GDP per capita,27048.37,Middle East & North Africa
Kyrgyz Republic,KGZ,2017,99.76,GDP per capita,1157.18,Europe & Central Asia
Lao PDR,LAO,2017,86.18,GDP per capita,2351.57,East Asia & Pacific
Lebanon,LBN,2017,96.23,GDP per capita,8305.57,Middle East & North Africa
"Macao SAR, China",MAC,2017,99.2,GDP per capita,75650.13,East Asia & Pacific
Mauritania,MRT,2017,65.56,GDP per capita,1576.07,Sub-Saharan Africa
Mauritius,MUS,2017,99.42,GDP per capita,10379.91,Sub-Saharan Africa
Moldova,MDA,2017,98.26,GDP per capita,3085.33,Europe & Central Asia
Mongolia,MNG,2017,99.27,GDP per capita,3956.2,East Asia & Pacific
Montenegro,MNE,2017,99.83,GDP per capita,6840.91,Europe & Central Asia
Morocco,MAR,2017,90.52,GDP per capita,3242.64,Middle East & North Africa
Oman,OMN,2017,98.33,GDP per capita,18277.95,Middle East & North Africa
Pakistan,PAK,2017,87.5,GDP per capita,1495.26,Middle East & North Africa
Peru,PER,2017,95.43,GDP per capita,6457.42,Latin America & Caribbean
Rwanda,RWA,2017,72.67,GDP per capita,771.07,Sub-Saharan Africa
Samoa,WSM,2017,96.19,GDP per capita,4393.37,East Asia & Pacific
Saudi Arabia,SAU,2017,97.98,GDP per capita,23035.12,Middle East & North Africa
Serbia,SRB,2017,99.69,GDP per capita,6200.26,Europe & Central Asia
Seychelles,SYC,2017,97.36,GDP per capita,17921.57,Sub-Saharan Africa
Sierra Leone,SLE,2017,90.46,GDP per capita,1010.55,Sub-Saharan Africa
Solomon Islands,SLB,2017,88.22,GDP per capita,2075.37,East Asia & Pacific
Sri Lanka,LKA,2017,99.43,GDP per capita,4436.01,South Asia
St. Lucia,LCA,2017,98.23,GDP per capita,10960.48,Latin America & Caribbean
St. Vincent and the Grenadines,VCT,2017,95.11,GDP per capita,7872.93,Latin America & Caribbean
Suriname,SUR,2017,66.37,GDP per capita,8338.69,Latin America & Caribbean
Tanzania,TZA,2017,70.99,GDP per capita,1001.56,Sub-Saharan Africa
Thailand,THA,2017,98.49,GDP per capita,6076.74,East Asia & Pacific
Timor-Leste,TLS,2017,93.21,GDP per capita,1267.09,East Asia & Pacific
Togo,TGO,2017,81.99,GDP per capita,774.27,Sub-Saharan Africa
Ukraine,UKR,2017,99.7,GDP per capita,2217.75,Europe & Central Asia
Uzbekistan,UZB,2017,99.71,GDP per capita,2995.77,Europe & Central Asia
West Bank and Gaza,PSE,2017,96.98,GDP per capita,3462.98,Middle East & North Africa
Kazakhstan,KAZ,2018,99.53,GDP per capita,10670.21,Europe & Central Asia
Albania,ALB,2000,97.25,Population living in slums,28.1,Europe & Central Asia
Argentina,ARG,2000,97.69,Population living in slums,20.29,Latin America & Caribbean
Azerbaijan,AZE,2000,98.23,Population living in slums,50.94,Europe & Central Asia
Belize,BLZ,2000,94.41,Population living in slums,15.8,Latin America & Caribbean
Benin,BEN,2000,98.97,Population living in slums,71.87,Sub-Saharan Africa
Bhutan,BTN,2000,93.51,Population living in slums,57.6,South Asia
Botswana,BWA,2000,95.92,Population living in slums,58.69,Sub-Saharan Africa
Brazil,BRA,2000,97.88,Population living in slums,34.74,Latin America & Caribbean
Bulgaria,BGR,2000,99.34,Population living in slums,0.05,Europe & Central Asia
Burkina Faso,BFA,2000,61.96,Population living in slums,82.21,Sub-Saharan Africa
Cambodia,KHM,2000,78.61,Population living in slums,84.8,East Asia & Pacific
Chad,TCD,2000,75.69,Population living in slums,91.58,Sub-Saharan Africa
Colombia,COL,2000,92.34,Population living in slums,21.18,Latin America & Caribbean
Costa Rica,CRI,2000,82.92,Population living in slums,12.7,Latin America & Caribbean
Cote d'Ivoire,CIV,2000,67.47,Population living in slums,67.08,Sub-Saharan Africa
Croatia,HRV,2000,99.74,Population living in slums,0.4,Europe & Central Asia
Cuba,CUB,2000,97.4,Population living in slums,2.15,Latin America & Caribbean
Cyprus,CYP,2000,99.53,Population living in slums,0.2,Europe & Central Asia
Czechia,CZE,2000,99.97,Population living in slums,0.05,Europe & Central Asia
Djibouti,DJI,2000,79.95,Population living in slums,76.74,Middle East & North Africa
Ecuador,ECU,2000,70.25,Population living in slums,57.41,Latin America & Caribbean
"Egypt, Arab Rep.",EGY,2000,93.33,Population living in slums,42.23,Middle East & North Africa
El Salvador,SLV,2000,93.21,Population living in slums,1.9,Latin America & Caribbean
Eritrea,ERI,2000,86.32,Population living in slums,76.74,Sub-Saharan Africa
Estonia,EST,2000,99.85,Population living in slums,0.05,Europe & Central Asia
Eswatini,SWZ,2000,83.88,Population living in slums,55.35,Sub-Saharan Africa
Fiji,FJI,2000,98.36,Population living in slums,2.22,East Asia & Pacific
Finland,FIN,2000,99.84,Population living in slums,0.0,Europe & Central Asia
"Gambia, The",GMB,2000,71.71,Population living in slums,56.92,Sub-Saharan Africa
Georgia,GEO,2000,98.42,Population living in slums,13.6,Europe & Central Asia
Germany,DEU,2000,99.9,Population living in slums,0.0,Europe & Central Asia
Ghana,GHA,2000,85.34,Population living in slums,60.37,Sub-Saharan Africa
Guatemala,GTM,2000,94.43,Population living in slums,55.5,Latin America & Caribbean
Guinea,GIN,2000,76.98,Population living in slums,40.67,Sub-Saharan Africa
Hungary,HUN,2000,99.99,Population living in slums,15.4,Europe & Central Asia
Iceland,ISL,2000,99.88,Population living in slums,0.0,Europe & Central Asia
"Iran, Islamic Rep.",IRN,2000,92.32,Population living in slums,57.6,Middle East & North Africa
Italy,ITA,2000,99.78,Population living in slums,0.02,Europe & Central Asia
Kazakhstan,KAZ,2000,98.93,Population living in slums,24.46,Europe & Central Asia
Kuwait,KWT,2000,99.62,Population living in slums,0.0,Middle East & North Africa
Kyrgyz Republic,KGZ,2000,98.59,Population living in slums,47.16,Europe & Central Asia
Lao PDR,LAO,2000,77.86,Population living in slums,54.4,East Asia & Pacific
Latvia,LVA,2000,99.47,Population living in slums,2.85,Europe & Central Asia
Lesotho,LSO,2000,68.5,Population living in slums,62.73,Sub-Saharan Africa
Lithuania,LTU,2000,99.77,Population living in slums,4.15,Europe & Central Asia
Madagascar,MDG,2000,62.6,Population living in slums,91.44,Sub-Saharan Africa
Malawi,MWI,2000,87.62,Population living in slums,81.41,Sub-Saharan Africa
Mali,MLI,2000,77.94,Population living in slums,83.88,Sub-Saharan Africa
Malta,MLT,2000,98.47,Population living in slums,0.04,Middle East & North Africa
Mauritius,MUS,2000,80.76,Population living in slums,76.74,Sub-Saharan Africa
Mexico,MEX,2000,90.63,Population living in slums,32.16,Latin America & Caribbean
Moldova,MDA,2000,98.05,Population living in slums,26.5,Europe & Central Asia
Mongolia,MNG,2000,97.21,Population living in slums,57.6,East Asia & Pacific
Morocco,MAR,2000,87.85,Population living in slums,33.15,Middle East & North Africa
Myanmar,MMR,2000,66.13,Population living in slums,29.4,East Asia & Pacific
Nepal,NPL,2000,79.65,Population living in slums,66.31,South Asia
Niger,NER,2000,49.91,Population living in slums,70.04,Sub-Saharan Africa
North Macedonia,MKD,2000,98.82,Population living in slums,1.3,Europe & Central Asia
Norway,NOR,2000,99.92,Population living in slums,0.0,Europe & Central Asia
Oman,OMN,2000,99.91,Population living in slums,4.25,Middle East & North Africa
Paraguay,PRY,2000,92.84,Population living in slums,42.03,Latin America & Caribbean
Peru,PER,2000,97.55,Population living in slums,47.41,Latin America & Caribbean
Poland,POL,2000,100.0,Population living in slums,2.1,Europe & Central Asia
Romania,ROU,2000,99.46,Population living in slums,0.0,Europe & Central Asia
Russian Federation,RUS,2000,99.31,Population living in slums,3.65,Europe & Central Asia
Samoa,WSM,2000,97.77,Population living in slums,4.55,East Asia & Pacific
Senegal,SEN,2000,55.19,Population living in slums,67.15,Sub-Saharan Africa
Seychelles,SYC,2000,98.8,Population living in slums,76.74,Sub-Saharan Africa
Slovak Republic,SVK,2000,99.49,Population living in slums,0.05,Europe & Central Asia
Sweden,SWE,2000,99.92,Population living in slums,0.3,Europe & Central Asia
Switzerland,CHE,2000,99.94,Population living in slums,0.0,Europe & Central Asia
Syrian Arab Republic,SYR,2000,73.49,Population living in slums,30.7,Middle East & North Africa
Tanzania,TZA,2000,19.77,Population living in slums,81.33,Sub-Saharan Africa
Togo,TGO,2000,81.94,Population living in slums,69.27,Sub-Saharan Africa
Trinidad and Tobago,TTO,2000,97.41,Population living in slums,11.06,Latin America & Caribbean
Uganda,UGA,2000,43.94,Population living in slums,80.9,Sub-Saharan Africa
United Arab Emirates,ARE,2000,99.95,Population living in slums,0.7,Middle East & North Africa
Uruguay,URY,2000,81.47,Population living in slums,23.7,Latin America & Caribbean
Uzbekistan,UZB,2000,98.56,Population living in slums,29.46,Europe & Central Asia
Vanuatu,VUT,2000,44.93,Population living in slums,4.55,East Asia & Pacific
"Venezuela, RB",VEN,2000,98.71,Population living in slums,27.82,Latin America & Caribbean
Viet Nam,VNM,2000,93.42,Population living in slums,45.32,East Asia & Pacific
Argentina,ARG,2002,96.52,Population living in slums,19.57,Latin America & Caribbean
Armenia,ARM,2002,98.21,Population living in slums,12.31,Europe & Central Asia
Aruba,ABW,2002,99.83,Population living in slums,0.0,Latin America & Caribbean
Azerbaijan,AZE,2002,98.1,Population living in slums,44.94,Europe & Central Asia
Belize,BLZ,2002,98.62,Population living in slums,15.76,Latin America & Caribbean
Benin,BEN,2002,78.07,Population living in slums,71.47,Sub-Saharan Africa
Bermuda,BMU,2002,96.83,Population living in slums,0.02,North America
Botswana,BWA,2002,97.77,Population living in slums,56.57,Sub-Saharan Africa
Brazil,BRA,2002,96.9,Population living in slums,31.43,Latin America & Caribbean
Brunei Darussalam,BRN,2002,90.17,Population living in slums,35.79,East Asia & Pacific
Bulgaria,BGR,2002,98.22,Population living in slums,0.1,Europe & Central Asia
Burkina Faso,BFA,2002,61.23,Population living in slums,76.65,Sub-Saharan Africa
Cabo Verde,CPV,2002,87.73,Population living in slums,68.63,Sub-Saharan Africa
Cambodia,KHM,2002,84.81,Population living in slums,79.2,East Asia & Pacific
Chad,TCD,2002,83.55,Population living in slums,90.46,Sub-Saharan Africa
Comoros,COM,2002,80.22,Population living in slums,65.09,Sub-Saharan Africa
"Congo, Rep.",COG,2002,68.66,Population living in slums,87.81,Sub-Saharan Africa
Croatia,HRV,2002,99.89,Population living in slums,0.4,Europe & Central Asia
Cuba,CUB,2002,98.18,Population living in slums,2.15,Latin America & Caribbean
Cyprus,CYP,2002,99.44,Population living in slums,0.2,Europe & Central Asia
Czechia,CZE,2002,99.84,Population living in slums,0.05,Europe & Central Asia
Ecuador,ECU,2002,73.29,Population living in slums,57.85,Latin America & Caribbean
"Egypt, Arab Rep.",EGY,2002,93.29,Population living in slums,36.72,Middle East & North Africa
El Salvador,SLV,2002,97.18,Population living in slums,49.5,Latin America & Caribbean
Eritrea,ERI,2002,96.56,Population living in slums,74.76,Sub-Saharan Africa
Eswatini,SWZ,2002,84.81,Population living in slums,55.35,Sub-Saharan Africa
Finland,FIN,2002,99.84,Population living in slums,0.0,Europe & Central Asia
"Gambia, The",GMB,2002,91.61,Population living in slums,55.12,Sub-Saharan Africa
Georgia,GEO,2002,98.53,Population living in slums,13.6,Europe & Central Asia
Germany,DEU,2002,99.76,Population living in slums,0.0,Europe & Central Asia
Ghana,GHA,2002,90.57,Population living in slums,57.01,Sub-Saharan Africa
Guinea,GIN,2002,70.51,Population living in slums,41.5,Sub-Saharan Africa
Hungary,HUN,2002,99.87,Population living in slums,14.2,Europe & Central Asia
Iceland,ISL,2002,99.58,Population living in slums,0.0,Europe & Central Asia
Indonesia,IDN,2002,81.76,Population living in slums,33.47,East Asia & Pacific
"Iran, Islamic Rep.",IRN,2002,97.15,Population living in slums,56.79,Middle East & North Africa
Italy,ITA,2002,99.84,Population living in slums,0.02,Europe & Central Asia
Kazakhstan,KAZ,2002,99.55,Population living in slums,21.67,Europe & Central Asia
Kuwait,KWT,2002,99.18,Population living in slums,0.0,Middle East & North Africa
Kyrgyz Republic,KGZ,2002,98.42,Population living in slums,42.69,Europe & Central Asia
Lao PDR,LAO,2002,83.1,Population living in slums,51.0,East Asia & Pacific
Latvia,LVA,2002,99.8,Population living in slums,2.75,Europe & Central Asia
Lebanon,LBN,2002,95.03,Population living in slums,92.4,Middle East & North Africa
Lesotho,LSO,2002,78.36,Population living in slums,62.73,Sub-Saharan Africa
Lithuania,LTU,2002,99.32,Population living in slums,3.7,Europe & Central Asia
Madagascar,MDG,2002,64.77,Population living in slums,89.03,Sub-Saharan Africa
Mali,MLI,2002,77.36,Population living in slums,79.68,Sub-Saharan Africa
Malta,MLT,2002,99.67,Population living in slums,0.04,Middle East & North Africa
Marshall Islands,MHL,2002,86.57,Population living in slums,2.2,East Asia & Pacific
Mauritius,MUS,2002,81.65,Population living in slums,74.76,Sub-Saharan Africa
Mexico,MEX,2002,93.31,Population living in slums,30.45,Latin America & Caribbean
Moldova,MDA,2002,98.36,Population living in slums,23.7,Europe & Central Asia
Mongolia,MNG,2002,99.25,Population living in slums,53.63,East Asia & Pacific
Morocco,MAR,2002,87.45,Population living in slums,30.37,Middle East & North Africa
Myanmar,MMR,2002,70.08,Population living in slums,32.61,East Asia & Pacific
Nepal,NPL,2002,87.89,Population living in slums,63.42,South Asia
Niger,NER,2002,58.41,Population living in slums,70.1,Sub-Saharan Africa
North Macedonia,MKD,2002,97.83,Population living in slums,1.3,Europe & Central Asia
Norway,NOR,2002,99.75,Population living in slums,0.0,Europe & Central Asia
Oman,OMN,2002,99.32,Population living in slums,4.0,Middle East & North Africa
Paraguay,PRY,2002,92.13,Population living in slums,39.03,Latin America & Caribbean
Philippines,PHL,2002,97.94,Population living in slums,48.57,East Asia & Pacific
Poland,POL,2002,100.0,Population living in slums,1.8,Europe & Central Asia
Romania,ROU,2002,99.76,Population living in slums,3.65,Europe & Central Asia
Samoa,WSM,2002,97.47,Population living in slums,4.55,East Asia & Pacific
Senegal,SEN,2002,55.55,Population living in slums,63.6,Sub-Saharan Africa
Seychelles,SYC,2002,99.75,Population living in slums,74.76,Sub-Saharan Africa
Slovak Republic,SVK,2002,99.71,Population living in slums,0.05,Europe & Central Asia
South Africa,ZAF,2002,98.38,Population living in slums,27.23,Sub-Saharan Africa
Sri Lanka,LKA,2002,98.03,Population living in slums,56.79,South Asia
St. Lucia,LCA,2002,69.23,Population living in slums,4.85,Latin America & Caribbean
Switzerland,CHE,2002,99.82,Population living in slums,0.0,Europe & Central Asia
Syrian Arab Republic,SYR,2002,97.01,Population living in slums,32.07,Middle East & North Africa
Togo,TGO,2002,77.13,Population living in slums,66.03,Sub-Saharan Africa
Uganda,UGA,2002,43.24,Population living in slums,78.21,Sub-Saharan Africa
United Arab Emirates,ARE,2002,97.75,Population living in slums,0.95,Middle East & North Africa
Uruguay,URY,2002,83.43,Population living in slums,23.7,Latin America & Caribbean
Uzbekistan,UZB,2002,99.43,Population living in slums,26.73,Europe & Central Asia
"Venezuela, RB",VEN,2002,98.33,Population living in slums,26.41,Latin America & Caribbean
West Bank and Gaza,PSE,2002,99.07,Population living in slums,30.0,Middle East & North Africa
Argentina,ARG,2004,95.87,Population living in slums,18.84,Latin America & Caribbean
Armenia,ARM,2004,99.74,Population living in slums,11.82,Europe & Central Asia
Azerbaijan,AZE,2004,99.27,Population living in slums,38.93,Europe & Central Asia
Belize,BLZ,2004,98.06,Population living in slums,15.76,Latin America & Caribbean
Bermuda,BMU,2004,98.17,Population living in slums,0.03,North America
Bhutan,BTN,2004,98.5,Population living in slums,55.97,South Asia
Botswana,BWA,2004,99.03,Population living in slums,54.45,Sub-Saharan Africa
Brunei Darussalam,BRN,2004,96.98,Population living in slums,34.13,East Asia & Pacific
Bulgaria,BGR,2004,98.34,Population living in slums,0.1,Europe & Central Asia
Burkina Faso,BFA,2004,66.83,Population living in slums,71.08,Sub-Saharan Africa
Burundi,BDI,2004,58.18,Population living in slums,77.04,Sub-Saharan Africa
Cabo Verde,CPV,2004,93.74,Population living in slums,66.26,Sub-Saharan Africa
Cambodia,KHM,2004,84.4,Population living in slums,73.6,East Asia & Pacific
Cayman Islands,CYM,2004,98.68,Population living in slums,4.15,Latin America & Caribbean
Central African Republic,CAF,2004,76.44,Population living in slums,80.28,Sub-Saharan Africa
Chad,TCD,2004,66.62,Population living in slums,89.33,Sub-Saharan Africa
Colombia,COL,2004,99.62,Population living in slums,18.49,Latin America & Caribbean
"Congo, Rep.",COG,2004,70.11,Population living in slums,84.69,Sub-Saharan Africa
Costa Rica,CRI,2004,96.81,Population living in slums,10.87,Latin America & Caribbean
Cuba,CUB,2004,98.67,Population living in slums,2.15,Latin America & Caribbean
Cyprus,CYP,2004,99.68,Population living in slums,0.2,Europe & Central Asia
Czechia,CZE,2004,99.86,Population living in slums,0.05,Europe & Central Asia
Denmark,DNK,2004,99.69,Population living in slums,0.0,Europe & Central Asia
Djibouti,DJI,2004,91.35,Population living in slums,72.36,Middle East & North Africa
Ecuador,ECU,2004,78.59,Population living in slums,57.8,Latin America & Caribbean
Eritrea,ERI,2004,93.94,Population living in slums,72.36,Sub-Saharan Africa
Estonia,EST,2004,99.95,Population living in slums,0.05,Europe & Central Asia
Eswatini,SWZ,2004,95.3,Population living in slums,55.35,Sub-Saharan Africa
Ethiopia,ETH,2004,99.05,Population living in slums,85.98,Sub-Saharan Africa
Finland,FIN,2004,99.97,Population living in slums,0.0,Europe & Central Asia
"Gambia, The",GMB,2004,86.87,Population living in slums,53.32,Sub-Saharan Africa
Georgia,GEO,2004,97.94,Population living in slums,13.21,Europe & Central Asia
Germany,DEU,2004,99.82,Population living in slums,0.0,Europe & Central Asia
Ghana,GHA,2004,97.44,Population living in slums,53.65,Sub-Saharan Africa
Greece,GRC,2004,99.42,Population living in slums,0.25,Europe & Central Asia
Guatemala,GTM,2004,92.75,Population living in slums,51.02,Latin America & Caribbean
Guinea,GIN,2004,83.08,Population living in slums,42.33,Sub-Saharan Africa
Hungary,HUN,2004,99.66,Population living in slums,12.9,Europe & Central Asia
Iceland,ISL,2004,99.45,Population living in slums,0.0,Europe & Central Asia
Indonesia,IDN,2004,78.59,Population living in slums,31.82,East Asia & Pacific
"Iran, Islamic Rep.",IRN,2004,90.97,Population living in slums,55.97,Middle East & North Africa
Italy,ITA,2004,99.63,Population living in slums,0.02,Europe & Central Asia
Kazakhstan,KAZ,2004,99.92,Population living in slums,18.89,Europe & Central Asia
Kuwait,KWT,2004,96.82,Population living in slums,0.0,Middle East & North Africa
Kyrgyz Republic,KGZ,2004,99.08,Population living in slums,38.21,Europe & Central Asia
Lao PDR,LAO,2004,81.98,Population living in slums,47.5,East Asia & Pacific
Latvia,LVA,2004,99.4,Population living in slums,2.4,Europe & Central Asia
Lebanon,LBN,2004,95.76,Population living in slums,92.4,Middle East & North Africa
Lesotho,LSO,2004,74.31,Population living in slums,58.6,Sub-Saharan Africa
Lithuania,LTU,2004,99.27,Population living in slums,3.3,Europe & Central Asia
Madagascar,MDG,2004,73.44,Population living in slums,86.63,Sub-Saharan Africa
Malawi,MWI,2004,82.15,Population living in slums,74.38,Sub-Saharan Africa
Maldives,MDV,2004,92.18,Population living in slums,41.54,South Asia
Mali,MLI,2004,81.33,Population living in slums,75.49,Sub-Saharan Africa
Malta,MLT,2004,99.28,Population living in slums,0.04,Middle East & North Africa
Mauritania,MRT,2004,54.31,Population living in slums,77.94,Sub-Saharan Africa
Mauritius,MUS,2004,82.1,Population living in slums,72.36,Sub-Saharan Africa
Mexico,MEX,2004,94.29,Population living in slums,28.73,Latin America & Caribbean
Moldova,MDA,2004,98.76,Population living in slums,20.8,Europe & Central Asia
Mozambique,MOZ,2004,59.49,Population living in slums,83.07,Sub-Saharan Africa
Namibia,NAM,2004,91.59,Population living in slums,42.26,Sub-Saharan Africa
Niger,NER,2004,74.49,Population living in slums,70.15,Sub-Saharan Africa
North Macedonia,MKD,2004,99.56,Population living in slums,1.3,Europe & Central Asia
Norway,NOR,2004,99.86,Population living in slums,0.0,Europe & Central Asia
Pakistan,PAK,2004,71.83,Population living in slums,68.17,Middle East & North Africa
Panama,PAN,2004,65.31,Population living in slums,40.05,Latin America & Caribbean
Paraguay,PRY,2004,90.23,Population living in slums,36.03,Latin America & Caribbean
Peru,PER,2004,98.36,Population living in slums,43.72,Latin America & Caribbean
Philippines,PHL,2004,92.28,Population living in slums,47.16,East Asia & Pacific
Poland,POL,2004,100.0,Population living in slums,1.55,Europe & Central Asia
Romania,ROU,2004,99.65,Population living in slums,3.65,Europe & Central Asia
Samoa,WSM,2004,98.31,Population living in slums,4.55,East Asia & Pacific
Sao Tome and Principe,STP,2004,78.6,Population living in slums,61.4,Sub-Saharan Africa
Senegal,SEN,2004,64.53,Population living in slums,60.04,Sub-Saharan Africa
Seychelles,SYC,2004,99.89,Population living in slums,72.36,Sub-Saharan Africa
Slovak Republic,SVK,2004,99.96,Population living in slums,0.05,Europe & Central Asia
St. Lucia,LCA,2004,71.03,Population living in slums,4.5,Latin America & Caribbean
Switzerland,CHE,2004,99.85,Population living in slums,0.0,Europe & Central Asia
Syrian Arab Republic,SYR,2004,98.46,Population living in slums,31.31,Middle East & North Africa
Tanzania,TZA,2004,33.19,Population living in slums,72.81,Sub-Saharan Africa
Togo,TGO,2004,79.82,Population living in slums,62.79,Sub-Saharan Africa
Trinidad and Tobago,TTO,2004,95.77,Population living in slums,11.06,Latin America & Caribbean
Turkiye,TUR,2004,97.72,Population living in slums,21.79,Europe & Central Asia
Uganda,UGA,2004,41.69,Population living in slums,75.52,Sub-Saharan Africa
United Arab Emirates,ARE,2004,99.23,Population living in slums,0.95,Middle East & North Africa
Uruguay,URY,2004,82.04,Population living in slums,23.68,Latin America & Caribbean
Uzbekistan,UZB,2004,99.59,Population living in slums,23.97,Europe & Central Asia
"Venezuela, RB",VEN,2004,99.8,Population living in slums,25.7,Latin America & Caribbean
West Bank and Gaza,PSE,2004,99.24,Population living in slums,30.0,Middle East & North Africa
"Yemen, Rep.",YEM,2004,87.11,Population living in slums,58.57,Middle East & North Africa
Zambia,ZMB,2004,64.58,Population living in slums,60.68,Sub-Saharan Africa
Albania,ALB,2006,98.39,Population living in slums,20.5,Europe & Central Asia
Algeria,DZA,2006,93.24,Population living in slums,30.8,Middle East & North Africa
Argentina,ARG,2006,94.96,Population living in slums,18.11,Latin America & Caribbean
Armenia,ARM,2006,99.32,Population living in slums,11.33,Europe & Central Asia
Aruba,ABW,2006,97.76,Population living in slums,0.0,Latin America & Caribbean
Azerbaijan,AZE,2006,99.08,Population living in slums,32.93,Europe & Central Asia
Belize,BLZ,2006,94.93,Population living in slums,15.75,Latin America & Caribbean
Bhutan,BTN,2006,97.85,Population living in slums,55.27,South Asia
Botswana,BWA,2006,97.66,Population living in slums,52.32,Sub-Saharan Africa
Brunei Darussalam,BRN,2006,99.18,Population living in slums,32.36,East Asia & Pacific
Bulgaria,BGR,2006,97.72,Population living in slums,0.1,Europe & Central Asia
Burkina Faso,BFA,2006,66.92,Population living in slums,65.51,Sub-Saharan Africa
Cabo Verde,CPV,2006,92.81,Population living in slums,63.83,Sub-Saharan Africa
Cambodia,KHM,2006,81.57,Population living in slums,67.9,East Asia & Pacific
Cameroon,CMR,2006,44.92,Population living in slums,55.56,Sub-Saharan Africa
Cayman Islands,CYM,2006,91.78,Population living in slums,4.15,Latin America & Caribbean
Colombia,COL,2006,99.8,Population living in slums,17.14,Latin America & Caribbean
Costa Rica,CRI,2006,96.71,Population living in slums,9.95,Latin America & Caribbean
Cote d'Ivoire,CIV,2006,70.73,Population living in slums,62.45,Sub-Saharan Africa
Croatia,HRV,2006,99.58,Population living in slums,0.35,Europe & Central Asia
Cuba,CUB,2006,98.49,Population living in slums,3.2,Latin America & Caribbean
Cyprus,CYP,2006,99.15,Population living in slums,0.25,Europe & Central Asia
Czechia,CZE,2006,99.27,Population living in slums,0.05,Europe & Central Asia
Denmark,DNK,2006,96.76,Population living in slums,0.0,Europe & Central Asia
Dominican Republic,DOM,2006,98.83,Population living in slums,23.07,Latin America & Caribbean
Ecuador,ECU,2006,79.1,Population living in slums,57.8,Latin America & Caribbean
El Salvador,SLV,2006,95.01,Population living in slums,46.49,Latin America & Caribbean
Eritrea,ERI,2006,85.27,Population living in slums,69.89,Sub-Saharan Africa
Ethiopia,ETH,2006,95.47,Population living in slums,82.89,Sub-Saharan Africa
Finland,FIN,2006,99.91,Population living in slums,0.0,Europe & Central Asia
"Gambia, The",GMB,2006,96.76,Population living in slums,51.51,Sub-Saharan Africa
Georgia,GEO,2006,100.0,Population living in slums,12.45,Europe & Central Asia
Germany,DEU,2006,99.32,Population living in slums,0.0,Europe & Central Asia
Greece,GRC,2006,97.15,Population living in slums,0.2,Europe & Central Asia
Guatemala,GTM,2006,93.28,Population living in slums,48.79,Latin America & Caribbean
Guinea,GIN,2006,80.51,Population living in slums,43.17,Sub-Saharan Africa
Hungary,HUN,2006,99.62,Population living in slums,11.6,Europe & Central Asia
Iceland,ISL,2006,99.77,Population living in slums,0.0,Europe & Central Asia
Indonesia,IDN,2006,98.94,Population living in slums,30.16,East Asia & Pacific
"Iran, Islamic Rep.",IRN,2006,96.12,Population living in slums,55.27,Middle East & North Africa
Italy,ITA,2006,99.68,Population living in slums,0.02,Europe & Central Asia
Kazakhstan,KAZ,2006,99.99,Population living in slums,16.11,Europe & Central Asia
"Korea, Rep.",KOR,2006,98.86,Population living in slums,12.8,East Asia & Pacific
Kyrgyz Republic,KGZ,2006,99.01,Population living in slums,33.74,Europe & Central Asia
Lao PDR,LAO,2006,81.04,Population living in slums,44.1,East Asia & Pacific
Lebanon,LBN,2006,96.91,Population living in slums,92.41,Middle East & North Africa
Lesotho,LSO,2006,76.25,Population living in slums,54.47,Sub-Saharan Africa
Lithuania,LTU,2006,99.22,Population living in slums,2.85,Europe & Central Asia
Madagascar,MDG,2006,75.01,Population living in slums,84.23,Sub-Saharan Africa
Malawi,MWI,2006,84.89,Population living in slums,70.87,Sub-Saharan Africa
Mali,MLI,2006,86.33,Population living in slums,71.29,Sub-Saharan Africa
Malta,MLT,2006,97.58,Population living in slums,0.04,Middle East & North Africa
Marshall Islands,MHL,2006,93.47,Population living in slums,2.0,East Asia & Pacific
Mauritania,MRT,2006,60.79,Population living in slums,74.56,Sub-Saharan Africa
Mauritius,MUS,2006,86.32,Population living in slums,69.89,Sub-Saharan Africa
Mexico,MEX,2006,94.7,Population living in slums,27.02,Latin America & Caribbean
Moldova,MDA,2006,98.93,Population living in slums,18.0,Europe & Central Asia
Morocco,MAR,2006,86.57,Population living in slums,24.79,Middle East & North Africa
Mozambique,MOZ,2006,65.69,Population living in slums,79.55,Sub-Saharan Africa
Myanmar,MMR,2006,72.84,Population living in slums,39.03,East Asia & Pacific
Niger,NER,2006,52.62,Population living in slums,70.21,Sub-Saharan Africa
North Macedonia,MKD,2006,99.52,Population living in slums,1.15,Europe & Central Asia
Norway,NOR,2006,99.64,Population living in slums,0.0,Europe & Central Asia
Pakistan,PAK,2006,78.72,Population living in slums,66.65,Middle East & North Africa
Panama,PAN,2006,98.88,Population living in slums,35.74,Latin America & Caribbean
Paraguay,PRY,2006,88.37,Population living in slums,33.04,Latin America & Caribbean
Peru,PER,2006,97.96,Population living in slums,41.87,Latin America & Caribbean
Philippines,PHL,2006,98.05,Population living in slums,45.76,East Asia & Pacific
Poland,POL,2006,100.0,Population living in slums,1.25,Europe & Central Asia
Samoa,WSM,2006,98.2,Population living in slums,3.9,East Asia & Pacific
Senegal,SEN,2006,78.61,Population living in slums,56.49,Sub-Saharan Africa
Serbia,SRB,2006,99.57,Population living in slums,0.6,Europe & Central Asia
Slovak Republic,SVK,2006,99.34,Population living in slums,0.05,Europe & Central Asia
Sri Lanka,LKA,2006,99.45,Population living in slums,55.27,South Asia
Suriname,SUR,2006,55.0,Population living in slums,9.94,Latin America & Caribbean
Sweden,SWE,2006,99.91,Population living in slums,0.25,Europe & Central Asia
Switzerland,CHE,2006,99.77,Population living in slums,0.0,Europe & Central Asia
Syrian Arab Republic,SYR,2006,98.35,Population living in slums,30.44,Middle East & North Africa
Turkiye,TUR,2006,98.91,Population living in slums,20.4,Europe & Central Asia
Uganda,UGA,2006,64.49,Population living in slums,72.83,Sub-Saharan Africa
Ukraine,UKR,2006,99.76,Population living in slums,3.9,Europe & Central Asia
United Arab Emirates,ARE,2006,99.63,Population living in slums,0.95,Middle East & North Africa
Uruguay,URY,2006,78.53,Population living in slums,19.95,Latin America & Caribbean
Uzbekistan,UZB,2006,99.81,Population living in slums,21.19,Europe & Central Asia
"Venezuela, RB",VEN,2006,99.25,Population living in slums,25.7,Latin America & Caribbean
West Bank and Gaza,PSE,2006,99.37,Population living in slums,29.07,Middle East & North Africa
Zambia,ZMB,2006,66.57,Population living in slums,59.13,Sub-Saharan Africa
Albania,ALB,2008,99.22,Population living in slums,17.9,Europe & Central Asia
Angola,AGO,2008,40.82,Population living in slums,31.92,Sub-Saharan Africa
Argentina,ARG,2008,95.31,Population living in slums,17.39,Latin America & Caribbean
Aruba,ABW,2008,98.6,Population living in slums,0.0,Latin America & Caribbean
Azerbaijan,AZE,2008,99.19,Population living in slums,26.93,Europe & Central Asia
Belize,BLZ,2008,96.39,Population living in slums,15.75,Latin America & Caribbean
Bhutan,BTN,2008,98.17,Population living in slums,54.48,South Asia
Brunei Darussalam,BRN,2008,99.49,Population living in slums,30.57,East Asia & Pacific
Bulgaria,BGR,2008,97.92,Population living in slums,0.15,Europe & Central Asia
Burkina Faso,BFA,2008,73.19,Population living in slums,59.95,Sub-Saharan Africa
Burundi,BDI,2008,62.71,Population living in slums,66.32,Sub-Saharan Africa
Cabo Verde,CPV,2008,93.46,Population living in slums,61.43,Sub-Saharan Africa
Cameroon,CMR,2008,51.29,Population living in slums,52.29,Sub-Saharan Africa
Central African Republic,CAF,2008,62.54,Population living in slums,74.6,Sub-Saharan Africa
Colombia,COL,2008,99.66,Population living in slums,15.8,Latin America & Caribbean
"Congo, Rep.",COG,2008,71.22,Population living in slums,72.23,Sub-Saharan Africa
Costa Rica,CRI,2008,94.57,Population living in slums,9.04,Latin America & Caribbean
Cote d'Ivoire,CIV,2008,68.76,Population living in slums,60.91,Sub-Saharan Africa
Croatia,HRV,2008,99.39,Population living in slums,0.35,Europe & Central Asia
Cuba,CUB,2008,98.6,Population living in slums,4.25,Latin America & Caribbean
Cyprus,CYP,2008,99.99,Population living in slums,0.25,Europe & Central Asia
Czechia,CZE,2008,99.73,Population living in slums,0.05,Europe & Central Asia
Denmark,DNK,2008,99.79,Population living in slums,0.0,Europe & Central Asia
Dominican Republic,DOM,2008,95.3,Population living in slums,20.7,Latin America & Caribbean
El Salvador,SLV,2008,97.29,Population living in slums,40.49,Latin America & Caribbean
Eritrea,ERI,2008,92.23,Population living in slums,67.41,Sub-Saharan Africa
Estonia,EST,2008,99.43,Population living in slums,0.1,Europe & Central Asia
Ethiopia,ETH,2008,90.64,Population living in slums,79.79,Sub-Saharan Africa
Fiji,FJI,2008,96.3,Population living in slums,13.5,East Asia & Pacific
Finland,FIN,2008,99.88,Population living in slums,0.0,Europe & Central Asia
Georgia,GEO,2008,98.87,Population living in slums,11.68,Europe & Central Asia
Ghana,GHA,2008,95.75,Population living in slums,46.93,Sub-Saharan Africa
Guatemala,GTM,2008,98.75,Population living in slums,46.55,Latin America & Caribbean
Guinea,GIN,2008,58.76,Population living in slums,44.0,Sub-Saharan Africa
Guyana,GUY,2008,93.9,Population living in slums,22.02,Latin America & Caribbean
Hungary,HUN,2008,99.66,Population living in slums,10.4,Europe & Central Asia
Iceland,ISL,2008,99.78,Population living in slums,0.0,Europe & Central Asia
Indonesia,IDN,2008,92.05,Population living in slums,28.51,East Asia & Pacific
"Iran, Islamic Rep.",IRN,2008,99.37,Population living in slums,54.48,Middle East & North Africa
Italy,ITA,2008,99.94,Population living in slums,0.02,Europe & Central Asia
Kazakhstan,KAZ,2008,99.84,Population living in slums,13.32,Europe & Central Asia
Kyrgyz Republic,KGZ,2008,99.6,Population living in slums,29.27,Europe & Central Asia
Lao PDR,LAO,2008,82.71,Population living in slums,40.7,East Asia & Pacific
Latvia,LVA,2008,99.23,Population living in slums,1.85,Europe & Central Asia
Lebanon,LBN,2008,95.06,Population living in slums,67.3,Middle East & North Africa
Lesotho,LSO,2008,84.73,Population living in slums,50.34,Sub-Saharan Africa
Liberia,LBR,2008,80.73,Population living in slums,72.81,Sub-Saharan Africa
Lithuania,LTU,2008,99.33,Population living in slums,2.4,Europe & Central Asia
Madagascar,MDG,2008,73.3,Population living in slums,81.83,Sub-Saharan Africa
Malawi,MWI,2008,84.14,Population living in slums,67.35,Sub-Saharan Africa
Maldives,MDV,2008,96.24,Population living in slums,40.98,South Asia
Mali,MLI,2008,84.8,Population living in slums,67.1,Sub-Saharan Africa
Marshall Islands,MHL,2008,90.87,Population living in slums,1.65,East Asia & Pacific
Mauritania,MRT,2008,39.31,Population living in slums,71.19,Sub-Saharan Africa
Mauritius,MUS,2008,84.74,Population living in slums,67.41,Sub-Saharan Africa
Mexico,MEX,2008,94.87,Population living in slums,25.3,Latin America & Caribbean
Moldova,MDA,2008,98.15,Population living in slums,15.1,Europe & Central Asia
Morocco,MAR,2008,87.05,Population living in slums,22.0,Middle East & North Africa
Mozambique,MOZ,2008,60.24,Population living in slums,76.04,Sub-Saharan Africa
Namibia,NAM,2008,93.9,Population living in slums,41.96,Sub-Saharan Africa
Niger,NER,2008,58.72,Population living in slums,70.27,Sub-Saharan Africa
North Macedonia,MKD,2008,98.68,Population living in slums,1.0,Europe & Central Asia
Norway,NOR,2008,99.77,Population living in slums,0.0,Europe & Central Asia
Pakistan,PAK,2008,74.95,Population living in slums,65.12,Middle East & North Africa
Panama,PAN,2008,98.05,Population living in slums,31.43,Latin America & Caribbean
Paraguay,PRY,2008,90.13,Population living in slums,30.04,Latin America & Caribbean
Peru,PER,2008,97.63,Population living in slums,40.02,Latin America & Caribbean
Philippines,PHL,2008,98.89,Population living in slums,44.35,East Asia & Pacific
Poland,POL,2008,99.36,Population living in slums,0.85,Europe & Central Asia
Romania,ROU,2008,99.43,Population living in slums,3.25,Europe & Central Asia
Russian Federation,RUS,2008,100.0,Population living in slums,3.3,Europe & Central Asia
Sao Tome and Principe,STP,2008,75.36,Population living in slums,60.4,Sub-Saharan Africa
Senegal,SEN,2008,71.83,Population living in slums,52.93,Sub-Saharan Africa
Serbia,SRB,2008,99.36,Population living in slums,0.55,Europe & Central Asia
Seychelles,SYC,2008,98.25,Population living in slums,67.41,Sub-Saharan Africa
Singapore,SGP,2008,90.83,Population living in slums,0.0,East Asia & Pacific
Slovak Republic,SVK,2008,99.39,Population living in slums,0.05,Europe & Central Asia
Sri Lanka,LKA,2008,97.35,Population living in slums,54.48,South Asia
St. Lucia,LCA,2008,97.6,Population living in slums,3.35,Latin America & Caribbean
Suriname,SUR,2008,56.42,Population living in slums,10.78,Latin America & Caribbean
Sweden,SWE,2008,99.78,Population living in slums,0.2,Europe & Central Asia
Switzerland,CHE,2008,99.68,Population living in slums,0.0,Europe & Central Asia
Syrian Arab Republic,SYR,2008,97.68,Population living in slums,28.53,Middle East & North Africa
Tanzania,TZA,2008,47.56,Population living in slums,64.3,Sub-Saharan Africa
Timor-Leste,TLS,2008,89.65,Population living in slums,54.0,East Asia & Pacific
Trinidad and Tobago,TTO,2008,94.33,Population living in slums,9.5,Latin America & Caribbean
Tunisia,TUN,2008,94.44,Population living in slums,10.4,Middle East & North Africa
Turkiye,TUR,2008,98.22,Population living in slums,19.01,Europe & Central Asia
Uganda,UGA,2008,63.43,Population living in slums,70.15,Sub-Saharan Africa
Ukraine,UKR,2008,99.77,Population living in slums,3.2,Europe & Central Asia
Uruguay,URY,2008,82.26,Population living in slums,16.22,Latin America & Caribbean
Uzbekistan,UZB,2008,99.48,Population living in slums,18.41,Europe & Central Asia
West Bank and Gaza,PSE,2008,97.11,Population living in slums,27.16,Middle East & North Africa
Zambia,ZMB,2008,74.52,Population living in slums,57.57,Sub-Saharan Africa
Belarus,BLR,2009,98.55,Population living in slums,0.0,Europe & Central Asia
Albania,ALB,2010,99.19,Population living in slums,15.4,Europe & Central Asia
Algeria,DZA,2010,98.57,Population living in slums,30.8,Middle East & North Africa
Angola,AGO,2010,52.48,Population living in slums,38.05,Sub-Saharan Africa
Argentina,ARG,2010,96.18,Population living in slums,16.66,Latin America & Caribbean
Azerbaijan,AZE,2010,98.72,Population living in slums,26.93,Europe & Central Asia
Bangladesh,BGD,2010,94.51,Population living in slums,55.09,South Asia
Belize,BLZ,2010,97.49,Population living in slums,15.75,Latin America & Caribbean
Benin,BEN,2010,78.35,Population living in slums,69.9,Sub-Saharan Africa
Bermuda,BMU,2010,86.32,Population living in slums,0.1,North America
Bhutan,BTN,2010,99.6,Population living in slums,53.7,South Asia
Bolivia,BOL,2010,94.0,Population living in slums,46.63,Latin America & Caribbean
Brunei Darussalam,BRN,2010,99.95,Population living in slums,28.77,East Asia & Pacific
Bulgaria,BGR,2010,98.67,Population living in slums,0.15,Europe & Central Asia
Burundi,BDI,2010,71.25,Population living in slums,60.96,Sub-Saharan Africa
Cabo Verde,CPV,2010,97.8,Population living in slums,58.95,Sub-Saharan Africa
Cambodia,KHM,2010,81.87,Population living in slums,56.6,East Asia & Pacific
Cameroon,CMR,2010,60.81,Population living in slums,49.02,Sub-Saharan Africa
Chad,TCD,2010,95.51,Population living in slums,85.95,Sub-Saharan Africa
Colombia,COL,2010,98.6,Population living in slums,14.45,Latin America & Caribbean
"Congo, Rep.",COG,2010,77.27,Population living in slums,65.99,Sub-Saharan Africa
Costa Rica,CRI,2010,92.91,Population living in slums,8.12,Latin America & Caribbean
Croatia,HRV,2010,99.49,Population living in slums,0.35,Europe & Central Asia
Cuba,CUB,2010,98.63,Population living in slums,5.3,Latin America & Caribbean
Cyprus,CYP,2010,99.43,Population living in slums,0.25,Europe & Central Asia
Czechia,CZE,2010,99.34,Population living in slums,0.05,Europe & Central Asia
Denmark,DNK,2010,99.87,Population living in slums,0.0,Europe & Central Asia
Dominican Republic,DOM,2010,94.59,Population living in slums,18.34,Latin America & Caribbean
El Salvador,SLV,2010,96.32,Population living in slums,34.49,Latin America & Caribbean
Equatorial Guinea,GNQ,2010,97.24,Population living in slums,60.6,Sub-Saharan Africa
Eritrea,ERI,2010,96.32,Population living in slums,64.82,Sub-Saharan Africa
Estonia,EST,2010,99.48,Population living in slums,0.1,Europe & Central Asia
Eswatini,SWZ,2010,96.18,Population living in slums,33.08,Sub-Saharan Africa
Ethiopia,ETH,2010,89.49,Population living in slums,76.7,Sub-Saharan Africa
Finland,FIN,2010,99.97,Population living in slums,0.0,Europe & Central Asia
"Gambia, The",GMB,2010,86.42,Population living in slums,47.91,Sub-Saharan Africa
Greece,GRC,2010,98.52,Population living in slums,0.1,Europe & Central Asia
Guatemala,GTM,2010,89.82,Population living in slums,44.31,Latin America & Caribbean
Hungary,HUN,2010,99.68,Population living in slums,9.1,Europe & Central Asia
Iceland,ISL,2010,99.75,Population living in slums,0.0,Europe & Central Asia
"Iran, Islamic Rep.",IRN,2010,97.33,Population living in slums,53.7,Middle East & North Africa
Italy,ITA,2010,99.94,Population living in slums,0.02,Europe & Central Asia
Kazakhstan,KAZ,2010,99.96,Population living in slums,10.54,Europe & Central Asia
"Korea, Rep.",KOR,2010,99.98,Population living in slums,9.3,East Asia & Pacific
Kyrgyz Republic,KGZ,2010,98.18,Population living in slums,24.8,Europe & Central Asia
Lao PDR,LAO,2010,82.81,Population living in slums,37.3,East Asia & Pacific
Latvia,LVA,2010,98.77,Population living in slums,1.6,Europe & Central Asia
Lebanon,LBN,2010,95.16,Population living in slums,42.19,Middle East & North Africa
Lesotho,LSO,2010,85.01,Population living in slums,46.21,Sub-Saharan Africa
Lithuania,LTU,2010,98.8,Population living in slums,2.0,Europe & Central Asia
Madagascar,MDG,2010,79.81,Population living in slums,79.43,Sub-Saharan Africa
Malawi,MWI,2010,89.05,Population living in slums,63.84,Sub-Saharan Africa
Mali,MLI,2010,92.89,Population living in slums,62.9,Sub-Saharan Africa
Malta,MLT,2010,97.5,Population living in slums,0.04,Middle East & North Africa
Mauritius,MUS,2010,85.84,Population living in slums,64.82,Sub-Saharan Africa
Mexico,MEX,2010,96.35,Population living in slums,23.59,Latin America & Caribbean
Moldova,MDA,2010,98.13,Population living in slums,12.3,Europe & Central Asia
Morocco,MAR,2010,88.43,Population living in slums,19.21,Middle East & North Africa
Mozambique,MOZ,2010,59.41,Population living in slums,72.53,Sub-Saharan Africa
Niger,NER,2010,72.25,Population living in slums,70.33,Sub-Saharan Africa
Norway,NOR,2010,99.8,Population living in slums,0.0,Europe & Central Asia
Pakistan,PAK,2010,74.85,Population living in slums,63.6,Middle East & North Africa
Panama,PAN,2010,98.89,Population living in slums,27.12,Latin America & Caribbean
Paraguay,PRY,2010,92.98,Population living in slums,27.04,Latin America & Caribbean
Peru,PER,2010,94.38,Population living in slums,38.17,Latin America & Caribbean
Poland,POL,2010,99.18,Population living in slums,0.55,Europe & Central Asia
Romania,ROU,2010,99.53,Population living in slums,2.95,Europe & Central Asia
Samoa,WSM,2010,94.45,Population living in slums,2.55,East Asia & Pacific
Sao Tome and Principe,STP,2010,97.22,Population living in slums,58.46,Sub-Saharan Africa
Senegal,SEN,2010,94.66,Population living in slums,49.38,Sub-Saharan Africa
Serbia,SRB,2010,99.95,Population living in slums,0.5,Europe & Central Asia
Seychelles,SYC,2010,96.62,Population living in slums,64.82,Sub-Saharan Africa
Slovak Republic,SVK,2010,99.29,Population living in slums,0.05,Europe & Central Asia
Solomon Islands,SLB,2010,89.98,Population living in slums,6.05,East Asia & Pacific
Sri Lanka,LKA,2010,98.74,Population living in slums,53.7,South Asia
St. Lucia,LCA,2010,97.76,Population living in slums,2.75,Latin America & Caribbean
Suriname,SUR,2010,69.96,Population living in slums,11.62,Latin America & Caribbean
Sweden,SWE,2010,99.85,Population living in slums,0.15,Europe & Central Asia
Switzerland,CHE,2010,99.89,Population living in slums,0.0,Europe & Central Asia
Syrian Arab Republic,SYR,2010,98.51,Population living in slums,27.0,Middle East & North Africa
Timor-Leste,TLS,2010,94.81,Population living in slums,50.0,East Asia & Pacific
Togo,TGO,2010,91.14,Population living in slums,53.06,Sub-Saharan Africa
Turkiye,TUR,2010,98.91,Population living in slums,17.61,Europe & Central Asia
Uganda,UGA,2010,62.34,Population living in slums,67.46,Sub-Saharan Africa
Ukraine,UKR,2010,99.87,Population living in slums,2.5,Europe & Central Asia
United Arab Emirates,ARE,2010,95.77,Population living in slums,0.65,Middle East & North Africa
Uzbekistan,UZB,2010,99.03,Population living in slums,15.63,Europe & Central Asia
Viet Nam,VNM,2010,100.0,Population living in slums,20.6,East Asia & Pacific
West Bank and Gaza,PSE,2010,97.25,Population living in slums,25.26,Middle East & North Africa
Zambia,ZMB,2010,60.58,Population living in slums,56.02,Sub-Saharan Africa
Albania,ALB,2012,99.75,Population living in slums,12.9,Europe & Central Asia
Algeria,DZA,2012,98.52,Population living in slums,28.89,Middle East & North Africa
Argentina,ARG,2012,96.84,Population living in slums,15.94,Latin America & Caribbean
Azerbaijan,AZE,2012,99.09,Population living in slums,26.93,Europe & Central Asia
Belize,BLZ,2012,95.26,Population living in slums,15.74,Latin America & Caribbean
Benin,BEN,2012,88.7,Population living in slums,69.51,Sub-Saharan Africa
Bhutan,BTN,2012,96.29,Population living in slums,52.94,South Asia
Bolivia,BOL,2012,96.51,Population living in slums,46.63,Latin America & Caribbean
Botswana,BWA,2012,97.47,Population living in slums,45.96,Sub-Saharan Africa
British Virgin Islands,VGB,2012,93.68,Population living in slums,1.64,Latin America & Caribbean
Brunei Darussalam,BRN,2012,99.74,Population living in slums,27.04,East Asia & Pacific
Bulgaria,BGR,2012,99.3,Population living in slums,0.15,Europe & Central Asia
Burkina Faso,BFA,2012,68.2,Population living in slums,48.81,Sub-Saharan Africa
Burundi,BDI,2012,75.67,Population living in slums,55.59,Sub-Saharan Africa
Cabo Verde,CPV,2012,96.05,Population living in slums,56.46,Sub-Saharan Africa
Cambodia,KHM,2012,80.2,Population living in slums,51.0,East Asia & Pacific
Cayman Islands,CYM,2012,96.55,Population living in slums,4.15,Latin America & Caribbean
Chad,TCD,2012,95.01,Population living in slums,84.82,Sub-Saharan Africa
Colombia,COL,2012,96.66,Population living in slums,13.11,Latin America & Caribbean
"Congo, Dem. Rep.",COD,2012,72.3,Population living in slums,75.14,Sub-Saharan Africa
Costa Rica,CRI,2012,84.38,Population living in slums,7.21,Latin America & Caribbean
Cuba,CUB,2012,98.83,Population living in slums,6.35,Latin America & Caribbean
Cyprus,CYP,2012,99.54,Population living in slums,0.25,Europe & Central Asia
Czechia,CZE,2012,99.68,Population living in slums,0.05,Europe & Central Asia
Denmark,DNK,2012,99.92,Population living in slums,0.0,Europe & Central Asia
Dominican Republic,DOM,2012,94.92,Population living in slums,15.98,Latin America & Caribbean
El Salvador,SLV,2012,93.73,Population living in slums,28.48,Latin America & Caribbean
Eritrea,ERI,2012,97.82,Population living in slums,62.17,Sub-Saharan Africa
Estonia,EST,2012,99.55,Population living in slums,0.1,Europe & Central Asia
Eswatini,SWZ,2012,99.01,Population living in slums,25.66,Sub-Saharan Africa
Finland,FIN,2012,99.93,Population living in slums,0.0,Europe & Central Asia
"Gambia, The",GMB,2012,93.34,Population living in slums,46.1,Sub-Saharan Africa
Georgia,GEO,2012,99.96,Population living in slums,10.15,Europe & Central Asia
Germany,DEU,2012,99.34,Population living in slums,0.0,Europe & Central Asia
Ghana,GHA,2012,88.37,Population living in slums,40.21,Sub-Saharan Africa
Greece,GRC,2012,99.04,Population living in slums,0.05,Europe & Central Asia
Guatemala,GTM,2012,92.46,Population living in slums,42.08,Latin America & Caribbean
Guinea,GIN,2012,54.69,Population living in slums,45.67,Sub-Saharan Africa
Honduras,HND,2012,58.85,Population living in slums,33.88,Latin America & Caribbean
Hungary,HUN,2012,99.33,Population living in slums,7.9,Europe & Central Asia
Indonesia,IDN,2012,91.65,Population living in slums,25.2,East Asia & Pacific
Italy,ITA,2012,99.9,Population living in slums,0.02,Europe & Central Asia
Kazakhstan,KAZ,2012,99.92,Population living in slums,7.75,Europe & Central Asia
Kuwait,KWT,2012,98.33,Population living in slums,0.0,Middle East & North Africa
Kyrgyz Republic,KGZ,2012,99.7,Population living in slums,20.33,Europe & Central Asia
Lao PDR,LAO,2012,86.72,Population living in slums,33.8,East Asia & Pacific
Latvia,LVA,2012,97.9,Population living in slums,1.3,Europe & Central Asia
Lebanon,LBN,2012,98.33,Population living in slums,17.09,Middle East & North Africa
Lesotho,LSO,2012,84.71,Population living in slums,42.08,Sub-Saharan Africa
Lithuania,LTU,2012,99.3,Population living in slums,1.55,Europe & Central Asia
Madagascar,MDG,2012,72.86,Population living in slums,77.03,Sub-Saharan Africa
Maldives,MDV,2012,96.5,Population living in slums,38.75,South Asia
Mali,MLI,2012,79.87,Population living in slums,58.71,Sub-Saharan Africa
Malta,MLT,2012,98.96,Population living in slums,0.04,Middle East & North Africa
Mauritius,MUS,2012,78.11,Population living in slums,62.17,Sub-Saharan Africa
Mexico,MEX,2012,96.55,Population living in slums,21.87,Latin America & Caribbean
Moldova,MDA,2012,97.84,Population living in slums,9.4,Europe & Central Asia
Morocco,MAR,2012,90.37,Population living in slums,16.43,Middle East & North Africa
Mozambique,MOZ,2012,60.52,Population living in slums,69.01,Sub-Saharan Africa
Namibia,NAM,2012,95.97,Population living in slums,41.66,Sub-Saharan Africa
Nepal,NPL,2012,86.22,Population living in slums,48.96,South Asia
Niger,NER,2012,69.68,Population living in slums,70.39,Sub-Saharan Africa
Norway,NOR,2012,99.25,Population living in slums,0.0,Europe & Central Asia
Oman,OMN,2012,99.68,Population living in slums,1.0,Middle East & North Africa
Pakistan,PAK,2012,77.05,Population living in slums,62.07,Middle East & North Africa
Peru,PER,2012,99.15,Population living in slums,46.08,Latin America & Caribbean
Poland,POL,2012,99.3,Population living in slums,0.25,Europe & Central Asia
Qatar,QAT,2012,99.7,Population living in slums,0.0,Middle East & North Africa
Russian Federation,RUS,2012,100.0,Population living in slums,3.15,Europe & Central Asia
Rwanda,RWA,2012,74.93,Population living in slums,50.53,Sub-Saharan Africa
Sao Tome and Principe,STP,2012,83.54,Population living in slums,56.52,Sub-Saharan Africa
Senegal,SEN,2012,91.96,Population living in slums,45.82,Sub-Saharan Africa
Serbia,SRB,2012,99.66,Population living in slums,0.5,Europe & Central Asia
Seychelles,SYC,2012,94.96,Population living in slums,62.17,Sub-Saharan Africa
Sierra Leone,SLE,2012,87.96,Population living in slums,61.6,Sub-Saharan Africa
Slovak Republic,SVK,2012,99.25,Population living in slums,0.05,Europe & Central Asia
Sri Lanka,LKA,2012,99.72,Population living in slums,52.94,South Asia
St. Lucia,LCA,2012,94.01,Population living in slums,2.2,Latin America & Caribbean
Sudan,SDN,2012,95.85,Population living in slums,83.83,Sub-Saharan Africa
Suriname,SUR,2012,73.24,Population living in slums,12.45,Latin America & Caribbean
Sweden,SWE,2012,99.93,Population living in slums,0.15,Europe & Central Asia
Switzerland,CHE,2012,99.84,Population living in slums,0.0,Europe & Central Asia
Syrian Arab Republic,SYR,2012,57.26,Population living in slums,25.43,Middle East & North Africa
Tanzania,TZA,2012,56.31,Population living in slums,55.78,Sub-Saharan Africa
Timor-Leste,TLS,2012,89.45,Population living in slums,46.0,East Asia & Pacific
Togo,TGO,2012,84.29,Population living in slums,49.81,Sub-Saharan Africa
Tunisia,TUN,2012,92.76,Population living in slums,9.64,Middle East & North Africa
Turkiye,TUR,2012,90.81,Population living in slums,16.22,Europe & Central Asia
Uganda,UGA,2012,64.42,Population living in slums,64.77,Sub-Saharan Africa
Ukraine,UKR,2012,99.82,Population living in slums,1.8,Europe & Central Asia
United Arab Emirates,ARE,2012,98.39,Population living in slums,0.5,Middle East & North Africa
Uzbekistan,UZB,2012,99.29,Population living in slums,12.84,Europe & Central Asia
Viet Nam,VNM,2012,93.35,Population living in slums,15.65,East Asia & Pacific
West Bank and Gaza,PSE,2012,97.92,Population living in slums,23.35,Middle East & North Africa
"Yemen, Rep.",YEM,2012,90.46,Population living in slums,48.08,Middle East & North Africa
Zambia,ZMB,2012,63.92,Population living in slums,54.47,Sub-Saharan Africa
Zimbabwe,ZWE,2012,77.9,Population living in slums,23.95,Sub-Saharan Africa
Albania,ALB,2014,99.08,Population living in slums,10.3,Europe & Central Asia
Algeria,DZA,2014,99.0,Population living in slums,24.98,Middle East & North Africa
Argentina,ARG,2014,97.41,Population living in slums,15.2,Latin America & Caribbean
Armenia,ARM,2014,99.9,Population living in slums,9.37,Europe & Central Asia
Belize,BLZ,2014,96.36,Population living in slums,15.74,Latin America & Caribbean
Benin,BEN,2014,87.57,Population living in slums,69.11,Sub-Saharan Africa
Bermuda,BMU,2014,50.78,Population living in slums,0.1,North America
Bolivia,BOL,2014,96.97,Population living in slums,46.63,Latin America & Caribbean
Bosnia and Herzegovina,BIH,2014,99.49,Population living in slums,4.0,Europe & Central Asia
British Virgin Islands,VGB,2014,99.13,Population living in slums,1.64,Latin America & Caribbean
Brunei Darussalam,BRN,2014,99.38,Population living in slums,25.3,East Asia & Pacific
Bulgaria,BGR,2014,99.25,Population living in slums,0.2,Europe & Central Asia
Burkina Faso,BFA,2014,76.55,Population living in slums,43.25,Sub-Saharan Africa
Burundi,BDI,2014,79.6,Population living in slums,50.23,Sub-Saharan Africa
Cabo Verde,CPV,2014,98.2,Population living in slums,53.94,Sub-Saharan Africa
Cambodia,KHM,2014,81.7,Population living in slums,45.4,East Asia & Pacific
Cameroon,CMR,2014,67.9,Population living in slums,42.48,Sub-Saharan Africa
Colombia,COL,2014,98.3,Population living in slums,11.77,Latin America & Caribbean
Costa Rica,CRI,2014,83.64,Population living in slums,6.29,Latin America & Caribbean
Cote d'Ivoire,CIV,2014,92.68,Population living in slums,56.29,Sub-Saharan Africa
Cuba,CUB,2014,98.37,Population living in slums,7.4,Latin America & Caribbean
Cyprus,CYP,2014,99.36,Population living in slums,0.25,Europe & Central Asia
Czechia,CZE,2014,99.98,Population living in slums,0.05,Europe & Central Asia
Denmark,DNK,2014,100.0,Population living in slums,0.0,Europe & Central Asia
Djibouti,DJI,2014,80.24,Population living in slums,59.53,Middle East & North Africa
Dominican Republic,DOM,2014,95.27,Population living in slums,13.61,Latin America & Caribbean
El Salvador,SLV,2014,93.43,Population living in slums,22.48,Latin America & Caribbean
Eritrea,ERI,2014,92.27,Population living in slums,59.53,Sub-Saharan Africa
Estonia,EST,2014,99.33,Population living in slums,0.1,Europe & Central Asia
Eswatini,SWZ,2014,99.35,Population living in slums,18.23,Sub-Saharan Africa
Ethiopia,ETH,2014,91.44,Population living in slums,70.5,Sub-Saharan Africa
Finland,FIN,2014,99.85,Population living in slums,0.0,Europe & Central Asia
Georgia,GEO,2014,99.58,Population living in slums,9.38,Europe & Central Asia
Germany,DEU,2014,99.63,Population living in slums,0.0,Europe & Central Asia
Ghana,GHA,2014,98.24,Population living in slums,36.85,Sub-Saharan Africa
Guatemala,GTM,2014,84.28,Population living in slums,39.84,Latin America & Caribbean
Hungary,HUN,2014,99.64,Population living in slums,7.2,Europe & Central Asia
Italy,ITA,2014,99.93,Population living in slums,0.02,Europe & Central Asia
Kazakhstan,KAZ,2014,99.69,Population living in slums,4.97,Europe & Central Asia
Kenya,KEN,2014,98.77,Population living in slums,52.36,Sub-Saharan Africa
"Korea, Rep.",KOR,2014,99.64,Population living in slums,4.7,East Asia & Pacific
Kyrgyz Republic,KGZ,2014,99.21,Population living in slums,15.86,Europe & Central Asia
Lao PDR,LAO,2014,89.1,Population living in slums,30.4,East Asia & Pacific
Latvia,LVA,2014,98.38,Population living in slums,1.05,Europe & Central Asia
Lebanon,LBN,2014,89.36,Population living in slums,4.5,Middle East & North Africa
Lesotho,LSO,2014,86.6,Population living in slums,37.94,Sub-Saharan Africa
Liberia,LBR,2014,79.38,Population living in slums,67.46,Sub-Saharan Africa
Lithuania,LTU,2014,99.52,Population living in slums,1.1,Europe & Central Asia
Madagascar,MDG,2014,76.04,Population living in slums,74.62,Sub-Saharan Africa
Mali,MLI,2014,77.94,Population living in slums,54.51,Sub-Saharan Africa
Malta,MLT,2014,96.79,Population living in slums,0.04,Middle East & North Africa
Mauritania,MRT,2014,59.21,Population living in slums,61.06,Sub-Saharan Africa
Mauritius,MUS,2014,85.85,Population living in slums,59.53,Sub-Saharan Africa
Mexico,MEX,2014,97.06,Population living in slums,20.16,Latin America & Caribbean
Moldova,MDA,2014,97.94,Population living in slums,6.5,Europe & Central Asia
Morocco,MAR,2014,87.4,Population living in slums,13.64,Middle East & North Africa
Mozambique,MOZ,2014,63.57,Population living in slums,65.5,Sub-Saharan Africa
Nepal,NPL,2014,87.3,Population living in slums,46.07,South Asia
North Macedonia,MKD,2014,99.86,Population living in slums,0.5,Europe & Central Asia
Norway,NOR,2014,99.93,Population living in slums,0.0,Europe & Central Asia
Oman,OMN,2014,99.36,Population living in slums,0.5,Middle East & North Africa
Peru,PER,2014,95.45,Population living in slums,47.05,Latin America & Caribbean
Philippines,PHL,2014,97.45,Population living in slums,40.13,East Asia & Pacific
Poland,POL,2014,99.47,Population living in slums,0.05,Europe & Central Asia
Qatar,QAT,2014,99.5,Population living in slums,0.0,Middle East & North Africa
Russian Federation,RUS,2014,99.92,Population living in slums,3.0,Europe & Central Asia
Rwanda,RWA,2014,68.46,Population living in slums,47.05,Sub-Saharan Africa
Samoa,WSM,2014,99.23,Population living in slums,1.15,East Asia & Pacific
Senegal,SEN,2014,90.0,Population living in slums,42.27,Sub-Saharan Africa
Serbia,SRB,2014,99.5,Population living in slums,0.45,Europe & Central Asia
Seychelles,SYC,2014,99.14,Population living in slums,59.53,Sub-Saharan Africa
Slovak Republic,SVK,2014,99.08,Population living in slums,0.05,Europe & Central Asia
South Africa,ZAF,2014,97.3,Population living in slums,24.94,Sub-Saharan Africa
Spain,ESP,2014,99.88,Population living in slums,0.05,Europe & Central Asia
Sri Lanka,LKA,2014,99.72,Population living in slums,52.19,South Asia
Sudan,SDN,2014,94.25,Population living in slums,78.75,Sub-Saharan Africa
Suriname,SUR,2014,69.73,Population living in slums,13.29,Latin America & Caribbean
Sweden,SWE,2014,99.93,Population living in slums,0.15,Europe & Central Asia
Switzerland,CHE,2014,99.88,Population living in slums,0.0,Europe & Central Asia
Timor-Leste,TLS,2014,94.32,Population living in slums,42.0,East Asia & Pacific
Togo,TGO,2014,85.32,Population living in slums,46.57,Sub-Saharan Africa
Tunisia,TUN,2014,88.89,Population living in slums,9.14,Middle East & North Africa
Turkiye,TUR,2014,99.53,Population living in slums,14.82,Europe & Central Asia
Tuvalu,TUV,2014,99.51,Population living in slums,1.21,East Asia & Pacific
Uganda,UGA,2014,53.88,Population living in slums,62.08,Sub-Saharan Africa
Ukraine,UKR,2014,88.52,Population living in slums,1.1,Europe & Central Asia
Uzbekistan,UZB,2014,99.45,Population living in slums,10.05,Europe & Central Asia
Viet Nam,VNM,2014,94.02,Population living in slums,10.71,East Asia & Pacific
West Bank and Gaza,PSE,2014,98.65,Population living in slums,21.44,Middle East & North Africa
Afghanistan,AFG,2016,92.32,Population living in slums,72.13,Middle East & North Africa
Albania,ALB,2016,98.17,Population living in slums,7.8,Europe & Central Asia
Argentina,ARG,2016,99.85,Population living in slums,14.5,Latin America & Caribbean
Armenia,ARM,2016,98.1,Population living in slums,8.88,Europe & Central Asia
Belize,BLZ,2016,95.23,Population living in slums,15.73,Latin America & Caribbean
Bhutan,BTN,2016,99.58,Population living in slums,51.44,South Asia
Bosnia and Herzegovina,BIH,2016,98.64,Population living in slums,4.0,Europe & Central Asia
Brunei Darussalam,BRN,2016,99.74,Population living in slums,23.54,East Asia & Pacific
Bulgaria,BGR,2016,99.33,Population living in slums,0.2,Europe & Central Asia
Burkina Faso,BFA,2016,76.06,Population living in slums,37.68,Sub-Saharan Africa
Burundi,BDI,2016,76.31,Population living in slums,44.87,Sub-Saharan Africa
Cabo Verde,CPV,2016,99.44,Population living in slums,51.4,Sub-Saharan Africa
Cambodia,KHM,2016,87.23,Population living in slums,39.7,East Asia & Pacific
Costa Rica,CRI,2016,85.28,Population living in slums,5.38,Latin America & Caribbean
Cote d'Ivoire,CIV,2016,91.94,Population living in slums,54.75,Sub-Saharan Africa
Croatia,HRV,2016,98.58,Population living in slums,0.25,Europe & Central Asia
Cuba,CUB,2016,98.61,Population living in slums,8.44,Latin America & Caribbean
Cyprus,CYP,2016,99.74,Population living in slums,0.3,Europe & Central Asia
Czechia,CZE,2016,99.95,Population living in slums,0.05,Europe & Central Asia
Denmark,DNK,2016,99.94,Population living in slums,0.0,Europe & Central Asia
Djibouti,DJI,2016,83.9,Population living in slums,56.84,Middle East & North Africa
Dominican Republic,DOM,2016,92.58,Population living in slums,11.25,Latin America & Caribbean
"Egypt, Arab Rep.",EGY,2016,94.39,Population living in slums,0.9,Middle East & North Africa
El Salvador,SLV,2016,92.09,Population living in slums,16.48,Latin America & Caribbean
Estonia,EST,2016,99.83,Population living in slums,0.1,Europe & Central Asia
Eswatini,SWZ,2016,98.05,Population living in slums,10.81,Sub-Saharan Africa
Finland,FIN,2016,99.9,Population living in slums,0.0,Europe & Central Asia
Georgia,GEO,2016,99.51,Population living in slums,8.61,Europe & Central Asia
Germany,DEU,2016,99.5,Population living in slums,0.0,Europe & Central Asia
Ghana,GHA,2016,93.14,Population living in slums,33.49,Sub-Saharan Africa
Guatemala,GTM,2016,89.67,Population living in slums,37.6,Latin America & Caribbean
Hungary,HUN,2016,99.5,Population living in slums,7.2,Europe & Central Asia
Indonesia,IDN,2016,91.5,Population living in slums,21.89,East Asia & Pacific
"Iran, Islamic Rep.",IRN,2016,95.74,Population living in slums,51.44,Middle East & North Africa
Italy,ITA,2016,99.95,Population living in slums,0.02,Europe & Central Asia
Jordan,JOR,2016,99.29,Population living in slums,23.4,Middle East & North Africa
Kazakhstan,KAZ,2016,99.15,Population living in slums,2.19,Europe & Central Asia
"Korea, Rep.",KOR,2016,99.64,Population living in slums,5.8,East Asia & Pacific
Kuwait,KWT,2016,97.11,Population living in slums,0.0,Middle East & North Africa
Kyrgyz Republic,KGZ,2016,99.41,Population living in slums,11.38,Europe & Central Asia
Lao PDR,LAO,2016,87.69,Population living in slums,27.0,East Asia & Pacific
Latvia,LVA,2016,98.98,Population living in slums,0.8,Europe & Central Asia
Lebanon,LBN,2016,97.59,Population living in slums,4.5,Middle East & North Africa
Liberia,LBR,2016,79.63,Population living in slums,65.67,Sub-Saharan Africa
Lithuania,LTU,2016,99.21,Population living in slums,0.65,Europe & Central Asia
Maldives,MDV,2016,98.86,Population living in slums,36.52,South Asia
Mali,MLI,2016,78.31,Population living in slums,50.32,Sub-Saharan Africa
Malta,MLT,2016,98.89,Population living in slums,0.04,Middle East & North Africa
Mauritania,MRT,2016,58.32,Population living in slums,57.68,Sub-Saharan Africa
Mauritius,MUS,2016,87.54,Population living in slums,56.84,Sub-Saharan Africa
Mexico,MEX,2016,96.57,Population living in slums,18.44,Latin America & Caribbean
Moldova,MDA,2016,98.43,Population living in slums,6.5,Europe & Central Asia
Mongolia,MNG,2016,99.08,Population living in slums,25.82,East Asia & Pacific
Montenegro,MNE,2016,99.84,Population living in slums,11.2,Europe & Central Asia
Morocco,MAR,2016,90.23,Population living in slums,10.85,Middle East & North Africa
Nepal,NPL,2016,82.38,Population living in slums,43.17,South Asia
Norway,NOR,2016,99.67,Population living in slums,0.0,Europe & Central Asia
Oman,OMN,2016,98.28,Population living in slums,0.3,Middle East & North Africa
Panama,PAN,2016,99.19,Population living in slums,16.3,Latin America & Caribbean
Peru,PER,2016,93.79,Population living in slums,45.86,Latin America & Caribbean
Philippines,PHL,2016,96.59,Population living in slums,38.72,East Asia & Pacific
Poland,POL,2016,99.77,Population living in slums,4.5,Europe & Central Asia
Qatar,QAT,2016,98.91,Population living in slums,0.0,Middle East & North Africa
Romania,ROU,2016,99.55,Population living in slums,2.1,Europe & Central Asia
Rwanda,RWA,2016,82.41,Population living in slums,43.57,Sub-Saharan Africa
Samoa,WSM,2016,96.8,Population living in slums,0.5,East Asia & Pacific
Sao Tome and Principe,STP,2016,96.98,Population living in slums,52.64,Sub-Saharan Africa
Senegal,SEN,2016,72.98,Population living in slums,38.71,Sub-Saharan Africa
Serbia,SRB,2016,99.55,Population living in slums,0.45,Europe & Central Asia
Seychelles,SYC,2016,98.51,Population living in slums,56.84,Sub-Saharan Africa
Sierra Leone,SLE,2016,87.53,Population living in slums,56.12,Sub-Saharan Africa
Singapore,SGP,2016,99.13,Population living in slums,0.0,East Asia & Pacific
Slovak Republic,SVK,2016,99.11,Population living in slums,0.05,Europe & Central Asia
Solomon Islands,SLB,2016,91.23,Population living in slums,2.0,East Asia & Pacific
Spain,ESP,2016,99.97,Population living in slums,0.05,Europe & Central Asia
St. Lucia,LCA,2016,96.81,Population living in slums,1.05,Latin America & Caribbean
Sudan,SDN,2016,91.99,Population living in slums,73.66,Sub-Saharan Africa
Suriname,SUR,2016,62.49,Population living in slums,14.13,Latin America & Caribbean
Sweden,SWE,2016,99.57,Population living in slums,0.1,Europe & Central Asia
Switzerland,CHE,2016,99.92,Population living in slums,0.0,Europe & Central Asia
Tajikistan,TJK,2016,99.49,Population living in slums,0.05,Europe & Central Asia
Timor-Leste,TLS,2016,91.58,Population living in slums,37.9,East Asia & Pacific
Togo,TGO,2016,83.25,Population living in slums,43.33,Sub-Saharan Africa
Tunisia,TUN,2016,97.71,Population living in slums,8.64,Middle East & North Africa
Uganda,UGA,2016,58.95,Population living in slums,59.39,Sub-Saharan Africa
Ukraine,UKR,2016,99.6,Population living in slums,1.1,Europe & Central Asia
United Kingdom,GBR,2016,99.98,Population living in slums,0.1,Europe & Central Asia
United States,USA,2016,99.23,Population living in slums,0.2,North America
Uzbekistan,UZB,2016,99.42,Population living in slums,7.29,Europe & Central Asia
West Bank and Gaza,PSE,2016,98.81,Population living in slums,19.54,Middle East & North Africa
Kazakhstan,KAZ,2018,99.53,Population living in slums,0.79,Europe & Central Asia
Algeria,DZA,1991,90.91,Unemployment,20.6,Middle East & North Africa
Bahrain,BHR,1991,99.08,Unemployment,1.05,Middle East & North Africa
Belarus,BLR,1991,100.0,Unemployment,0.6,Europe & Central Asia
Belize,BLZ,1991,92.71,Unemployment,9.65,Latin America & Caribbean
Botswana,BWA,1991,82.4,Unemployment,13.82,Sub-Saharan Africa
Brazil,BRA,1991,100.0,Unemployment,6.89,Latin America & Caribbean
Brunei Darussalam,BRN,1991,90.59,Unemployment,4.7,East Asia & Pacific
Bulgaria,BGR,1991,98.27,Unemployment,11.1,Europe & Central Asia
Burkina Faso,BFA,1991,53.33,Unemployment,2.47,Sub-Saharan Africa
Burundi,BDI,1991,15.63,Unemployment,3.15,Sub-Saharan Africa
China,CHN,1991,71.81,Unemployment,2.37,East Asia & Pacific
"Congo, Dem. Rep.",COD,1991,31.2,Unemployment,3.27,Sub-Saharan Africa
Costa Rica,CRI,1991,66.77,Unemployment,5.37,Latin America & Caribbean
Cote d'Ivoire,CIV,1991,62.54,Unemployment,6.6,Sub-Saharan Africa
Cuba,CUB,1991,96.47,Unemployment,8.31,Latin America & Caribbean
Djibouti,DJI,1991,54.24,Unemployment,26.12,Middle East & North Africa
El Salvador,SLV,1991,87.14,Unemployment,7.53,Latin America & Caribbean
Eswatini,SWZ,1991,97.61,Unemployment,20.52,Sub-Saharan Africa
Finland,FIN,1991,98.5,Unemployment,6.5,Europe & Central Asia
France,FRA,1991,97.73,Unemployment,9.13,Europe & Central Asia
Greece,GRC,1991,98.63,Unemployment,7.57,Europe & Central Asia
Guinea,GIN,1991,80.32,Unemployment,4.56,Sub-Saharan Africa
Guyana,GUY,1991,95.55,Unemployment,12.09,Latin America & Caribbean
"Hong Kong SAR, China",HKG,1991,98.73,Unemployment,1.8,East Asia & Pacific
Hungary,HUN,1991,99.96,Unemployment,8.5,Europe & Central Asia
Italy,ITA,1991,99.69,Unemployment,10.1,Europe & Central Asia
Jordan,JOR,1991,97.9,Unemployment,21.44,Middle East & North Africa
Malawi,MWI,1991,88.77,Unemployment,4.9,Sub-Saharan Africa
Malta,MLT,1991,99.94,Unemployment,6.34,Middle East & North Africa
Mauritania,MRT,1991,49.62,Unemployment,9.97,Sub-Saharan Africa
Mauritius,MUS,1991,67.32,Unemployment,9.49,Sub-Saharan Africa
Mexico,MEX,1991,80.99,Unemployment,3.14,Latin America & Caribbean
Morocco,MAR,1991,97.83,Unemployment,13.5,Middle East & North Africa
Mozambique,MOZ,1991,48.99,Unemployment,2.84,Sub-Saharan Africa
Namibia,NAM,1991,89.85,Unemployment,19.14,Sub-Saharan Africa
Nepal,NPL,1991,88.88,Unemployment,10.46,South Asia
Niger,NER,1991,44.65,Unemployment,1.59,Sub-Saharan Africa
Oman,OMN,1991,97.7,Unemployment,4.06,Middle East & North Africa
Poland,POL,1991,98.33,Unemployment,13.62,Europe & Central Asia
Qatar,QAT,1991,93.51,Unemployment,0.87,Middle East & North Africa
Rwanda,RWA,1991,85.24,Unemployment,12.34,Sub-Saharan Africa
Senegal,SEN,1991,39.32,Unemployment,2.86,Sub-Saharan Africa
Sri Lanka,LKA,1991,96.52,Unemployment,14.66,South Asia
Syrian Arab Republic,SYR,1991,72.0,Unemployment,6.75,Middle East & North Africa
Togo,TGO,1991,66.51,Unemployment,4.06,Sub-Saharan Africa
Tunisia,TUN,1991,72.29,Unemployment,15.94,Middle East & North Africa
Turkiye,TUR,1991,55.19,Unemployment,8.21,Europe & Central Asia
Ukraine,UKR,1991,89.98,Unemployment,1.9,Europe & Central Asia
United Arab Emirates,ARE,1991,94.02,Unemployment,1.63,Middle East & North Africa
"Venezuela, RB",VEN,1991,94.11,Unemployment,9.45,Latin America & Caribbean
Algeria,DZA,1992,91.14,Unemployment,24.38,Middle East & North Africa
Azerbaijan,AZE,1992,95.86,Unemployment,1.8,Europe & Central Asia
Bahrain,BHR,1992,99.34,Unemployment,0.97,Middle East & North Africa
Belarus,BLR,1992,100.0,Unemployment,3.1,Europe & Central Asia
Botswana,BWA,1992,88.37,Unemployment,16.33,Sub-Saharan Africa
Brazil,BRA,1992,99.08,Unemployment,7.09,Latin America & Caribbean
Brunei Darussalam,BRN,1992,95.65,Unemployment,4.79,East Asia & Pacific
Bulgaria,BGR,1992,96.68,Unemployment,15.3,Europe & Central Asia
Burkina Faso,BFA,1992,41.74,Unemployment,2.5,Sub-Saharan Africa
Burundi,BDI,1992,17.18,Unemployment,3.13,Sub-Saharan Africa
China,CHN,1992,76.84,Unemployment,2.37,East Asia & Pacific
Comoros,COM,1992,42.16,Unemployment,4.53,Sub-Saharan Africa
"Congo, Dem. Rep.",COD,1992,36.13,Unemployment,3.37,Sub-Saharan Africa
"Congo, Rep.",COG,1992,71.75,Unemployment,19.92,Sub-Saharan Africa
Costa Rica,CRI,1992,67.09,Unemployment,3.93,Latin America & Caribbean
Cote d'Ivoire,CIV,1992,56.61,Unemployment,6.7,Sub-Saharan Africa
Cuba,CUB,1992,96.68,Unemployment,8.78,Latin America & Caribbean
Cyprus,CYP,1992,99.9,Unemployment,2.09,Europe & Central Asia
Djibouti,DJI,1992,45.69,Unemployment,26.46,Middle East & North Africa
El Salvador,SLV,1992,88.79,Unemployment,7.88,Latin America & Caribbean
Eswatini,SWZ,1992,91.43,Unemployment,20.95,Sub-Saharan Africa
Finland,FIN,1992,99.41,Unemployment,11.6,Europe & Central Asia
Guinea,GIN,1992,78.68,Unemployment,4.58,Sub-Saharan Africa
Guyana,GUY,1992,93.24,Unemployment,11.9,Latin America & Caribbean
"Hong Kong SAR, China",HKG,1992,98.86,Unemployment,1.96,East Asia & Pacific
Hungary,HUN,1992,100.0,Unemployment,9.94,Europe & Central Asia
"Iran, Islamic Rep.",IRN,1992,90.68,Unemployment,10.65,Middle East & North Africa
Jordan,JOR,1992,98.67,Unemployment,19.95,Middle East & North Africa
Lao PDR,LAO,1992,78.25,Unemployment,2.71,East Asia & Pacific
"Macao SAR, China",MAC,1992,90.68,Unemployment,2.2,East Asia & Pacific
Malawi,MWI,1992,83.86,Unemployment,5.06,Sub-Saharan Africa
Malta,MLT,1992,99.04,Unemployment,6.33,Middle East & North Africa
Mauritania,MRT,1992,50.96,Unemployment,10.05,Sub-Saharan Africa
Mauritius,MUS,1992,71.97,Unemployment,9.43,Sub-Saharan Africa
Mexico,MEX,1992,82.12,Unemployment,3.24,Latin America & Caribbean
Morocco,MAR,1992,91.97,Unemployment,13.78,Middle East & North Africa
Mozambique,MOZ,1992,48.76,Unemployment,3.03,Sub-Saharan Africa
Poland,POL,1992,100.0,Unemployment,13.64,Europe & Central Asia
Qatar,QAT,1992,98.58,Unemployment,0.87,Middle East & North Africa
Romania,ROU,1992,98.23,Unemployment,8.26,Europe & Central Asia
Slovak Republic,SVK,1992,96.89,Unemployment,12.18,Europe & Central Asia
Spain,ESP,1992,99.78,Unemployment,17.7,Europe & Central Asia
Syrian Arab Republic,SYR,1992,67.96,Unemployment,6.95,Middle East & North Africa
Trinidad and Tobago,TTO,1992,74.05,Unemployment,19.66,Latin America & Caribbean
Tunisia,TUN,1992,80.79,Unemployment,15.6,Middle East & North Africa
Ukraine,UKR,1992,99.58,Unemployment,1.9,Europe & Central Asia
United Arab Emirates,ARE,1992,96.95,Unemployment,1.72,Middle East & North Africa
"Venezuela, RB",VEN,1992,92.28,Unemployment,7.69,Latin America & Caribbean
Algeria,DZA,1993,90.13,Unemployment,26.23,Middle East & North Africa
Azerbaijan,AZE,1993,96.79,Unemployment,4.5,Europe & Central Asia
Belarus,BLR,1993,99.52,Unemployment,8.5,Europe & Central Asia
Bhutan,BTN,1993,89.52,Unemployment,1.42,South Asia
Botswana,BWA,1993,86.45,Unemployment,18.76,Sub-Saharan Africa
Brazil,BRA,1993,95.71,Unemployment,6.03,Latin America & Caribbean
Brunei Darussalam,BRN,1993,96.58,Unemployment,4.9,East Asia & Pacific
Bulgaria,BGR,1993,95.31,Unemployment,16.4,Europe & Central Asia
Burkina Faso,BFA,1993,42.23,Unemployment,2.43,Sub-Saharan Africa
China,CHN,1993,75.36,Unemployment,2.69,East Asia & Pacific
"Congo, Dem. Rep.",COD,1993,31.19,Unemployment,3.45,Sub-Saharan Africa
"Congo, Rep.",COG,1993,69.91,Unemployment,19.99,Sub-Saharan Africa
Costa Rica,CRI,1993,67.9,Unemployment,3.95,Latin America & Caribbean
Cote d'Ivoire,CIV,1993,66.68,Unemployment,5.87,Sub-Saharan Africa
Croatia,HRV,1993,100.0,Unemployment,10.78,Europe & Central Asia
Cuba,CUB,1993,95.38,Unemployment,9.27,Latin America & Caribbean
Cyprus,CYP,1993,99.22,Unemployment,2.7,Europe & Central Asia
Czechia,CZE,1993,100.0,Unemployment,4.35,Europe & Central Asia
Dominican Republic,DOM,1993,84.77,Unemployment,6.32,Latin America & Caribbean
Ecuador,ECU,1993,60.7,Unemployment,4.4,Latin America & Caribbean
Eritrea,ERI,1993,96.63,Unemployment,5.39,Sub-Saharan Africa
Eswatini,SWZ,1993,89.7,Unemployment,21.76,Sub-Saharan Africa
Ethiopia,ETH,1993,89.46,Unemployment,3.25,Sub-Saharan Africa
Finland,FIN,1993,99.27,Unemployment,16.2,Europe & Central Asia
Germany,DEU,1993,99.97,Unemployment,7.68,Europe & Central Asia
Guinea,GIN,1993,76.38,Unemployment,4.56,Sub-Saharan Africa
"Hong Kong SAR, China",HKG,1993,99.18,Unemployment,1.96,East Asia & Pacific
"Iran, Islamic Rep.",IRN,1993,91.72,Unemployment,10.57,Middle East & North Africa
Jordan,JOR,1993,98.92,Unemployment,19.7,Middle East & North Africa
Lao PDR,LAO,1993,80.61,Unemployment,2.73,East Asia & Pacific
Madagascar,MDG,1993,55.45,Unemployment,6.32,Sub-Saharan Africa
Malawi,MWI,1993,81.61,Unemployment,4.99,Sub-Saharan Africa
Malta,MLT,1993,94.73,Unemployment,6.33,Middle East & North Africa
Mauritania,MRT,1993,50.6,Unemployment,9.85,Sub-Saharan Africa
Mauritius,MUS,1993,69.95,Unemployment,9.5,Sub-Saharan Africa
Mexico,MEX,1993,84.03,Unemployment,3.36,Latin America & Caribbean
Morocco,MAR,1993,92.29,Unemployment,14.03,Middle East & North Africa
Mozambique,MOZ,1993,50.63,Unemployment,2.9,Sub-Saharan Africa
Namibia,NAM,1993,91.76,Unemployment,19.08,Sub-Saharan Africa
North Macedonia,MKD,1993,97.38,Unemployment,27.7,Europe & Central Asia
Oman,OMN,1993,97.66,Unemployment,4.01,Middle East & North Africa
Poland,POL,1993,99.2,Unemployment,14.39,Europe & Central Asia
Qatar,QAT,1993,99.06,Unemployment,0.87,Middle East & North Africa
Slovak Republic,SVK,1993,99.84,Unemployment,12.2,Europe & Central Asia
Slovenia,SVN,1993,99.9,Unemployment,8.51,Europe & Central Asia
Spain,ESP,1993,99.04,Unemployment,22.16,Europe & Central Asia
Syrian Arab Republic,SYR,1993,68.91,Unemployment,7.4,Middle East & North Africa
Tunisia,TUN,1993,80.43,Unemployment,15.95,Middle East & North Africa
Ukraine,UKR,1993,98.81,Unemployment,2.0,Europe & Central Asia
United Arab Emirates,ARE,1993,99.49,Unemployment,1.9,Middle East & North Africa
Vanuatu,VUT,1993,38.08,Unemployment,8.26,East Asia & Pacific
Algeria,DZA,1994,90.01,Unemployment,27.74,Middle East & North Africa
Belarus,BLR,1994,98.11,Unemployment,12.8,Europe & Central Asia
Belize,BLZ,1994,94.23,Unemployment,11.1,Latin America & Caribbean
Botswana,BWA,1994,92.87,Unemployment,21.2,Sub-Saharan Africa
Bulgaria,BGR,1994,98.6,Unemployment,12.8,Europe & Central Asia
Chad,TCD,1994,67.7,Unemployment,0.71,Sub-Saharan Africa
China,CHN,1994,79.79,Unemployment,2.9,East Asia & Pacific
Costa Rica,CRI,1994,68.73,Unemployment,4.05,Latin America & Caribbean
Cote d'Ivoire,CIV,1994,65.04,Unemployment,5.05,Sub-Saharan Africa
Croatia,HRV,1994,99.59,Unemployment,10.36,Europe & Central Asia
Cuba,CUB,1994,95.49,Unemployment,8.81,Latin America & Caribbean
Cyprus,CYP,1994,99.66,Unemployment,2.7,Europe & Central Asia
Czechia,CZE,1994,100.0,Unemployment,4.28,Europe & Central Asia
Eritrea,ERI,1994,92.74,Unemployment,5.45,Sub-Saharan Africa
Eswatini,SWZ,1994,87.61,Unemployment,21.73,Sub-Saharan Africa
Ethiopia,ETH,1994,88.98,Unemployment,3.1,Sub-Saharan Africa
Germany,DEU,1994,99.99,Unemployment,8.73,Europe & Central Asia
"Hong Kong SAR, China",HKG,1994,99.28,Unemployment,1.9,East Asia & Pacific
Indonesia,IDN,1994,68.36,Unemployment,4.37,East Asia & Pacific
Italy,ITA,1994,97.61,Unemployment,11.09,Europe & Central Asia
"Korea, Rep.",KOR,1994,99.4,Unemployment,2.48,East Asia & Pacific
Kuwait,KWT,1994,99.72,Unemployment,0.7,Middle East & North Africa
Malta,MLT,1994,99.96,Unemployment,6.33,Middle East & North Africa
Mauritania,MRT,1994,53.73,Unemployment,9.98,Sub-Saharan Africa
Mauritius,MUS,1994,74.01,Unemployment,9.51,Sub-Saharan Africa
Mexico,MEX,1994,85.95,Unemployment,4.44,Latin America & Caribbean
Moldova,MDA,1994,98.05,Unemployment,5.8,Europe & Central Asia
Morocco,MAR,1994,91.27,Unemployment,13.86,Middle East & North Africa
Mozambique,MOZ,1994,54.03,Unemployment,2.88,Sub-Saharan Africa
Namibia,NAM,1994,89.18,Unemployment,19.4,Sub-Saharan Africa
Nicaragua,NIC,1994,97.8,Unemployment,7.67,Latin America & Caribbean
North Macedonia,MKD,1994,98.25,Unemployment,30.0,Europe & Central Asia
Oman,OMN,1994,99.23,Unemployment,4.07,Middle East & North Africa
Poland,POL,1994,96.28,Unemployment,14.82,Europe & Central Asia
Qatar,QAT,1994,99.87,Unemployment,0.87,Middle East & North Africa
Samoa,WSM,1994,98.39,Unemployment,3.0,East Asia & Pacific
Slovenia,SVN,1994,100.0,Unemployment,8.24,Europe & Central Asia
Togo,TGO,1994,81.85,Unemployment,4.2,Sub-Saharan Africa
Tunisia,TUN,1994,81.63,Unemployment,16.01,Middle East & North Africa
United Arab Emirates,ARE,1994,98.73,Unemployment,1.83,Middle East & North Africa
Albania,ALB,1995,99.52,Unemployment,14.61,Europe & Central Asia
Algeria,DZA,1995,89.64,Unemployment,31.84,Middle East & North Africa
Azerbaijan,AZE,1995,49.33,Unemployment,7.2,Europe & Central Asia
Belarus,BLR,1995,98.54,Unemployment,17.7,Europe & Central Asia
Belize,BLZ,1995,94.27,Unemployment,12.48,Latin America & Caribbean
Bulgaria,BGR,1995,99.41,Unemployment,11.1,Europe & Central Asia
Chad,TCD,1995,74.05,Unemployment,0.76,Sub-Saharan Africa
China,CHN,1995,88.36,Unemployment,3.0,East Asia & Pacific
"Congo, Rep.",COG,1995,66.33,Unemployment,20.23,Sub-Saharan Africa
Costa Rica,CRI,1995,68.68,Unemployment,5.18,Latin America & Caribbean
Cote d'Ivoire,CIV,1995,66.76,Unemployment,4.1,Sub-Saharan Africa
Croatia,HRV,1995,99.79,Unemployment,10.01,Europe & Central Asia
Cuba,CUB,1995,97.15,Unemployment,8.27,Latin America & Caribbean
Cyprus,CYP,1995,99.95,Unemployment,2.6,Europe & Central Asia
Czechia,CZE,1995,97.79,Unemployment,4.08,Europe & Central Asia
Djibouti,DJI,1995,58.05,Unemployment,27.3,Middle East & North Africa
El Salvador,SLV,1995,91.37,Unemployment,7.65,Latin America & Caribbean
Eritrea,ERI,1995,93.7,Unemployment,5.35,Sub-Saharan Africa
Estonia,EST,1995,99.2,Unemployment,9.66,Europe & Central Asia
Eswatini,SWZ,1995,85.96,Unemployment,21.65,Sub-Saharan Africa
Ethiopia,ETH,1995,94.02,Unemployment,3.0,Sub-Saharan Africa
Georgia,GEO,1995,98.2,Unemployment,7.6,Europe & Central Asia
Germany,DEU,1995,99.92,Unemployment,8.16,Europe & Central Asia
Guyana,GUY,1995,98.22,Unemployment,11.57,Latin America & Caribbean
"Hong Kong SAR, China",HKG,1995,99.24,Unemployment,3.22,East Asia & Pacific
Italy,ITA,1995,99.82,Unemployment,11.66,Europe & Central Asia
Latvia,LVA,1995,100.0,Unemployment,19.0,Europe & Central Asia
Lithuania,LTU,1995,100.0,Unemployment,17.54,Europe & Central Asia
Madagascar,MDG,1995,62.75,Unemployment,6.09,Sub-Saharan Africa
Malawi,MWI,1995,86.66,Unemployment,4.89,Sub-Saharan Africa
Malta,MLT,1995,99.01,Unemployment,6.33,Middle East & North Africa
Mauritius,MUS,1995,77.61,Unemployment,9.59,Sub-Saharan Africa
Mongolia,MNG,1995,95.74,Unemployment,5.5,East Asia & Pacific
Namibia,NAM,1995,89.98,Unemployment,21.34,Sub-Saharan Africa
North Macedonia,MKD,1995,98.8,Unemployment,35.6,Europe & Central Asia
Oman,OMN,1995,99.27,Unemployment,4.17,Middle East & North Africa
Poland,POL,1995,99.18,Unemployment,13.7,Europe & Central Asia
Qatar,QAT,1995,99.59,Unemployment,0.87,Middle East & North Africa
Romania,ROU,1995,100.0,Unemployment,8.01,Europe & Central Asia
Samoa,WSM,1995,95.92,Unemployment,3.24,East Asia & Pacific
Senegal,SEN,1995,44.36,Unemployment,2.85,Sub-Saharan Africa
Slovenia,SVN,1995,99.31,Unemployment,7.15,Europe & Central Asia
Togo,TGO,1995,69.92,Unemployment,3.99,Sub-Saharan Africa
Trinidad and Tobago,TTO,1995,75.28,Unemployment,17.22,Latin America & Caribbean
Tunisia,TUN,1995,81.7,Unemployment,16.35,Middle East & North Africa
West Bank and Gaza,PSE,1995,99.88,Unemployment,10.71,Middle East & North Africa
Algeria,DZA,1996,91.35,Unemployment,28.27,Middle East & North Africa
Azerbaijan,AZE,1996,96.24,Unemployment,8.1,Europe & Central Asia
Belarus,BLR,1996,99.71,Unemployment,24.4,Europe & Central Asia
Bulgaria,BGR,1996,97.67,Unemployment,12.5,Europe & Central Asia
Chile,CHL,1996,98.57,Unemployment,7.41,Latin America & Caribbean
China,CHN,1996,88.44,Unemployment,3.12,East Asia & Pacific
Cote d'Ivoire,CIV,1996,65.65,Unemployment,4.04,Sub-Saharan Africa
Croatia,HRV,1996,99.91,Unemployment,9.68,Europe & Central Asia
Cyprus,CYP,1996,99.25,Unemployment,3.1,Europe & Central Asia
Djibouti,DJI,1996,69.98,Unemployment,27.17,Middle East & North Africa
Eritrea,ERI,1996,89.08,Unemployment,5.31,Sub-Saharan Africa
Georgia,GEO,1996,98.42,Unemployment,11.5,Europe & Central Asia
Germany,DEU,1996,99.99,Unemployment,8.82,Europe & Central Asia
Guyana,GUY,1996,97.59,Unemployment,11.54,Latin America & Caribbean
Hungary,HUN,1996,99.43,Unemployment,10.02,Europe & Central Asia
Italy,ITA,1996,99.63,Unemployment,11.86,Europe & Central Asia
Kazakhstan,KAZ,1996,99.96,Unemployment,12.96,Europe & Central Asia
Kuwait,KWT,1996,97.18,Unemployment,0.7,Middle East & North Africa
Lao PDR,LAO,1996,74.74,Unemployment,2.45,East Asia & Pacific
Latvia,LVA,1996,99.57,Unemployment,20.7,Europe & Central Asia
Lithuania,LTU,1996,99.59,Unemployment,16.4,Europe & Central Asia
Malta,MLT,1996,99.98,Unemployment,6.33,Middle East & North Africa
Mauritius,MUS,1996,77.56,Unemployment,9.5,Sub-Saharan Africa
Mexico,MEX,1996,85.51,Unemployment,5.46,Latin America & Caribbean
Mongolia,MNG,1996,82.64,Unemployment,5.53,East Asia & Pacific
Morocco,MAR,1996,87.55,Unemployment,13.36,Middle East & North Africa
Niger,NER,1996,47.37,Unemployment,1.5,Sub-Saharan Africa
North Macedonia,MKD,1996,98.21,Unemployment,38.8,Europe & Central Asia
Oman,OMN,1996,99.07,Unemployment,4.25,Middle East & North Africa
Poland,POL,1996,100.0,Unemployment,12.68,Europe & Central Asia
Romania,ROU,1996,99.96,Unemployment,6.74,Europe & Central Asia
Samoa,WSM,1996,98.03,Unemployment,3.52,East Asia & Pacific
Senegal,SEN,1996,42.5,Unemployment,2.83,Sub-Saharan Africa
Slovak Republic,SVK,1996,99.47,Unemployment,11.34,Europe & Central Asia
Trinidad and Tobago,TTO,1996,74.73,Unemployment,16.25,Latin America & Caribbean
Tunisia,TUN,1996,84.48,Unemployment,16.06,Middle East & North Africa
United Arab Emirates,ARE,1996,98.04,Unemployment,1.84,Middle East & North Africa
"Venezuela, RB",VEN,1996,91.21,Unemployment,11.77,Latin America & Caribbean
West Bank and Gaza,PSE,1996,99.79,Unemployment,10.73,Middle East & North Africa
Bhutan,BTN,1997,94.94,Unemployment,1.39,South Asia
Cote d'Ivoire,CIV,1997,61.17,Unemployment,3.96,Sub-Saharan Africa
Eswatini,SWZ,1997,86.64,Unemployment,22.5,Sub-Saharan Africa
Finland,FIN,1997,99.97,Unemployment,14.97,Europe & Central Asia
Hungary,HUN,1997,99.4,Unemployment,8.99,Europe & Central Asia
Iceland,ISL,1997,99.04,Unemployment,3.72,Europe & Central Asia
"Korea, Rep.",KOR,1997,99.77,Unemployment,2.61,East Asia & Pacific
Lesotho,LSO,1997,66.8,Unemployment,15.82,Sub-Saharan Africa
Malta,MLT,1997,98.05,Unemployment,6.33,Middle East & North Africa
Mauritius,MUS,1997,78.97,Unemployment,9.38,Sub-Saharan Africa
Namibia,NAM,1997,91.79,Unemployment,24.45,Sub-Saharan Africa
Papua New Guinea,PNG,1997,67.6,Unemployment,2.85,East Asia & Pacific
Philippines,PHL,1997,97.24,Unemployment,3.59,East Asia & Pacific
Poland,POL,1997,97.37,Unemployment,10.96,Europe & Central Asia
Samoa,WSM,1997,94.88,Unemployment,3.78,East Asia & Pacific
Slovak Republic,SVK,1997,99.47,Unemployment,11.89,Europe & Central Asia
Uruguay,URY,1997,75.57,Unemployment,11.44,Latin America & Caribbean
Vanuatu,VUT,1997,47.65,Unemployment,8.22,East Asia & Pacific
Algeria,DZA,1998,90.84,Unemployment,26.85,Middle East & North Africa
Argentina,ARG,1998,97.21,Unemployment,12.65,Latin America & Caribbean
Austria,AUT,1998,94.5,Unemployment,5.48,Europe & Central Asia
Azerbaijan,AZE,1998,97.92,Unemployment,10.0,Europe & Central Asia
Belarus,BLR,1998,98.71,Unemployment,14.0,Europe & Central Asia
Bhutan,BTN,1998,93.53,Unemployment,1.4,South Asia
Botswana,BWA,1998,96.26,Unemployment,20.86,Sub-Saharan Africa
Bulgaria,BGR,1998,98.56,Unemployment,12.2,Europe & Central Asia
Burkina Faso,BFA,1998,64.84,Unemployment,2.44,Sub-Saharan Africa
Cambodia,KHM,1998,79.75,Unemployment,0.71,East Asia & Pacific
Chad,TCD,1998,71.38,Unemployment,0.72,Sub-Saharan Africa
Colombia,COL,1998,96.31,Unemployment,15.0,Latin America & Caribbean
Cote d'Ivoire,CIV,1998,62.36,Unemployment,4.1,Sub-Saharan Africa
Croatia,HRV,1998,99.74,Unemployment,11.39,Europe & Central Asia
Denmark,DNK,1998,95.97,Unemployment,5.04,Europe & Central Asia
Dominican Republic,DOM,1998,89.59,Unemployment,6.3,Latin America & Caribbean
Ecuador,ECU,1998,67.81,Unemployment,4.39,Latin America & Caribbean
Estonia,EST,1998,99.41,Unemployment,9.51,Europe & Central Asia
Eswatini,SWZ,1998,90.73,Unemployment,23.21,Sub-Saharan Africa
Ethiopia,ETH,1998,96.22,Unemployment,3.48,Sub-Saharan Africa
Finland,FIN,1998,99.91,Unemployment,13.21,Europe & Central Asia
"Gambia, The",GMB,1998,85.48,Unemployment,9.9,Sub-Saharan Africa
Hungary,HUN,1998,99.25,Unemployment,8.93,Europe & Central Asia
Iceland,ISL,1998,99.93,Unemployment,3.07,Europe & Central Asia
"Korea, Rep.",KOR,1998,99.9,Unemployment,6.96,East Asia & Pacific
Kuwait,KWT,1998,97.05,Unemployment,0.7,Middle East & North Africa
Lao PDR,LAO,1998,77.0,Unemployment,2.29,East Asia & Pacific
Lebanon,LBN,1998,97.75,Unemployment,8.57,Middle East & North Africa
Lesotho,LSO,1998,67.24,Unemployment,15.91,Sub-Saharan Africa
Lithuania,LTU,1998,99.96,Unemployment,13.71,Europe & Central Asia
Madagascar,MDG,1998,63.17,Unemployment,5.9,Sub-Saharan Africa
Malawi,MWI,1998,87.92,Unemployment,4.92,Sub-Saharan Africa
Malaysia,MYS,1998,99.05,Unemployment,3.2,East Asia & Pacific
Malta,MLT,1998,99.8,Unemployment,6.33,Middle East & North Africa
Mauritania,MRT,1998,54.61,Unemployment,9.98,Sub-Saharan Africa
Mauritius,MUS,1998,81.35,Unemployment,9.25,Sub-Saharan Africa
Mongolia,MNG,1998,95.04,Unemployment,5.75,East Asia & Pacific
Morocco,MAR,1998,84.58,Unemployment,13.36,Middle East & North Africa
Mozambique,MOZ,1998,50.91,Unemployment,2.64,Sub-Saharan Africa
Namibia,NAM,1998,88.72,Unemployment,23.08,Sub-Saharan Africa
Niger,NER,1998,49.02,Unemployment,1.38,Sub-Saharan Africa
North Macedonia,MKD,1998,99.36,Unemployment,34.5,Europe & Central Asia
Norway,NOR,1998,99.7,Unemployment,3.74,Europe & Central Asia
Paraguay,PRY,1998,91.13,Unemployment,4.42,Latin America & Caribbean
Peru,PER,1998,95.86,Unemployment,5.1,Latin America & Caribbean
Philippines,PHL,1998,97.24,Unemployment,3.7,East Asia & Pacific
Poland,POL,1998,100.0,Unemployment,9.94,Europe & Central Asia
Romania,ROU,1998,99.81,Unemployment,5.63,Europe & Central Asia
Samoa,WSM,1998,92.29,Unemployment,4.13,East Asia & Pacific
Senegal,SEN,1998,45.41,Unemployment,2.75,Sub-Saharan Africa
Slovak Republic,SVK,1998,99.96,Unemployment,12.42,Europe & Central Asia
Slovenia,SVN,1998,99.8,Unemployment,7.39,Europe & Central Asia
South Africa,ZAF,1998,99.88,Unemployment,22.74,Sub-Saharan Africa
Syrian Arab Republic,SYR,1998,71.7,Unemployment,7.38,Middle East & North Africa
Tajikistan,TJK,1998,97.12,Unemployment,4.65,Europe & Central Asia
Tunisia,TUN,1998,88.63,Unemployment,15.47,Middle East & North Africa
Ukraine,UKR,1998,99.89,Unemployment,11.32,Europe & Central Asia
Algeria,DZA,1999,97.11,Unemployment,28.58,Middle East & North Africa
Argentina,ARG,1999,98.2,Unemployment,14.05,Latin America & Caribbean
Azerbaijan,AZE,1999,97.96,Unemployment,10.9,Europe & Central Asia
Bahrain,BHR,1999,99.84,Unemployment,1.11,Middle East & North Africa
Barbados,BRB,1999,98.82,Unemployment,10.61,Latin America & Caribbean
Belarus,BLR,1999,99.85,Unemployment,12.8,Europe & Central Asia
Belize,BLZ,1999,94.45,Unemployment,12.84,Latin America & Caribbean
Bhutan,BTN,1999,93.35,Unemployment,1.4,South Asia
Botswana,BWA,1999,96.44,Unemployment,18.22,Sub-Saharan Africa
Burkina Faso,BFA,1999,60.54,Unemployment,2.55,Sub-Saharan Africa
Cameroon,CMR,1999,30.91,Unemployment,7.6,Sub-Saharan Africa
Chad,TCD,1999,66.15,Unemployment,0.75,Sub-Saharan Africa
Costa Rica,CRI,1999,84.76,Unemployment,5.9,Latin America & Caribbean
Cote d'Ivoire,CIV,1999,61.51,Unemployment,4.42,Sub-Saharan Africa
Croatia,HRV,1999,99.86,Unemployment,13.56,Europe & Central Asia
Cuba,CUB,1999,97.1,Unemployment,6.26,Latin America & Caribbean
Cyprus,CYP,1999,99.82,Unemployment,5.53,Europe & Central Asia
Czechia,CZE,1999,99.95,Unemployment,8.7,Europe & Central Asia
Denmark,DNK,1999,99.94,Unemployment,5.14,Europe & Central Asia
Djibouti,DJI,1999,63.83,Unemployment,26.74,Middle East & North Africa
Dominican Republic,DOM,1999,91.23,Unemployment,6.31,Latin America & Caribbean
Ecuador,ECU,1999,68.71,Unemployment,4.66,Latin America & Caribbean
"Egypt, Arab Rep.",EGY,1999,93.09,Unemployment,7.95,Middle East & North Africa
Eritrea,ERI,1999,98.18,Unemployment,5.6,Sub-Saharan Africa
Estonia,EST,1999,99.68,Unemployment,11.57,Europe & Central Asia
Eswatini,SWZ,1999,84.16,Unemployment,23.87,Sub-Saharan Africa
Fiji,FJI,1999,99.64,Unemployment,4.7,East Asia & Pacific
Finland,FIN,1999,99.77,Unemployment,11.69,Europe & Central Asia
"Gambia, The",GMB,1999,68.69,Unemployment,9.74,Sub-Saharan Africa
Georgia,GEO,1999,98.56,Unemployment,13.8,Europe & Central Asia
Germany,DEU,1999,99.87,Unemployment,8.85,Europe & Central Asia
Ghana,GHA,1999,96.87,Unemployment,10.1,Sub-Saharan Africa
Guatemala,GTM,1999,95.83,Unemployment,2.11,Latin America & Caribbean
Guinea,GIN,1999,77.71,Unemployment,4.52,Sub-Saharan Africa
Guyana,GUY,1999,69.0,Unemployment,11.77,Latin America & Caribbean
Hungary,HUN,1999,99.37,Unemployment,6.93,Europe & Central Asia
Iceland,ISL,1999,99.75,Unemployment,2.18,Europe & Central Asia
India,IND,1999,92.59,Unemployment,7.58,South Asia
Iraq,IRQ,1999,77.28,Unemployment,7.98,Middle East & North Africa
Italy,ITA,1999,96.7,Unemployment,11.68,Europe & Central Asia
Jordan,JOR,1999,98.52,Unemployment,13.76,Middle East & North Africa
"Korea, Rep.",KOR,1999,99.62,Unemployment,6.34,East Asia & Pacific
Kuwait,KWT,1999,99.05,Unemployment,0.7,Middle East & North Africa
Lao PDR,LAO,1999,76.24,Unemployment,2.15,East Asia & Pacific
Latvia,LVA,1999,99.32,Unemployment,13.79,Europe & Central Asia
Lebanon,LBN,1999,93.31,Unemployment,8.79,Middle East & North Africa
Lesotho,LSO,1999,64.2,Unemployment,16.17,Sub-Saharan Africa
Lithuania,LTU,1999,99.83,Unemployment,13.39,Europe & Central Asia
"Macao SAR, China",MAC,1999,92.37,Unemployment,6.34,East Asia & Pacific
Madagascar,MDG,1999,66.05,Unemployment,5.82,Sub-Saharan Africa
Malawi,MWI,1999,83.91,Unemployment,5.0,Sub-Saharan Africa
Malaysia,MYS,1999,99.18,Unemployment,3.43,East Asia & Pacific
Mali,MLI,1999,76.43,Unemployment,1.36,Sub-Saharan Africa
Malta,MLT,1999,97.97,Unemployment,6.32,Middle East & North Africa
Mauritius,MUS,1999,78.0,Unemployment,9.28,Sub-Saharan Africa
Mexico,MEX,1999,90.08,Unemployment,2.6,Latin America & Caribbean
Moldova,MDA,1999,99.85,Unemployment,11.14,Europe & Central Asia
Mongolia,MNG,1999,94.92,Unemployment,5.84,East Asia & Pacific
Morocco,MAR,1999,87.55,Unemployment,13.94,Middle East & North Africa
Mozambique,MOZ,1999,60.39,Unemployment,2.66,Sub-Saharan Africa
Myanmar,MMR,1999,68.33,Unemployment,0.75,East Asia & Pacific
Namibia,NAM,1999,98.06,Unemployment,21.67,Sub-Saharan Africa
Nepal,NPL,1999,80.44,Unemployment,10.55,South Asia
Nicaragua,NIC,1999,98.83,Unemployment,7.18,Latin America & Caribbean
Niger,NER,1999,48.0,Unemployment,1.38,Sub-Saharan Africa
Nigeria,NGA,1999,33.73,Unemployment,3.99,Sub-Saharan Africa
North Macedonia,MKD,1999,99.07,Unemployment,32.4,Europe & Central Asia
Norway,NOR,1999,99.87,Unemployment,3.25,Europe & Central Asia
Oman,OMN,1999,99.51,Unemployment,4.43,Middle East & North Africa
Paraguay,PRY,1999,95.09,Unemployment,5.34,Latin America & Caribbean
Peru,PER,1999,97.04,Unemployment,5.01,Latin America & Caribbean
Russian Federation,RUS,1999,100.0,Unemployment,13.04,Europe & Central Asia
Samoa,WSM,1999,93.19,Unemployment,4.49,East Asia & Pacific
Senegal,SEN,1999,48.47,Unemployment,2.66,Sub-Saharan Africa
Slovenia,SVN,1999,97.17,Unemployment,7.32,Europe & Central Asia
South Africa,ZAF,1999,97.38,Unemployment,22.88,Sub-Saharan Africa
Sweden,SWE,1999,99.99,Unemployment,7.61,Europe & Central Asia
Switzerland,CHE,1999,99.99,Unemployment,3.05,Europe & Central Asia
Syrian Arab Republic,SYR,1999,71.18,Unemployment,7.6,Middle East & North Africa
Tajikistan,TJK,1999,97.55,Unemployment,4.45,Europe & Central Asia
Togo,TGO,1999,79.18,Unemployment,3.89,Sub-Saharan Africa
Trinidad and Tobago,TTO,1999,92.21,Unemployment,13.12,Latin America & Caribbean
Tunisia,TUN,1999,90.39,Unemployment,15.21,Middle East & North Africa
Ukraine,UKR,1999,99.78,Unemployment,11.86,Europe & Central Asia
United Arab Emirates,ARE,1999,98.71,Unemployment,2.19,Middle East & North Africa
Uruguay,URY,1999,87.34,Unemployment,10.47,Latin America & Caribbean
Vanuatu,VUT,1999,53.49,Unemployment,8.29,East Asia & Pacific
"Venezuela, RB",VEN,1999,96.1,Unemployment,14.53,Latin America & Caribbean
Viet Nam,VNM,1999,93.37,Unemployment,2.33,East Asia & Pacific
West Bank and Gaza,PSE,1999,99.42,Unemployment,10.38,Middle East & North Africa
Zambia,ZMB,1999,49.93,Unemployment,12.5,Sub-Saharan Africa
Zimbabwe,ZWE,1999,74.6,Unemployment,6.0,Sub-Saharan Africa
Albania,ALB,2000,97.25,Unemployment,19.02,Europe & Central Asia
Algeria,DZA,2000,93.26,Unemployment,29.77,Middle East & North Africa
Argentina,ARG,2000,97.69,Unemployment,15.0,Latin America & Caribbean
Azerbaijan,AZE,2000,98.23,Unemployment,11.78,Europe & Central Asia
Bahrain,BHR,2000,99.28,Unemployment,1.08,Middle East & North Africa
Barbados,BRB,2000,99.2,Unemployment,9.35,Latin America & Caribbean
Belarus,BLR,2000,99.89,Unemployment,12.19,Europe & Central Asia
Belize,BLZ,2000,94.41,Unemployment,10.84,Latin America & Caribbean
Benin,BEN,2000,98.97,Unemployment,0.86,Sub-Saharan Africa
Bhutan,BTN,2000,93.51,Unemployment,1.66,South Asia
Botswana,BWA,2000,95.92,Unemployment,15.88,Sub-Saharan Africa
Brazil,BRA,2000,97.88,Unemployment,10.89,Latin America & Caribbean
Bulgaria,BGR,2000,99.34,Unemployment,16.22,Europe & Central Asia
Burkina Faso,BFA,2000,61.96,Unemployment,2.69,Sub-Saharan Africa
Cambodia,KHM,2000,78.61,Unemployment,0.74,East Asia & Pacific
Chad,TCD,2000,75.69,Unemployment,0.8,Sub-Saharan Africa
Colombia,COL,2000,92.34,Unemployment,20.52,Latin America & Caribbean
Costa Rica,CRI,2000,82.92,Unemployment,5.08,Latin America & Caribbean
Cote d'Ivoire,CIV,2000,67.47,Unemployment,4.84,Sub-Saharan Africa
Croatia,HRV,2000,99.74,Unemployment,16.06,Europe & Central Asia
Cuba,CUB,2000,97.4,Unemployment,5.45,Latin America & Caribbean
Cyprus,CYP,2000,99.53,Unemployment,4.77,Europe & Central Asia
Czechia,CZE,2000,99.97,Unemployment,8.76,Europe & Central Asia
Djibouti,DJI,2000,79.95,Unemployment,26.66,Middle East & North Africa
Ecuador,ECU,2000,70.25,Unemployment,4.8,Latin America & Caribbean
"Egypt, Arab Rep.",EGY,2000,93.33,Unemployment,8.98,Middle East & North Africa
El Salvador,SLV,2000,93.21,Unemployment,6.96,Latin America & Caribbean
Eritrea,ERI,2000,86.32,Unemployment,5.66,Sub-Saharan Africa
Estonia,EST,2000,99.85,Unemployment,13.36,Europe & Central Asia
Eswatini,SWZ,2000,83.88,Unemployment,24.55,Sub-Saharan Africa
Fiji,FJI,2000,98.36,Unemployment,4.7,East Asia & Pacific
Finland,FIN,2000,99.84,Unemployment,11.13,Europe & Central Asia
"Gambia, The",GMB,2000,71.71,Unemployment,9.72,Sub-Saharan Africa
Georgia,GEO,2000,98.42,Unemployment,10.82,Europe & Central Asia
Germany,DEU,2000,99.9,Unemployment,7.92,Europe & Central Asia
Ghana,GHA,2000,85.34,Unemployment,10.46,Sub-Saharan Africa
Guatemala,GTM,2000,94.43,Unemployment,2.14,Latin America & Caribbean
Guinea,GIN,2000,76.98,Unemployment,4.59,Sub-Saharan Africa
Hungary,HUN,2000,99.99,Unemployment,6.56,Europe & Central Asia
Iceland,ISL,2000,99.88,Unemployment,1.94,Europe & Central Asia
India,IND,2000,90.55,Unemployment,7.59,South Asia
"Iran, Islamic Rep.",IRN,2000,92.32,Unemployment,11.7,Middle East & North Africa
Italy,ITA,2000,99.78,Unemployment,10.83,Europe & Central Asia
Jamaica,JAM,2000,97.97,Unemployment,6.75,Latin America & Caribbean
Kazakhstan,KAZ,2000,98.93,Unemployment,12.75,Europe & Central Asia
"Korea, Rep.",KOR,2000,99.34,Unemployment,4.06,East Asia & Pacific
Kuwait,KWT,2000,99.62,Unemployment,0.8,Middle East & North Africa
Kyrgyz Republic,KGZ,2000,98.59,Unemployment,2.14,Europe & Central Asia
Lao PDR,LAO,2000,77.86,Unemployment,2.04,East Asia & Pacific
Latvia,LVA,2000,99.47,Unemployment,14.21,Europe & Central Asia
Lebanon,LBN,2000,96.47,Unemployment,8.64,Middle East & North Africa
Lesotho,LSO,2000,68.5,Unemployment,16.17,Sub-Saharan Africa
Lithuania,LTU,2000,99.77,Unemployment,15.93,Europe & Central Asia
"Macao SAR, China",MAC,2000,92.79,Unemployment,6.87,East Asia & Pacific
Madagascar,MDG,2000,62.6,Unemployment,5.8,Sub-Saharan Africa
Malawi,MWI,2000,87.62,Unemployment,5.04,Sub-Saharan Africa
Malaysia,MYS,2000,99.25,Unemployment,3.0,East Asia & Pacific
Mali,MLI,2000,77.94,Unemployment,1.41,Sub-Saharan Africa
Malta,MLT,2000,98.47,Unemployment,6.32,Middle East & North Africa
Mauritius,MUS,2000,80.76,Unemployment,9.12,Sub-Saharan Africa
Mexico,MEX,2000,90.63,Unemployment,2.65,Latin America & Caribbean
Moldova,MDA,2000,98.05,Unemployment,8.54,Europe & Central Asia
Mongolia,MNG,2000,97.21,Unemployment,5.99,East Asia & Pacific
Morocco,MAR,2000,87.85,Unemployment,13.58,Middle East & North Africa
Myanmar,MMR,2000,66.13,Unemployment,0.71,East Asia & Pacific
Nepal,NPL,2000,79.65,Unemployment,10.53,South Asia
Niger,NER,2000,49.91,Unemployment,1.43,Sub-Saharan Africa
North Macedonia,MKD,2000,98.82,Unemployment,32.2,Europe & Central Asia
Norway,NOR,2000,99.92,Unemployment,3.46,Europe & Central Asia
Oman,OMN,2000,99.91,Unemployment,4.43,Middle East & North Africa
Paraguay,PRY,2000,92.84,Unemployment,7.61,Latin America & Caribbean
Peru,PER,2000,97.55,Unemployment,4.96,Latin America & Caribbean
Poland,POL,2000,100.0,Unemployment,14.93,Europe & Central Asia
Romania,ROU,2000,99.46,Unemployment,6.97,Europe & Central Asia
Russian Federation,RUS,2000,99.31,Unemployment,10.58,Europe & Central Asia
Samoa,WSM,2000,97.77,Unemployment,4.73,East Asia & Pacific
Senegal,SEN,2000,55.19,Unemployment,2.64,Sub-Saharan Africa
Slovak Republic,SVK,2000,99.49,Unemployment,18.55,Europe & Central Asia
Slovenia,SVN,2000,99.63,Unemployment,6.92,Europe & Central Asia
Sweden,SWE,2000,99.92,Unemployment,5.47,Europe & Central Asia
Switzerland,CHE,2000,99.94,Unemployment,2.66,Europe & Central Asia
Syrian Arab Republic,SYR,2000,73.49,Unemployment,9.59,Middle East & North Africa
Tajikistan,TJK,2000,97.39,Unemployment,4.15,Europe & Central Asia
Tanzania,TZA,2000,19.77,Unemployment,3.13,Sub-Saharan Africa
Togo,TGO,2000,81.94,Unemployment,4.16,Sub-Saharan Africa
Trinidad and Tobago,TTO,2000,97.41,Unemployment,12.1,Latin America & Caribbean
Tunisia,TUN,2000,91.92,Unemployment,14.94,Middle East & North Africa
Uganda,UGA,2000,43.94,Unemployment,3.53,Sub-Saharan Africa
United Arab Emirates,ARE,2000,99.95,Unemployment,2.25,Middle East & North Africa
Uruguay,URY,2000,81.47,Unemployment,12.63,Latin America & Caribbean
Uzbekistan,UZB,2000,98.56,Unemployment,12.3,Europe & Central Asia
Vanuatu,VUT,2000,44.93,Unemployment,8.27,East Asia & Pacific
"Venezuela, RB",VEN,2000,98.71,Unemployment,13.99,Latin America & Caribbean
Viet Nam,VNM,2000,93.42,Unemployment,2.26,East Asia & Pacific
West Bank and Gaza,PSE,2000,99.34,Unemployment,10.62,Middle East & North Africa
Algeria,DZA,2001,94.47,Unemployment,27.3,Middle East & North Africa
Argentina,ARG,2001,97.4,Unemployment,17.32,Latin America & Caribbean
Azerbaijan,AZE,2001,98.26,Unemployment,10.91,Europe & Central Asia
Bahrain,BHR,2001,99.19,Unemployment,1.12,Middle East & North Africa
Barbados,BRB,2001,97.98,Unemployment,9.85,Latin America & Caribbean
Belarus,BLR,2001,99.55,Unemployment,11.56,Europe & Central Asia
Botswana,BWA,2001,96.83,Unemployment,18.54,Sub-Saharan Africa
Brazil,BRA,2001,97.91,Unemployment,10.65,Latin America & Caribbean
Bulgaria,BGR,2001,98.28,Unemployment,19.92,Europe & Central Asia
Cabo Verde,CPV,2001,87.76,Unemployment,13.24,Sub-Saharan Africa
Cambodia,KHM,2001,84.96,Unemployment,0.78,East Asia & Pacific
Chad,TCD,2001,77.2,Unemployment,0.79,Sub-Saharan Africa
Colombia,COL,2001,100.0,Unemployment,15.04,Latin America & Caribbean
"Congo, Rep.",COG,2001,73.52,Unemployment,19.88,Sub-Saharan Africa
Costa Rica,CRI,2001,87.88,Unemployment,6.05,Latin America & Caribbean
Croatia,HRV,2001,99.92,Unemployment,15.82,Europe & Central Asia
Cuba,CUB,2001,97.73,Unemployment,4.08,Latin America & Caribbean
Cyprus,CYP,2001,99.28,Unemployment,4.04,Europe & Central Asia
Czechia,CZE,2001,99.79,Unemployment,8.13,Europe & Central Asia
Denmark,DNK,2001,99.95,Unemployment,4.16,Europe & Central Asia
Ecuador,ECU,2001,73.06,Unemployment,4.25,Latin America & Caribbean
"Egypt, Arab Rep.",EGY,2001,96.59,Unemployment,9.26,Middle East & North Africa
El Salvador,SLV,2001,95.83,Unemployment,6.96,Latin America & Caribbean
Eritrea,ERI,2001,93.74,Unemployment,5.74,Sub-Saharan Africa
Estonia,EST,2001,99.54,Unemployment,13.13,Europe & Central Asia
Eswatini,SWZ,2001,85.33,Unemployment,25.24,Sub-Saharan Africa
Fiji,FJI,2001,99.78,Unemployment,4.69,East Asia & Pacific
Finland,FIN,2001,99.99,Unemployment,10.29,Europe & Central Asia
"Gambia, The",GMB,2001,70.47,Unemployment,9.64,Sub-Saharan Africa
Georgia,GEO,2001,97.83,Unemployment,11.16,Europe & Central Asia
Germany,DEU,2001,99.78,Unemployment,7.77,Europe & Central Asia
Ghana,GHA,2001,96.93,Unemployment,9.62,Sub-Saharan Africa
Guatemala,GTM,2001,95.95,Unemployment,2.25,Latin America & Caribbean
"Hong Kong SAR, China",HKG,2001,99.03,Unemployment,5.09,East Asia & Pacific
Hungary,HUN,2001,99.47,Unemployment,5.67,Europe & Central Asia
Iceland,ISL,2001,99.78,Unemployment,1.87,Europe & Central Asia
India,IND,2001,93.11,Unemployment,7.61,South Asia
Indonesia,IDN,2001,78.36,Unemployment,6.08,East Asia & Pacific
"Iran, Islamic Rep.",IRN,2001,92.57,Unemployment,12.36,Middle East & North Africa
Israel,ISR,2001,99.9,Unemployment,11.81,Middle East & North Africa
Italy,ITA,2001,99.8,Unemployment,9.6,Europe & Central Asia
Kazakhstan,KAZ,2001,98.89,Unemployment,10.43,Europe & Central Asia
"Korea, Rep.",KOR,2001,99.31,Unemployment,3.7,East Asia & Pacific
Kuwait,KWT,2001,99.58,Unemployment,0.8,Middle East & North Africa
Kyrgyz Republic,KGZ,2001,99.65,Unemployment,2.27,Europe & Central Asia
Lao PDR,LAO,2001,81.19,Unemployment,1.88,East Asia & Pacific
Latvia,LVA,2001,99.71,Unemployment,13.82,Europe & Central Asia
Lebanon,LBN,2001,95.39,Unemployment,8.5,Middle East & North Africa
Lesotho,LSO,2001,75.88,Unemployment,16.08,Sub-Saharan Africa
Lithuania,LTU,2001,99.67,Unemployment,16.84,Europe & Central Asia
"Macao SAR, China",MAC,2001,93.54,Unemployment,6.37,East Asia & Pacific
Madagascar,MDG,2001,70.93,Unemployment,5.35,Sub-Saharan Africa
Malawi,MWI,2001,85.69,Unemployment,5.22,Sub-Saharan Africa
Mali,MLI,2001,71.62,Unemployment,1.33,Sub-Saharan Africa
Malta,MLT,2001,98.71,Unemployment,7.11,Middle East & North Africa
Mauritania,MRT,2001,51.67,Unemployment,10.13,Sub-Saharan Africa
Mauritius,MUS,2001,80.92,Unemployment,9.14,Sub-Saharan Africa
Mexico,MEX,2001,92.75,Unemployment,2.63,Latin America & Caribbean
Moldova,MDA,2001,98.28,Unemployment,7.37,Europe & Central Asia
Mongolia,MNG,2001,97.48,Unemployment,6.11,East Asia & Pacific
Morocco,MAR,2001,88.58,Unemployment,12.46,Middle East & North Africa
Mozambique,MOZ,2001,61.85,Unemployment,2.84,Sub-Saharan Africa
Myanmar,MMR,2001,69.94,Unemployment,0.69,East Asia & Pacific
Nepal,NPL,2001,89.72,Unemployment,10.5,South Asia
Niger,NER,2001,58.72,Unemployment,1.47,Sub-Saharan Africa
North Macedonia,MKD,2001,98.46,Unemployment,30.52,Europe & Central Asia
Norway,NOR,2001,99.88,Unemployment,3.74,Europe & Central Asia
Oman,OMN,2001,99.51,Unemployment,4.3,Middle East & North Africa
Paraguay,PRY,2001,91.74,Unemployment,6.21,Latin America & Caribbean
Peru,PER,2001,97.8,Unemployment,5.07,Latin America & Caribbean
Philippines,PHL,2001,98.26,Unemployment,3.7,East Asia & Pacific
Poland,POL,2001,100.0,Unemployment,18.43,Europe & Central Asia
Romania,ROU,2001,99.56,Unemployment,6.56,Europe & Central Asia
Samoa,WSM,2001,98.73,Unemployment,4.96,East Asia & Pacific
Senegal,SEN,2001,52.99,Unemployment,2.67,Sub-Saharan Africa
Slovak Republic,SVK,2001,99.69,Unemployment,19.15,Europe & Central Asia
Slovenia,SVN,2001,99.79,Unemployment,5.68,Europe & Central Asia
South Africa,ZAF,2001,97.78,Unemployment,22.65,Sub-Saharan Africa
Sri Lanka,LKA,2001,98.42,Unemployment,7.9,South Asia
St. Lucia,LCA,2001,68.08,Unemployment,18.54,Latin America & Caribbean
Sweden,SWE,2001,99.95,Unemployment,4.73,Europe & Central Asia
Switzerland,CHE,2001,99.89,Unemployment,2.49,Europe & Central Asia
Syrian Arab Republic,SYR,2001,75.01,Unemployment,11.63,Middle East & North Africa
Tajikistan,TJK,2001,98.88,Unemployment,3.75,Europe & Central Asia
Tanzania,TZA,2001,20.38,Unemployment,2.99,Sub-Saharan Africa
Tunisia,TUN,2001,95.85,Unemployment,14.4,Middle East & North Africa
Uganda,UGA,2001,46.3,Unemployment,3.52,Sub-Saharan Africa
Ukraine,UKR,2001,99.41,Unemployment,11.06,Europe & Central Asia
United Arab Emirates,ARE,2001,98.99,Unemployment,2.44,Middle East & North Africa
Uruguay,URY,2001,83.55,Unemployment,15.05,Latin America & Caribbean
Uzbekistan,UZB,2001,99.6,Unemployment,11.28,Europe & Central Asia
"Venezuela, RB",VEN,2001,98.8,Unemployment,13.04,Latin America & Caribbean
Viet Nam,VNM,2001,94.8,Unemployment,2.76,East Asia & Pacific
West Bank and Gaza,PSE,2001,99.23,Unemployment,21.49,Middle East & North Africa
Zambia,ZMB,2001,65.11,Unemployment,13.4,Sub-Saharan Africa
Algeria,DZA,2002,94.47,Unemployment,25.9,Middle East & North Africa
Argentina,ARG,2002,96.52,Unemployment,19.59,Latin America & Caribbean
Armenia,ARM,2002,98.21,Unemployment,10.89,Europe & Central Asia
Azerbaijan,AZE,2002,98.1,Unemployment,10.04,Europe & Central Asia
Bahrain,BHR,2002,99.36,Unemployment,1.14,Middle East & North Africa
Barbados,BRB,2002,99.46,Unemployment,10.32,Latin America & Caribbean
Belarus,BLR,2002,99.9,Unemployment,10.87,Europe & Central Asia
Belize,BLZ,2002,98.62,Unemployment,10.04,Latin America & Caribbean
Benin,BEN,2002,78.07,Unemployment,0.69,Sub-Saharan Africa
Botswana,BWA,2002,97.77,Unemployment,21.28,Sub-Saharan Africa
Brazil,BRA,2002,96.9,Unemployment,10.64,Latin America & Caribbean
Brunei Darussalam,BRN,2002,90.17,Unemployment,5.65,East Asia & Pacific
Bulgaria,BGR,2002,98.22,Unemployment,18.11,Europe & Central Asia
Burkina Faso,BFA,2002,61.23,Unemployment,2.86,Sub-Saharan Africa
Cabo Verde,CPV,2002,87.73,Unemployment,13.38,Sub-Saharan Africa
Cambodia,KHM,2002,84.81,Unemployment,0.86,East Asia & Pacific
Chad,TCD,2002,83.55,Unemployment,0.77,Sub-Saharan Africa
Comoros,COM,2002,80.22,Unemployment,4.37,Sub-Saharan Africa
"Congo, Rep.",COG,2002,68.66,Unemployment,19.64,Sub-Saharan Africa
Croatia,HRV,2002,99.89,Unemployment,15.05,Europe & Central Asia
Cuba,CUB,2002,98.18,Unemployment,3.31,Latin America & Caribbean
Cyprus,CYP,2002,99.44,Unemployment,3.34,Europe & Central Asia
Czechia,CZE,2002,99.84,Unemployment,7.28,Europe & Central Asia
Ecuador,ECU,2002,73.29,Unemployment,4.82,Latin America & Caribbean
"Egypt, Arab Rep.",EGY,2002,93.29,Unemployment,10.01,Middle East & North Africa
El Salvador,SLV,2002,97.18,Unemployment,6.2,Latin America & Caribbean
Eritrea,ERI,2002,96.56,Unemployment,5.79,Sub-Saharan Africa
Eswatini,SWZ,2002,84.81,Unemployment,25.77,Sub-Saharan Africa
Finland,FIN,2002,99.84,Unemployment,10.42,Europe & Central Asia
"Gambia, The",GMB,2002,91.61,Unemployment,10.04,Sub-Saharan Africa
Georgia,GEO,2002,98.53,Unemployment,12.59,Europe & Central Asia
Germany,DEU,2002,99.76,Unemployment,8.48,Europe & Central Asia
Ghana,GHA,2002,90.57,Unemployment,8.71,Sub-Saharan Africa
Guinea,GIN,2002,70.51,Unemployment,4.55,Sub-Saharan Africa
"Hong Kong SAR, China",HKG,2002,99.86,Unemployment,7.28,East Asia & Pacific
Hungary,HUN,2002,99.87,Unemployment,5.61,Europe & Central Asia
Iceland,ISL,2002,99.58,Unemployment,2.99,Europe & Central Asia
India,IND,2002,90.66,Unemployment,7.68,South Asia
Indonesia,IDN,2002,81.76,Unemployment,6.6,East Asia & Pacific
"Iran, Islamic Rep.",IRN,2002,97.15,Unemployment,12.8,Middle East & North Africa
Israel,ISR,2002,99.89,Unemployment,12.89,Middle East & North Africa
Italy,ITA,2002,99.84,Unemployment,9.21,Europe & Central Asia
Jordan,JOR,2002,98.45,Unemployment,15.3,Middle East & North Africa
Kazakhstan,KAZ,2002,99.55,Unemployment,9.33,Europe & Central Asia
"Korea, Rep.",KOR,2002,99.37,Unemployment,3.05,East Asia & Pacific
Kuwait,KWT,2002,99.18,Unemployment,1.1,Middle East & North Africa
Kyrgyz Republic,KGZ,2002,98.42,Unemployment,2.42,Europe & Central Asia
Lao PDR,LAO,2002,83.1,Unemployment,1.78,East Asia & Pacific
Latvia,LVA,2002,99.8,Unemployment,13.83,Europe & Central Asia
Lebanon,LBN,2002,95.03,Unemployment,8.25,Middle East & North Africa
Lesotho,LSO,2002,78.36,Unemployment,16.08,Sub-Saharan Africa
Lithuania,LTU,2002,99.32,Unemployment,13.01,Europe & Central Asia
"Macao SAR, China",MAC,2002,97.03,Unemployment,6.28,East Asia & Pacific
Madagascar,MDG,2002,64.77,Unemployment,5.52,Sub-Saharan Africa
Mali,MLI,2002,77.36,Unemployment,1.36,Sub-Saharan Africa
Malta,MLT,2002,99.67,Unemployment,6.9,Middle East & North Africa
Mauritius,MUS,2002,81.65,Unemployment,8.2,Sub-Saharan Africa
Mexico,MEX,2002,93.31,Unemployment,3.0,Latin America & Caribbean
Moldova,MDA,2002,98.36,Unemployment,6.84,Europe & Central Asia
Mongolia,MNG,2002,99.25,Unemployment,6.2,East Asia & Pacific
Morocco,MAR,2002,87.45,Unemployment,11.59,Middle East & North Africa
Myanmar,MMR,2002,70.08,Unemployment,0.68,East Asia & Pacific
Nepal,NPL,2002,87.89,Unemployment,10.59,South Asia
Niger,NER,2002,58.41,Unemployment,1.81,Sub-Saharan Africa
North Macedonia,MKD,2002,97.83,Unemployment,31.94,Europe & Central Asia
Norway,NOR,2002,99.75,Unemployment,4.02,Europe & Central Asia
Oman,OMN,2002,99.32,Unemployment,4.34,Middle East & North Africa
Paraguay,PRY,2002,92.13,Unemployment,9.39,Latin America & Caribbean
Philippines,PHL,2002,97.94,Unemployment,3.62,East Asia & Pacific
Poland,POL,2002,100.0,Unemployment,20.21,Europe & Central Asia
Romania,ROU,2002,99.76,Unemployment,8.11,Europe & Central Asia
Samoa,WSM,2002,97.47,Unemployment,4.97,East Asia & Pacific
Sao Tome and Principe,STP,2002,72.37,Unemployment,17.63,Sub-Saharan Africa
Senegal,SEN,2002,55.55,Unemployment,2.82,Sub-Saharan Africa
Slovak Republic,SVK,2002,99.71,Unemployment,18.54,Europe & Central Asia
Slovenia,SVN,2002,99.8,Unemployment,5.92,Europe & Central Asia
South Africa,ZAF,2002,98.38,Unemployment,22.58,Sub-Saharan Africa
Sri Lanka,LKA,2002,98.03,Unemployment,8.76,South Asia
St. Lucia,LCA,2002,69.23,Unemployment,20.39,Latin America & Caribbean
Switzerland,CHE,2002,99.82,Unemployment,2.92,Europe & Central Asia
Syrian Arab Republic,SYR,2002,97.01,Unemployment,10.94,Middle East & North Africa
Tajikistan,TJK,2002,98.56,Unemployment,3.95,Europe & Central Asia
Togo,TGO,2002,77.13,Unemployment,4.09,Sub-Saharan Africa
Tunisia,TUN,2002,95.49,Unemployment,14.55,Middle East & North Africa
Uganda,UGA,2002,43.24,Unemployment,3.5,Sub-Saharan Africa
United Arab Emirates,ARE,2002,97.75,Unemployment,2.66,Middle East & North Africa
Uruguay,URY,2002,83.43,Unemployment,16.65,Latin America & Caribbean
Uzbekistan,UZB,2002,99.43,Unemployment,10.26,Europe & Central Asia
"Venezuela, RB",VEN,2002,98.33,Unemployment,16.17,Latin America & Caribbean
West Bank and Gaza,PSE,2002,99.07,Unemployment,27.46,Middle East & North Africa
Algeria,DZA,2003,93.8,Unemployment,23.72,Middle East & North Africa
Argentina,ARG,2003,96.71,Unemployment,15.36,Latin America & Caribbean
Armenia,ARM,2003,98.05,Unemployment,10.77,Europe & Central Asia
Azerbaijan,AZE,2003,99.24,Unemployment,9.17,Europe & Central Asia
Bahrain,BHR,2003,99.21,Unemployment,1.13,Middle East & North Africa
Barbados,BRB,2003,98.12,Unemployment,11.0,Latin America & Caribbean
Belarus,BLR,2003,98.77,Unemployment,10.19,Europe & Central Asia
Belize,BLZ,2003,95.37,Unemployment,10.34,Latin America & Caribbean
Bhutan,BTN,2003,94.38,Unemployment,1.8,South Asia
Botswana,BWA,2003,97.47,Unemployment,23.8,Sub-Saharan Africa
Brazil,BRA,2003,95.22,Unemployment,11.17,Latin America & Caribbean
Brunei Darussalam,BRN,2003,97.89,Unemployment,5.74,East Asia & Pacific
Bulgaria,BGR,2003,98.3,Unemployment,13.73,Europe & Central Asia
Burundi,BDI,2003,60.77,Unemployment,3.14,Sub-Saharan Africa
Cabo Verde,CPV,2003,88.83,Unemployment,13.6,Sub-Saharan Africa
Cambodia,KHM,2003,84.76,Unemployment,0.91,East Asia & Pacific
Chad,TCD,2003,65.92,Unemployment,0.72,Sub-Saharan Africa
Comoros,COM,2003,91.69,Unemployment,4.56,Sub-Saharan Africa
"Congo, Rep.",COG,2003,87.68,Unemployment,19.88,Sub-Saharan Africa
Cuba,CUB,2003,98.67,Unemployment,2.33,Latin America & Caribbean
Cyprus,CYP,2003,99.81,Unemployment,4.15,Europe & Central Asia
Czechia,CZE,2003,100.0,Unemployment,7.78,Europe & Central Asia
Dominican Republic,DOM,2003,92.08,Unemployment,6.94,Latin America & Caribbean
Ecuador,ECU,2003,74.0,Unemployment,5.66,Latin America & Caribbean
"Egypt, Arab Rep.",EGY,2003,93.63,Unemployment,10.91,Middle East & North Africa
Eritrea,ERI,2003,95.29,Unemployment,5.79,Sub-Saharan Africa
Estonia,EST,2003,99.56,Unemployment,11.29,Europe & Central Asia
Eswatini,SWZ,2003,95.57,Unemployment,26.26,Sub-Saharan Africa
Fiji,FJI,2003,99.32,Unemployment,4.74,East Asia & Pacific
Finland,FIN,2003,99.93,Unemployment,10.47,Europe & Central Asia
"Gambia, The",GMB,2003,90.63,Unemployment,9.99,Sub-Saharan Africa
Germany,DEU,2003,99.64,Unemployment,9.78,Europe & Central Asia
Ghana,GHA,2003,94.37,Unemployment,7.73,Sub-Saharan Africa
Guinea,GIN,2003,83.51,Unemployment,4.63,Sub-Saharan Africa
"Hong Kong SAR, China",HKG,2003,99.79,Unemployment,7.86,East Asia & Pacific
Hungary,HUN,2003,99.84,Unemployment,5.79,Europe & Central Asia
Iceland,ISL,2003,99.65,Unemployment,4.0,Europe & Central Asia
Indonesia,IDN,2003,83.73,Unemployment,6.66,East Asia & Pacific
"Iran, Islamic Rep.",IRN,2003,99.1,Unemployment,11.53,Middle East & North Africa
Israel,ISR,2003,99.97,Unemployment,13.5,Middle East & North Africa
Italy,ITA,2003,99.59,Unemployment,8.87,Europe & Central Asia
Jordan,JOR,2003,99.31,Unemployment,14.5,Middle East & North Africa
Kazakhstan,KAZ,2003,99.72,Unemployment,8.78,Europe & Central Asia
"Korea, Rep.",KOR,2003,98.69,Unemployment,3.35,East Asia & Pacific
Kuwait,KWT,2003,99.17,Unemployment,1.3,Middle East & North Africa
Kyrgyz Republic,KGZ,2003,99.02,Unemployment,2.55,Europe & Central Asia
Lao PDR,LAO,2003,82.21,Unemployment,1.64,East Asia & Pacific
Latvia,LVA,2003,99.71,Unemployment,12.06,Europe & Central Asia
Lebanon,LBN,2003,96.14,Unemployment,8.06,Middle East & North Africa
Lesotho,LSO,2003,73.68,Unemployment,16.06,Sub-Saharan Africa
Lithuania,LTU,2003,99.39,Unemployment,12.87,Europe & Central Asia
"Macao SAR, China",MAC,2003,98.68,Unemployment,6.0,East Asia & Pacific
Madagascar,MDG,2003,76.61,Unemployment,5.01,Sub-Saharan Africa
Mali,MLI,2003,83.13,Unemployment,1.27,Sub-Saharan Africa
Mauritius,MUS,2003,80.69,Unemployment,8.32,Sub-Saharan Africa
Mexico,MEX,2003,94.11,Unemployment,3.46,Latin America & Caribbean
Moldova,MDA,2003,98.43,Unemployment,6.38,Europe & Central Asia
Mongolia,MNG,2003,99.28,Unemployment,6.77,East Asia & Pacific
Morocco,MAR,2003,86.89,Unemployment,11.92,Middle East & North Africa
Myanmar,MMR,2003,73.21,Unemployment,0.69,East Asia & Pacific
Nepal,NPL,2003,85.61,Unemployment,10.64,South Asia
Niger,NER,2003,63.23,Unemployment,2.14,Sub-Saharan Africa
North Macedonia,MKD,2003,98.39,Unemployment,36.69,Europe & Central Asia
Norway,NOR,2003,99.8,Unemployment,4.22,Europe & Central Asia
Paraguay,PRY,2003,91.6,Unemployment,6.81,Latin America & Caribbean
Peru,PER,2003,97.79,Unemployment,4.15,Latin America & Caribbean
Philippines,PHL,2003,96.99,Unemployment,3.53,East Asia & Pacific
Poland,POL,2003,100.0,Unemployment,19.9,Europe & Central Asia
Romania,ROU,2003,99.81,Unemployment,6.95,Europe & Central Asia
Samoa,WSM,2003,97.45,Unemployment,5.04,East Asia & Pacific
Sao Tome and Principe,STP,2003,77.72,Unemployment,16.36,Sub-Saharan Africa
Senegal,SEN,2003,64.21,Unemployment,2.78,Sub-Saharan Africa
Slovak Republic,SVK,2003,99.69,Unemployment,17.55,Europe & Central Asia
South Africa,ZAF,2003,94.86,Unemployment,22.68,Sub-Saharan Africa
St. Lucia,LCA,2003,71.77,Unemployment,22.18,Latin America & Caribbean
St. Vincent and the Grenadines,VCT,2003,81.42,Unemployment,19.98,Latin America & Caribbean
Sweden,SWE,2003,99.84,Unemployment,5.56,Europe & Central Asia
Switzerland,CHE,2003,99.85,Unemployment,4.12,Europe & Central Asia
Syrian Arab Republic,SYR,2003,97.82,Unemployment,10.28,Middle East & North Africa
Tajikistan,TJK,2003,98.22,Unemployment,3.85,Europe & Central Asia
Tanzania,TZA,2003,27.99,Unemployment,3.05,Sub-Saharan Africa
Togo,TGO,2003,78.89,Unemployment,3.96,Sub-Saharan Africa
Trinidad and Tobago,TTO,2003,99.14,Unemployment,10.48,Latin America & Caribbean
Tunisia,TUN,2003,95.09,Unemployment,14.51,Middle East & North Africa
Turkiye,TUR,2003,97.64,Unemployment,10.54,Europe & Central Asia
Uganda,UGA,2003,40.49,Unemployment,3.6,Sub-Saharan Africa
United Arab Emirates,ARE,2003,98.48,Unemployment,2.9,Middle East & North Africa
Uruguay,URY,2003,82.49,Unemployment,16.66,Latin America & Caribbean
Uzbekistan,UZB,2003,99.42,Unemployment,9.22,Europe & Central Asia
"Venezuela, RB",VEN,2003,98.99,Unemployment,16.78,Latin America & Caribbean
West Bank and Gaza,PSE,2003,99.83,Unemployment,23.0,Middle East & North Africa
Algeria,DZA,2004,93.74,Unemployment,17.65,Middle East & North Africa
Argentina,ARG,2004,95.87,Unemployment,13.52,Latin America & Caribbean
Armenia,ARM,2004,99.74,Unemployment,10.68,Europe & Central Asia
Azerbaijan,AZE,2004,99.27,Unemployment,7.99,Europe & Central Asia
Bahrain,BHR,2004,99.02,Unemployment,1.06,Middle East & North Africa
Barbados,BRB,2004,99.45,Unemployment,9.57,Latin America & Caribbean
Belarus,BLR,2004,99.57,Unemployment,9.46,Europe & Central Asia
Belize,BLZ,2004,98.06,Unemployment,10.59,Latin America & Caribbean
Bhutan,BTN,2004,98.5,Unemployment,2.49,South Asia
Botswana,BWA,2004,99.03,Unemployment,21.76,Sub-Saharan Africa
Brunei Darussalam,BRN,2004,96.98,Unemployment,5.85,East Asia & Pacific
Bulgaria,BGR,2004,98.34,Unemployment,12.04,Europe & Central Asia
Burkina Faso,BFA,2004,66.83,Unemployment,3.48,Sub-Saharan Africa
Burundi,BDI,2004,58.18,Unemployment,3.18,Sub-Saharan Africa
Cabo Verde,CPV,2004,93.74,Unemployment,13.46,Sub-Saharan Africa
Cambodia,KHM,2004,84.4,Unemployment,1.0,East Asia & Pacific
Central African Republic,CAF,2004,76.44,Unemployment,5.73,Sub-Saharan Africa
Chad,TCD,2004,66.62,Unemployment,0.67,Sub-Saharan Africa
Colombia,COL,2004,99.62,Unemployment,13.72,Latin America & Caribbean
"Congo, Rep.",COG,2004,70.11,Unemployment,19.9,Sub-Saharan Africa
Costa Rica,CRI,2004,96.81,Unemployment,6.44,Latin America & Caribbean
Cuba,CUB,2004,98.67,Unemployment,1.85,Latin America & Caribbean
Cyprus,CYP,2004,99.68,Unemployment,4.77,Europe & Central Asia
Czechia,CZE,2004,99.86,Unemployment,8.3,Europe & Central Asia
Denmark,DNK,2004,99.69,Unemployment,5.2,Europe & Central Asia
Djibouti,DJI,2004,91.35,Unemployment,26.44,Middle East & North Africa
Ecuador,ECU,2004,78.59,Unemployment,5.0,Latin America & Caribbean
Eritrea,ERI,2004,93.94,Unemployment,5.7,Sub-Saharan Africa
Estonia,EST,2004,99.95,Unemployment,10.25,Europe & Central Asia
Eswatini,SWZ,2004,95.3,Unemployment,26.72,Sub-Saharan Africa
Ethiopia,ETH,2004,99.05,Unemployment,2.78,Sub-Saharan Africa
Finland,FIN,2004,99.97,Unemployment,10.36,Europe & Central Asia
"Gambia, The",GMB,2004,86.87,Unemployment,9.95,Sub-Saharan Africa
Georgia,GEO,2004,97.94,Unemployment,12.62,Europe & Central Asia
Germany,DEU,2004,99.82,Unemployment,10.73,Europe & Central Asia
Ghana,GHA,2004,97.44,Unemployment,6.76,Sub-Saharan Africa
Greece,GRC,2004,99.42,Unemployment,10.63,Europe & Central Asia
Guatemala,GTM,2004,92.75,Unemployment,2.97,Latin America & Caribbean
Guinea,GIN,2004,83.08,Unemployment,4.71,Sub-Saharan Africa
"Hong Kong SAR, China",HKG,2004,99.89,Unemployment,6.74,East Asia & Pacific
Hungary,HUN,2004,99.66,Unemployment,5.83,Europe & Central Asia
Iceland,ISL,2004,99.45,Unemployment,4.03,Europe & Central Asia
Indonesia,IDN,2004,78.59,Unemployment,7.3,East Asia & Pacific
"Iran, Islamic Rep.",IRN,2004,90.97,Unemployment,10.3,Middle East & North Africa
Israel,ISR,2004,99.6,Unemployment,13.03,Middle East & North Africa
Italy,ITA,2004,99.63,Unemployment,7.87,Europe & Central Asia
Jordan,JOR,2004,98.56,Unemployment,14.63,Middle East & North Africa
Kazakhstan,KAZ,2004,99.92,Unemployment,8.4,Europe & Central Asia
"Korea, Rep.",KOR,2004,98.93,Unemployment,3.42,East Asia & Pacific
Kuwait,KWT,2004,96.82,Unemployment,1.7,Middle East & North Africa
Kyrgyz Republic,KGZ,2004,99.08,Unemployment,2.68,Europe & Central Asia
Lao PDR,LAO,2004,81.98,Unemployment,1.5,East Asia & Pacific
Latvia,LVA,2004,99.4,Unemployment,11.71,Europe & Central Asia
Lebanon,LBN,2004,95.76,Unemployment,7.85,Middle East & North Africa
Lesotho,LSO,2004,74.31,Unemployment,16.15,Sub-Saharan Africa
Lithuania,LTU,2004,99.27,Unemployment,10.68,Europe & Central Asia
"Macao SAR, China",MAC,2004,95.78,Unemployment,4.9,East Asia & Pacific
Madagascar,MDG,2004,73.44,Unemployment,3.95,Sub-Saharan Africa
Malawi,MWI,2004,82.15,Unemployment,4.96,Sub-Saharan Africa
Malaysia,MYS,2004,99.69,Unemployment,3.54,East Asia & Pacific
Maldives,MDV,2004,92.18,Unemployment,6.15,South Asia
Mali,MLI,2004,81.33,Unemployment,1.41,Sub-Saharan Africa
Malta,MLT,2004,99.28,Unemployment,7.32,Middle East & North Africa
Mauritania,MRT,2004,54.31,Unemployment,9.77,Sub-Saharan Africa
Mauritius,MUS,2004,82.1,Unemployment,8.34,Sub-Saharan Africa
Mexico,MEX,2004,94.29,Unemployment,3.94,Latin America & Caribbean
Moldova,MDA,2004,98.76,Unemployment,6.37,Europe & Central Asia
Mozambique,MOZ,2004,59.49,Unemployment,2.95,Sub-Saharan Africa
Namibia,NAM,2004,91.59,Unemployment,22.09,Sub-Saharan Africa
Niger,NER,2004,74.49,Unemployment,2.75,Sub-Saharan Africa
North Macedonia,MKD,2004,99.56,Unemployment,37.16,Europe & Central Asia
Norway,NOR,2004,99.86,Unemployment,4.26,Europe & Central Asia
Pakistan,PAK,2004,71.83,Unemployment,0.6,Middle East & North Africa
Panama,PAN,2004,65.31,Unemployment,6.1,Latin America & Caribbean
Paraguay,PRY,2004,90.23,Unemployment,6.51,Latin America & Caribbean
Peru,PER,2004,98.36,Unemployment,4.71,Latin America & Caribbean
Philippines,PHL,2004,92.28,Unemployment,3.55,East Asia & Pacific
Poland,POL,2004,100.0,Unemployment,18.82,Europe & Central Asia
Qatar,QAT,2004,98.35,Unemployment,0.87,Middle East & North Africa
Romania,ROU,2004,99.65,Unemployment,7.72,Europe & Central Asia
Samoa,WSM,2004,98.31,Unemployment,5.16,East Asia & Pacific
Sao Tome and Principe,STP,2004,78.6,Unemployment,16.12,Sub-Saharan Africa
Senegal,SEN,2004,64.53,Unemployment,2.78,Sub-Saharan Africa
Slovak Republic,SVK,2004,99.96,Unemployment,18.21,Europe & Central Asia
St. Lucia,LCA,2004,71.03,Unemployment,20.97,Latin America & Caribbean
Switzerland,CHE,2004,99.85,Unemployment,4.32,Europe & Central Asia
Syrian Arab Republic,SYR,2004,98.46,Unemployment,9.51,Middle East & North Africa
Tajikistan,TJK,2004,97.88,Unemployment,3.45,Europe & Central Asia
Tanzania,TZA,2004,33.19,Unemployment,3.1,Sub-Saharan Africa
Togo,TGO,2004,79.82,Unemployment,3.99,Sub-Saharan Africa
Trinidad and Tobago,TTO,2004,95.77,Unemployment,8.33,Latin America & Caribbean
Tunisia,TUN,2004,95.21,Unemployment,14.23,Middle East & North Africa
Turkiye,TUR,2004,97.72,Unemployment,10.84,Europe & Central Asia
Uganda,UGA,2004,41.69,Unemployment,2.7,Sub-Saharan Africa
United Arab Emirates,ARE,2004,99.23,Unemployment,2.96,Middle East & North Africa
Uruguay,URY,2004,82.04,Unemployment,12.98,Latin America & Caribbean
Uzbekistan,UZB,2004,99.59,Unemployment,8.15,Europe & Central Asia
"Venezuela, RB",VEN,2004,99.8,Unemployment,15.07,Latin America & Caribbean
West Bank and Gaza,PSE,2004,99.24,Unemployment,23.22,Middle East & North Africa
"Yemen, Rep.",YEM,2004,87.11,Unemployment,12.13,Middle East & North Africa
Zambia,ZMB,2004,64.58,Unemployment,15.33,Sub-Saharan Africa
Algeria,DZA,2005,92.31,Unemployment,15.27,Middle East & North Africa
Argentina,ARG,2005,95.39,Unemployment,11.51,Latin America & Caribbean
Armenia,ARM,2005,99.5,Unemployment,10.58,Europe & Central Asia
Azerbaijan,AZE,2005,99.07,Unemployment,7.26,Europe & Central Asia
"Bahamas, The",BHS,2005,98.92,Unemployment,10.2,Latin America & Caribbean
Barbados,BRB,2005,98.66,Unemployment,9.08,Latin America & Caribbean
Belarus,BLR,2005,99.66,Unemployment,8.76,Europe & Central Asia
Belize,BLZ,2005,93.52,Unemployment,10.91,Latin America & Caribbean
Bhutan,BTN,2005,96.57,Unemployment,3.1,South Asia
Botswana,BWA,2005,98.52,Unemployment,19.85,Sub-Saharan Africa
Brunei Darussalam,BRN,2005,99.38,Unemployment,5.97,East Asia & Pacific
Bulgaria,BGR,2005,98.33,Unemployment,10.08,Europe & Central Asia
Burkina Faso,BFA,2005,65.41,Unemployment,4.0,Sub-Saharan Africa
Cabo Verde,CPV,2005,98.92,Unemployment,13.44,Sub-Saharan Africa
Cambodia,KHM,2005,83.46,Unemployment,1.06,East Asia & Pacific
Chad,TCD,2005,69.75,Unemployment,0.66,Sub-Saharan Africa
Colombia,COL,2005,99.54,Unemployment,11.06,Latin America & Caribbean
Costa Rica,CRI,2005,98.15,Unemployment,6.75,Latin America & Caribbean
Croatia,HRV,2005,99.96,Unemployment,12.6,Europe & Central Asia
Cuba,CUB,2005,98.64,Unemployment,1.95,Latin America & Caribbean
Cyprus,CYP,2005,99.79,Unemployment,5.48,Europe & Central Asia
Czechia,CZE,2005,99.78,Unemployment,7.93,Europe & Central Asia
Denmark,DNK,2005,99.98,Unemployment,4.83,Europe & Central Asia
Djibouti,DJI,2005,87.78,Unemployment,26.45,Middle East & North Africa
Ecuador,ECU,2005,77.9,Unemployment,3.78,Latin America & Caribbean
El Salvador,SLV,2005,95.24,Unemployment,7.22,Latin America & Caribbean
Eritrea,ERI,2005,90.75,Unemployment,5.72,Sub-Saharan Africa
Eswatini,SWZ,2005,95.55,Unemployment,27.22,Sub-Saharan Africa
Ethiopia,ETH,2005,96.58,Unemployment,2.5,Sub-Saharan Africa
Finland,FIN,2005,99.88,Unemployment,9.6,Europe & Central Asia
"Gambia, The",GMB,2005,93.37,Unemployment,9.92,Sub-Saharan Africa
Georgia,GEO,2005,99.67,Unemployment,13.81,Europe & Central Asia
Germany,DEU,2005,99.59,Unemployment,11.19,Europe & Central Asia
Ghana,GHA,2005,96.69,Unemployment,5.82,Sub-Saharan Africa
Greece,GRC,2005,99.28,Unemployment,10.07,Europe & Central Asia
Guatemala,GTM,2005,92.75,Unemployment,3.06,Latin America & Caribbean
Guinea,GIN,2005,86.61,Unemployment,4.81,Sub-Saharan Africa
Honduras,HND,2005,71.39,Unemployment,4.91,Latin America & Caribbean
"Hong Kong SAR, China",HKG,2005,99.95,Unemployment,5.58,East Asia & Pacific
Hungary,HUN,2005,99.61,Unemployment,7.19,Europe & Central Asia
Iceland,ISL,2005,99.83,Unemployment,2.55,Europe & Central Asia
Indonesia,IDN,2005,88.62,Unemployment,7.94,East Asia & Pacific
"Iran, Islamic Rep.",IRN,2005,89.0,Unemployment,11.81,Middle East & North Africa
Israel,ISR,2005,99.81,Unemployment,11.34,Middle East & North Africa
Italy,ITA,2005,99.36,Unemployment,7.73,Europe & Central Asia
Jordan,JOR,2005,98.39,Unemployment,14.8,Middle East & North Africa
Kazakhstan,KAZ,2005,99.98,Unemployment,8.13,Europe & Central Asia
"Korea, Rep.",KOR,2005,98.95,Unemployment,3.48,East Asia & Pacific
Kyrgyz Republic,KGZ,2005,99.96,Unemployment,2.82,Europe & Central Asia
Lao PDR,LAO,2005,80.55,Unemployment,1.35,East Asia & Pacific
Latvia,LVA,2005,99.14,Unemployment,10.03,Europe & Central Asia
Lebanon,LBN,2005,96.32,Unemployment,8.25,Middle East & North Africa
Lesotho,LSO,2005,82.16,Unemployment,16.03,Sub-Saharan Africa
Lithuania,LTU,2005,98.72,Unemployment,8.32,Europe & Central Asia
"Macao SAR, China",MAC,2005,96.79,Unemployment,4.16,East Asia & Pacific
Madagascar,MDG,2005,70.36,Unemployment,2.62,Sub-Saharan Africa
Malawi,MWI,2005,83.64,Unemployment,4.93,Sub-Saharan Africa
Malaysia,MYS,2005,98.84,Unemployment,3.53,East Asia & Pacific
Maldives,MDV,2005,95.0,Unemployment,7.31,South Asia
Mali,MLI,2005,79.68,Unemployment,1.37,Sub-Saharan Africa
Malta,MLT,2005,93.9,Unemployment,6.92,Middle East & North Africa
Mauritania,MRT,2005,58.71,Unemployment,9.59,Sub-Saharan Africa
Mauritius,MUS,2005,83.48,Unemployment,9.52,Sub-Saharan Africa
Mexico,MEX,2005,94.34,Unemployment,3.56,Latin America & Caribbean
Moldova,MDA,2005,98.64,Unemployment,5.63,Europe & Central Asia
Morocco,MAR,2005,85.13,Unemployment,11.01,Middle East & North Africa
Mozambique,MOZ,2005,60.06,Unemployment,3.04,Sub-Saharan Africa
Myanmar,MMR,2005,73.97,Unemployment,0.67,East Asia & Pacific
Namibia,NAM,2005,89.8,Unemployment,22.11,Sub-Saharan Africa
Niger,NER,2005,72.35,Unemployment,3.1,Sub-Saharan Africa
North Macedonia,MKD,2005,98.91,Unemployment,37.32,Europe & Central Asia
Norway,NOR,2005,99.68,Unemployment,4.38,Europe & Central Asia
Pakistan,PAK,2005,73.26,Unemployment,0.58,Middle East & North Africa
Panama,PAN,2005,94.74,Unemployment,5.97,Latin America & Caribbean
Peru,PER,2005,98.05,Unemployment,4.87,Latin America & Caribbean
Philippines,PHL,2005,98.76,Unemployment,3.8,East Asia & Pacific
Poland,POL,2005,100.0,Unemployment,17.59,Europe & Central Asia
Qatar,QAT,2005,98.59,Unemployment,0.87,Middle East & North Africa
Romania,ROU,2005,99.59,Unemployment,7.17,Europe & Central Asia
Samoa,WSM,2005,97.67,Unemployment,5.21,East Asia & Pacific
Senegal,SEN,2005,64.55,Unemployment,2.68,Sub-Saharan Africa
Slovak Republic,SVK,2005,99.49,Unemployment,16.28,Europe & Central Asia
Sri Lanka,LKA,2005,99.29,Unemployment,7.67,South Asia
Sweden,SWE,2005,99.95,Unemployment,7.81,Europe & Central Asia
Switzerland,CHE,2005,99.73,Unemployment,4.44,Europe & Central Asia
Syrian Arab Republic,SYR,2005,98.57,Unemployment,8.81,Middle East & North Africa
Tajikistan,TJK,2005,98.31,Unemployment,3.45,Europe & Central Asia
Togo,TGO,2005,79.61,Unemployment,4.15,Sub-Saharan Africa
Tonga,TON,2005,93.92,Unemployment,2.54,East Asia & Pacific
Turkiye,TUR,2005,98.39,Unemployment,10.64,Europe & Central Asia
Ukraine,UKR,2005,99.71,Unemployment,7.18,Europe & Central Asia
United Arab Emirates,ARE,2005,99.88,Unemployment,3.12,Middle East & North Africa
Uruguay,URY,2005,82.88,Unemployment,12.01,Latin America & Caribbean
Uzbekistan,UZB,2005,99.79,Unemployment,7.09,Europe & Central Asia
"Venezuela, RB",VEN,2005,99.58,Unemployment,10.66,Latin America & Caribbean
Zambia,ZMB,2005,61.65,Unemployment,15.9,Sub-Saharan Africa
Albania,ALB,2006,98.39,Unemployment,15.63,Europe & Central Asia
Algeria,DZA,2006,93.24,Unemployment,12.27,Middle East & North Africa
Argentina,ARG,2006,94.96,Unemployment,10.08,Latin America & Caribbean
Armenia,ARM,2006,99.32,Unemployment,10.5,Europe & Central Asia
Azerbaijan,AZE,2006,99.08,Unemployment,6.62,Europe & Central Asia
"Bahamas, The",BHS,2006,99.3,Unemployment,7.54,Latin America & Caribbean
Barbados,BRB,2006,98.32,Unemployment,8.73,Latin America & Caribbean
Belarus,BLR,2006,99.94,Unemployment,8.07,Europe & Central Asia
Belize,BLZ,2006,94.93,Unemployment,9.39,Latin America & Caribbean
Bhutan,BTN,2006,97.85,Unemployment,3.13,South Asia
Botswana,BWA,2006,97.66,Unemployment,17.78,Sub-Saharan Africa
Brunei Darussalam,BRN,2006,99.18,Unemployment,6.06,East Asia & Pacific
Bulgaria,BGR,2006,97.72,Unemployment,8.95,Europe & Central Asia
Burkina Faso,BFA,2006,66.92,Unemployment,3.67,Sub-Saharan Africa
Cabo Verde,CPV,2006,92.81,Unemployment,13.38,Sub-Saharan Africa
Cambodia,KHM,2006,81.57,Unemployment,1.16,East Asia & Pacific
Cameroon,CMR,2006,44.92,Unemployment,3.73,Sub-Saharan Africa
Colombia,COL,2006,99.8,Unemployment,11.09,Latin America & Caribbean
Costa Rica,CRI,2006,96.71,Unemployment,5.93,Latin America & Caribbean
Cote d'Ivoire,CIV,2006,70.73,Unemployment,6.02,Sub-Saharan Africa
Croatia,HRV,2006,99.58,Unemployment,11.13,Europe & Central Asia
Cuba,CUB,2006,98.49,Unemployment,1.91,Latin America & Caribbean
Cyprus,CYP,2006,99.15,Unemployment,4.59,Europe & Central Asia
Czechia,CZE,2006,99.27,Unemployment,7.14,Europe & Central Asia
Denmark,DNK,2006,96.76,Unemployment,3.9,Europe & Central Asia
Dominican Republic,DOM,2006,98.83,Unemployment,5.65,Latin America & Caribbean
Ecuador,ECU,2006,79.1,Unemployment,3.55,Latin America & Caribbean
El Salvador,SLV,2006,95.01,Unemployment,6.57,Latin America & Caribbean
Eritrea,ERI,2006,85.27,Unemployment,5.71,Sub-Saharan Africa
Ethiopia,ETH,2006,95.47,Unemployment,2.34,Sub-Saharan Africa
Finland,FIN,2006,99.91,Unemployment,8.94,Europe & Central Asia
"Gambia, The",GMB,2006,96.76,Unemployment,10.24,Sub-Saharan Africa
Georgia,GEO,2006,100.0,Unemployment,13.57,Europe & Central Asia
Germany,DEU,2006,99.32,Unemployment,10.28,Europe & Central Asia
Greece,GRC,2006,97.15,Unemployment,8.91,Europe & Central Asia
Guatemala,GTM,2006,93.28,Unemployment,2.96,Latin America & Caribbean
Guinea,GIN,2006,80.51,Unemployment,4.86,Sub-Saharan Africa
"Hong Kong SAR, China",HKG,2006,99.84,Unemployment,4.77,East Asia & Pacific
Hungary,HUN,2006,99.62,Unemployment,7.49,Europe & Central Asia
Iceland,ISL,2006,99.77,Unemployment,2.83,Europe & Central Asia
Indonesia,IDN,2006,98.94,Unemployment,7.55,East Asia & Pacific
"Iran, Islamic Rep.",IRN,2006,96.12,Unemployment,11.52,Middle East & North Africa
Israel,ISR,2006,99.83,Unemployment,10.71,Middle East & North Africa
Italy,ITA,2006,99.68,Unemployment,6.78,Europe & Central Asia
Jordan,JOR,2006,99.67,Unemployment,14.0,Middle East & North Africa
Kazakhstan,KAZ,2006,99.99,Unemployment,7.79,Europe & Central Asia
"Korea, Rep.",KOR,2006,98.86,Unemployment,3.25,East Asia & Pacific
Kyrgyz Republic,KGZ,2006,99.01,Unemployment,2.96,Europe & Central Asia
Lao PDR,LAO,2006,81.04,Unemployment,1.2,East Asia & Pacific
Lebanon,LBN,2006,96.91,Unemployment,8.68,Middle East & North Africa
Lesotho,LSO,2006,76.25,Unemployment,16.05,Sub-Saharan Africa
Lithuania,LTU,2006,99.22,Unemployment,5.78,Europe & Central Asia
"Macao SAR, China",MAC,2006,99.7,Unemployment,3.82,East Asia & Pacific
Madagascar,MDG,2006,75.01,Unemployment,2.94,Sub-Saharan Africa
Malawi,MWI,2006,84.89,Unemployment,4.95,Sub-Saharan Africa
Malaysia,MYS,2006,97.71,Unemployment,3.32,East Asia & Pacific
Mali,MLI,2006,86.33,Unemployment,1.4,Sub-Saharan Africa
Malta,MLT,2006,97.58,Unemployment,6.8,Middle East & North Africa
Mauritania,MRT,2006,60.79,Unemployment,9.31,Sub-Saharan Africa
Mauritius,MUS,2006,86.32,Unemployment,9.04,Sub-Saharan Africa
Mexico,MEX,2006,94.7,Unemployment,3.57,Latin America & Caribbean
Moldova,MDA,2006,98.93,Unemployment,4.26,Europe & Central Asia
Morocco,MAR,2006,86.57,Unemployment,9.67,Middle East & North Africa
Mozambique,MOZ,2006,65.69,Unemployment,3.04,Sub-Saharan Africa
Myanmar,MMR,2006,72.84,Unemployment,0.68,East Asia & Pacific
Niger,NER,2006,52.62,Unemployment,2.53,Sub-Saharan Africa
North Macedonia,MKD,2006,99.52,Unemployment,36.39,Europe & Central Asia
Norway,NOR,2006,99.64,Unemployment,3.4,Europe & Central Asia
Pakistan,PAK,2006,78.72,Unemployment,0.58,Middle East & North Africa
Panama,PAN,2006,98.88,Unemployment,5.79,Latin America & Caribbean
Paraguay,PRY,2006,88.37,Unemployment,5.28,Latin America & Caribbean
Peru,PER,2006,97.96,Unemployment,4.17,Latin America & Caribbean
Philippines,PHL,2006,98.05,Unemployment,4.05,East Asia & Pacific
Poland,POL,2006,100.0,Unemployment,13.79,Europe & Central Asia
Qatar,QAT,2006,98.85,Unemployment,0.87,Middle East & North Africa
Samoa,WSM,2006,98.2,Unemployment,5.32,East Asia & Pacific
Senegal,SEN,2006,78.61,Unemployment,2.76,Sub-Saharan Africa
Serbia,SRB,2006,99.57,Unemployment,20.85,Europe & Central Asia
Slovak Republic,SVK,2006,99.34,Unemployment,13.4,Europe & Central Asia
Sri Lanka,LKA,2006,99.45,Unemployment,6.5,South Asia
Suriname,SUR,2006,55.0,Unemployment,9.14,Latin America & Caribbean
Sweden,SWE,2006,99.91,Unemployment,7.07,Europe & Central Asia
Switzerland,CHE,2006,99.77,Unemployment,4.0,Europe & Central Asia
Syrian Arab Republic,SYR,2006,98.35,Unemployment,8.17,Middle East & North Africa
Tajikistan,TJK,2006,98.15,Unemployment,3.65,Europe & Central Asia
Turkiye,TUR,2006,98.91,Unemployment,10.23,Europe & Central Asia
Uganda,UGA,2006,64.49,Unemployment,2.26,Sub-Saharan Africa
Ukraine,UKR,2006,99.76,Unemployment,6.81,Europe & Central Asia
United Arab Emirates,ARE,2006,99.63,Unemployment,2.96,Middle East & North Africa
Uruguay,URY,2006,78.53,Unemployment,10.84,Latin America & Caribbean
Uzbekistan,UZB,2006,99.81,Unemployment,6.04,Europe & Central Asia
"Venezuela, RB",VEN,2006,99.25,Unemployment,8.61,Latin America & Caribbean
West Bank and Gaza,PSE,2006,99.37,Unemployment,19.01,Middle East & North Africa
Zambia,ZMB,2006,66.57,Unemployment,13.23,Sub-Saharan Africa
Albania,ALB,2007,98.22,Unemployment,15.97,Europe & Central Asia
Algeria,DZA,2007,96.58,Unemployment,13.79,Middle East & North Africa
Argentina,ARG,2007,95.16,Unemployment,8.47,Latin America & Caribbean
Armenia,ARM,2007,99.25,Unemployment,10.39,Europe & Central Asia
Azerbaijan,AZE,2007,99.58,Unemployment,6.33,Europe & Central Asia
"Bahamas, The",BHS,2007,99.79,Unemployment,7.88,Latin America & Caribbean
Barbados,BRB,2007,99.08,Unemployment,7.41,Latin America & Caribbean
Belarus,BLR,2007,98.7,Unemployment,7.41,Europe & Central Asia
Belize,BLZ,2007,96.38,Unemployment,8.51,Latin America & Caribbean
Bhutan,BTN,2007,98.25,Unemployment,3.7,South Asia
Botswana,BWA,2007,98.57,Unemployment,16.98,Sub-Saharan Africa
Brunei Darussalam,BRN,2007,99.66,Unemployment,6.19,East Asia & Pacific
Bulgaria,BGR,2007,97.31,Unemployment,6.88,Europe & Central Asia
Burkina Faso,BFA,2007,73.63,Unemployment,3.3,Sub-Saharan Africa
Burundi,BDI,2007,66.17,Unemployment,2.4,Sub-Saharan Africa
Cabo Verde,CPV,2007,94.28,Unemployment,13.29,Sub-Saharan Africa
Cambodia,KHM,2007,81.44,Unemployment,1.26,East Asia & Pacific
Cameroon,CMR,2007,59.51,Unemployment,3.06,Sub-Saharan Africa
Colombia,COL,2007,99.58,Unemployment,11.2,Latin America & Caribbean
"Congo, Dem. Rep.",COD,2007,89.04,Unemployment,3.4,Sub-Saharan Africa
"Congo, Rep.",COG,2007,70.06,Unemployment,19.91,Sub-Saharan Africa
Costa Rica,CRI,2007,96.93,Unemployment,4.56,Latin America & Caribbean
Croatia,HRV,2007,99.43,Unemployment,9.91,Europe & Central Asia
Cuba,CUB,2007,98.48,Unemployment,1.79,Latin America & Caribbean
Cyprus,CYP,2007,99.91,Unemployment,3.95,Europe & Central Asia
Czechia,CZE,2007,99.25,Unemployment,5.32,Europe & Central Asia
Denmark,DNK,2007,96.28,Unemployment,3.8,Europe & Central Asia
El Salvador,SLV,2007,95.18,Unemployment,6.41,Latin America & Caribbean
Eritrea,ERI,2007,92.53,Unemployment,5.72,Sub-Saharan Africa
Estonia,EST,2007,99.44,Unemployment,4.59,Europe & Central Asia
Ethiopia,ETH,2007,92.93,Unemployment,2.34,Sub-Saharan Africa
Fiji,FJI,2007,99.98,Unemployment,4.11,East Asia & Pacific
Finland,FIN,2007,99.98,Unemployment,6.85,Europe & Central Asia
"Gambia, The",GMB,2007,85.4,Unemployment,10.42,Sub-Saharan Africa
Georgia,GEO,2007,99.7,Unemployment,13.28,Europe & Central Asia
Germany,DEU,2007,99.54,Unemployment,8.73,Europe & Central Asia
Ghana,GHA,2007,99.93,Unemployment,5.1,Sub-Saharan Africa
Guatemala,GTM,2007,92.87,Unemployment,2.85,Latin America & Caribbean
Guyana,GUY,2007,93.63,Unemployment,10.84,Latin America & Caribbean
"Hong Kong SAR, China",HKG,2007,99.97,Unemployment,4.01,East Asia & Pacific
Hungary,HUN,2007,99.84,Unemployment,7.41,Europe & Central Asia
Iceland,ISL,2007,99.83,Unemployment,2.25,Europe & Central Asia
Indonesia,IDN,2007,91.55,Unemployment,8.06,East Asia & Pacific
"Iran, Islamic Rep.",IRN,2007,97.78,Unemployment,10.77,Middle East & North Africa
Israel,ISR,2007,99.98,Unemployment,9.38,Middle East & North Africa
Italy,ITA,2007,99.96,Unemployment,6.08,Europe & Central Asia
Jordan,JOR,2007,99.99,Unemployment,13.1,Middle East & North Africa
Kazakhstan,KAZ,2007,99.97,Unemployment,7.26,Europe & Central Asia
"Korea, Rep.",KOR,2007,99.92,Unemployment,3.01,East Asia & Pacific
Kyrgyz Republic,KGZ,2007,99.85,Unemployment,3.09,Europe & Central Asia
Lao PDR,LAO,2007,81.73,Unemployment,1.07,East Asia & Pacific
Latvia,LVA,2007,98.47,Unemployment,6.05,Europe & Central Asia
Lebanon,LBN,2007,94.81,Unemployment,8.98,Middle East & North Africa
Lesotho,LSO,2007,80.42,Unemployment,15.94,Sub-Saharan Africa
Lithuania,LTU,2007,99.05,Unemployment,4.25,Europe & Central Asia
"Macao SAR, China",MAC,2007,98.22,Unemployment,3.27,East Asia & Pacific
Madagascar,MDG,2007,75.09,Unemployment,3.2,Sub-Saharan Africa
Malawi,MWI,2007,89.24,Unemployment,4.88,Sub-Saharan Africa
Malaysia,MYS,2007,97.84,Unemployment,3.31,East Asia & Pacific
Maldives,MDV,2007,98.53,Unemployment,9.42,South Asia
Mali,MLI,2007,83.16,Unemployment,1.37,Sub-Saharan Africa
Malta,MLT,2007,99.79,Unemployment,6.47,Middle East & North Africa
Mauritius,MUS,2007,85.49,Unemployment,8.48,Sub-Saharan Africa
Mexico,MEX,2007,94.25,Unemployment,3.63,Latin America & Caribbean
Moldova,MDA,2007,98.38,Unemployment,2.75,Europe & Central Asia
Morocco,MAR,2007,85.38,Unemployment,9.56,Middle East & North Africa
Mozambique,MOZ,2007,64.05,Unemployment,3.08,Sub-Saharan Africa
Namibia,NAM,2007,92.39,Unemployment,22.12,Sub-Saharan Africa
Nepal,NPL,2007,87.93,Unemployment,10.64,South Asia
Niger,NER,2007,59.59,Unemployment,2.02,Sub-Saharan Africa
North Macedonia,MKD,2007,99.4,Unemployment,35.23,Europe & Central Asia
Norway,NOR,2007,99.95,Unemployment,2.49,Europe & Central Asia
Pakistan,PAK,2007,74.97,Unemployment,0.4,Middle East & North Africa
Panama,PAN,2007,99.84,Unemployment,5.66,Latin America & Caribbean
Paraguay,PRY,2007,89.29,Unemployment,4.71,Latin America & Caribbean
Peru,PER,2007,96.39,Unemployment,4.08,Latin America & Caribbean
Philippines,PHL,2007,99.06,Unemployment,3.43,East Asia & Pacific
Qatar,QAT,2007,99.89,Unemployment,0.52,Middle East & North Africa
Russian Federation,RUS,2007,100.0,Unemployment,6.0,Europe & Central Asia
Sao Tome and Principe,STP,2007,75.85,Unemployment,16.02,Sub-Saharan Africa
Saudi Arabia,SAU,2007,94.79,Unemployment,5.73,Middle East & North Africa
Senegal,SEN,2007,75.03,Unemployment,2.8,Sub-Saharan Africa
Serbia,SRB,2007,99.79,Unemployment,18.06,Europe & Central Asia
Singapore,SGP,2007,92.93,Unemployment,3.9,East Asia & Pacific
Slovak Republic,SVK,2007,99.39,Unemployment,11.16,Europe & Central Asia
St. Lucia,LCA,2007,97.9,Unemployment,14.0,Latin America & Caribbean
St. Vincent and the Grenadines,VCT,2007,98.22,Unemployment,18.93,Latin America & Caribbean
Suriname,SUR,2007,67.85,Unemployment,9.02,Latin America & Caribbean
Sweden,SWE,2007,99.91,Unemployment,6.16,Europe & Central Asia
Switzerland,CHE,2007,99.61,Unemployment,3.64,Europe & Central Asia
Syrian Arab Republic,SYR,2007,98.65,Unemployment,8.42,Middle East & North Africa
Tajikistan,TJK,2007,98.72,Unemployment,2.87,Europe & Central Asia
Togo,TGO,2007,78.11,Unemployment,3.82,Sub-Saharan Africa
Trinidad and Tobago,TTO,2007,97.55,Unemployment,5.54,Latin America & Caribbean
Tunisia,TUN,2007,94.08,Unemployment,12.36,Middle East & North Africa
Turkiye,TUR,2007,98.52,Unemployment,10.28,Europe & Central Asia
Uganda,UGA,2007,66.43,Unemployment,2.67,Sub-Saharan Africa
Ukraine,UKR,2007,99.62,Unemployment,6.35,Europe & Central Asia
Uruguay,URY,2007,88.42,Unemployment,9.4,Latin America & Caribbean
Uzbekistan,UZB,2007,99.94,Unemployment,4.99,Europe & Central Asia
"Venezuela, RB",VEN,2007,95.97,Unemployment,7.28,Latin America & Caribbean
West Bank and Gaza,PSE,2007,99.74,Unemployment,18.28,Middle East & North Africa
Zambia,ZMB,2007,78.99,Unemployment,10.56,Sub-Saharan Africa
Albania,ALB,2008,99.22,Unemployment,13.06,Europe & Central Asia
Angola,AGO,2008,40.82,Unemployment,16.15,Sub-Saharan Africa
Argentina,ARG,2008,95.31,Unemployment,7.84,Latin America & Caribbean
Azerbaijan,AZE,2008,99.19,Unemployment,5.86,Europe & Central Asia
Barbados,BRB,2008,99.01,Unemployment,8.12,Latin America & Caribbean
Belarus,BLR,2008,99.07,Unemployment,6.73,Europe & Central Asia
Belize,BLZ,2008,96.39,Unemployment,8.18,Latin America & Caribbean
Bhutan,BTN,2008,98.17,Unemployment,3.85,South Asia
Brunei Darussalam,BRN,2008,99.49,Unemployment,6.31,East Asia & Pacific
Bulgaria,BGR,2008,97.92,Unemployment,5.61,Europe & Central Asia
Burkina Faso,BFA,2008,73.19,Unemployment,3.5,Sub-Saharan Africa
Burundi,BDI,2008,62.71,Unemployment,1.63,Sub-Saharan Africa
Cabo Verde,CPV,2008,93.46,Unemployment,13.31,Sub-Saharan Africa
Cameroon,CMR,2008,51.29,Unemployment,3.39,Sub-Saharan Africa
Central African Republic,CAF,2008,62.54,Unemployment,5.51,Sub-Saharan Africa
China,CHN,2008,99.36,Unemployment,4.59,East Asia & Pacific
Colombia,COL,2008,99.66,Unemployment,11.27,Latin America & Caribbean
"Congo, Rep.",COG,2008,71.22,Unemployment,19.96,Sub-Saharan Africa
Costa Rica,CRI,2008,94.57,Unemployment,4.93,Latin America & Caribbean
Cote d'Ivoire,CIV,2008,68.76,Unemployment,6.38,Sub-Saharan Africa
Croatia,HRV,2008,99.39,Unemployment,8.53,Europe & Central Asia
Cuba,CUB,2008,98.6,Unemployment,1.58,Latin America & Caribbean
Cyprus,CYP,2008,99.99,Unemployment,3.76,Europe & Central Asia
Czechia,CZE,2008,99.73,Unemployment,4.39,Europe & Central Asia
Denmark,DNK,2008,99.79,Unemployment,3.68,Europe & Central Asia
Dominican Republic,DOM,2008,95.3,Unemployment,4.76,Latin America & Caribbean
Ecuador,ECU,2008,97.17,Unemployment,3.92,Latin America & Caribbean
El Salvador,SLV,2008,97.29,Unemployment,5.88,Latin America & Caribbean
Eritrea,ERI,2008,92.23,Unemployment,5.68,Sub-Saharan Africa
Estonia,EST,2008,99.43,Unemployment,5.46,Europe & Central Asia
Ethiopia,ETH,2008,90.64,Unemployment,2.33,Sub-Saharan Africa
Fiji,FJI,2008,96.3,Unemployment,4.19,East Asia & Pacific
Finland,FIN,2008,99.88,Unemployment,6.37,Europe & Central Asia
Georgia,GEO,2008,98.87,Unemployment,17.87,Europe & Central Asia
Ghana,GHA,2008,95.75,Unemployment,5.14,Sub-Saharan Africa
Guatemala,GTM,2008,98.75,Unemployment,2.9,Latin America & Caribbean
Guinea,GIN,2008,58.76,Unemployment,4.8,Sub-Saharan Africa
Guyana,GUY,2008,93.9,Unemployment,11.02,Latin America & Caribbean
"Hong Kong SAR, China",HKG,2008,99.86,Unemployment,3.56,East Asia & Pacific
Hungary,HUN,2008,99.66,Unemployment,7.82,Europe & Central Asia
Iceland,ISL,2008,99.78,Unemployment,2.95,Europe & Central Asia
Indonesia,IDN,2008,92.05,Unemployment,7.21,East Asia & Pacific
"Iran, Islamic Rep.",IRN,2008,99.37,Unemployment,10.63,Middle East & North Africa
Israel,ISR,2008,99.99,Unemployment,7.7,Middle East & North Africa
Italy,ITA,2008,99.94,Unemployment,6.72,Europe & Central Asia
Jamaica,JAM,2008,98.0,Unemployment,6.67,Latin America & Caribbean
Kazakhstan,KAZ,2008,99.84,Unemployment,6.63,Europe & Central Asia
"Korea, Rep.",KOR,2008,99.99,Unemployment,2.96,East Asia & Pacific
Kyrgyz Republic,KGZ,2008,99.6,Unemployment,3.21,Europe & Central Asia
Lao PDR,LAO,2008,82.71,Unemployment,0.94,East Asia & Pacific
Latvia,LVA,2008,99.23,Unemployment,7.74,Europe & Central Asia
Lebanon,LBN,2008,95.06,Unemployment,7.67,Middle East & North Africa
Lesotho,LSO,2008,84.73,Unemployment,15.85,Sub-Saharan Africa
Liberia,LBR,2008,80.73,Unemployment,2.22,Sub-Saharan Africa
Lithuania,LTU,2008,99.33,Unemployment,5.83,Europe & Central Asia
"Macao SAR, China",MAC,2008,99.11,Unemployment,3.0,East Asia & Pacific
Madagascar,MDG,2008,73.3,Unemployment,3.43,Sub-Saharan Africa
Malawi,MWI,2008,84.14,Unemployment,4.8,Sub-Saharan Africa
Malaysia,MYS,2008,96.32,Unemployment,3.34,East Asia & Pacific
Maldives,MDV,2008,96.24,Unemployment,10.36,South Asia
Mali,MLI,2008,84.8,Unemployment,1.38,Sub-Saharan Africa
Mauritania,MRT,2008,39.31,Unemployment,9.72,Sub-Saharan Africa
Mauritius,MUS,2008,84.74,Unemployment,7.17,Sub-Saharan Africa
Mexico,MEX,2008,94.87,Unemployment,3.87,Latin America & Caribbean
Moldova,MDA,2008,98.15,Unemployment,2.1,Europe & Central Asia
Morocco,MAR,2008,87.05,Unemployment,9.57,Middle East & North Africa
Mozambique,MOZ,2008,60.24,Unemployment,3.11,Sub-Saharan Africa
Namibia,NAM,2008,93.9,Unemployment,22.0,Sub-Saharan Africa
Niger,NER,2008,58.72,Unemployment,1.58,Sub-Saharan Africa
North Macedonia,MKD,2008,98.68,Unemployment,33.93,Europe & Central Asia
Norway,NOR,2008,99.77,Unemployment,2.52,Europe & Central Asia
Pakistan,PAK,2008,74.95,Unemployment,0.42,Middle East & North Africa
Panama,PAN,2008,98.05,Unemployment,5.64,Latin America & Caribbean
Paraguay,PRY,2008,90.13,Unemployment,4.42,Latin America & Caribbean
Peru,PER,2008,97.63,Unemployment,4.03,Latin America & Caribbean
Philippines,PHL,2008,98.89,Unemployment,3.72,East Asia & Pacific
Poland,POL,2008,99.36,Unemployment,7.07,Europe & Central Asia
Qatar,QAT,2008,99.61,Unemployment,0.31,Middle East & North Africa
Romania,ROU,2008,99.43,Unemployment,5.79,Europe & Central Asia
Russian Federation,RUS,2008,100.0,Unemployment,6.2,Europe & Central Asia
Sao Tome and Principe,STP,2008,75.36,Unemployment,15.42,Sub-Saharan Africa
Senegal,SEN,2008,71.83,Unemployment,2.82,Sub-Saharan Africa
Serbia,SRB,2008,99.36,Unemployment,13.67,Europe & Central Asia
Singapore,SGP,2008,90.83,Unemployment,3.96,East Asia & Pacific
Slovak Republic,SVK,2008,99.39,Unemployment,9.51,Europe & Central Asia
Slovenia,SVN,2008,99.43,Unemployment,4.37,Europe & Central Asia
Spain,ESP,2008,99.8,Unemployment,11.25,Europe & Central Asia
Sri Lanka,LKA,2008,97.35,Unemployment,5.22,South Asia
St. Lucia,LCA,2008,97.6,Unemployment,12.72,Latin America & Caribbean
Suriname,SUR,2008,56.42,Unemployment,8.85,Latin America & Caribbean
Sweden,SWE,2008,99.78,Unemployment,6.24,Europe & Central Asia
Switzerland,CHE,2008,99.68,Unemployment,3.35,Europe & Central Asia
Syrian Arab Republic,SYR,2008,97.68,Unemployment,10.94,Middle East & North Africa
Tajikistan,TJK,2008,98.57,Unemployment,4.94,Europe & Central Asia
Tanzania,TZA,2008,47.56,Unemployment,2.78,Sub-Saharan Africa
Timor-Leste,TLS,2008,89.65,Unemployment,3.43,East Asia & Pacific
Trinidad and Tobago,TTO,2008,94.33,Unemployment,4.63,Latin America & Caribbean
Tunisia,TUN,2008,94.44,Unemployment,12.44,Middle East & North Africa
Turkiye,TUR,2008,98.22,Unemployment,10.96,Europe & Central Asia
Uganda,UGA,2008,63.43,Unemployment,3.04,Sub-Saharan Africa
Ukraine,UKR,2008,99.77,Unemployment,6.36,Europe & Central Asia
Uruguay,URY,2008,82.26,Unemployment,8.02,Latin America & Caribbean
Uzbekistan,UZB,2008,99.48,Unemployment,4.89,Europe & Central Asia
"Venezuela, RB",VEN,2008,97.81,Unemployment,6.24,Latin America & Caribbean
West Bank and Gaza,PSE,2008,97.11,Unemployment,22.91,Middle East & North Africa
Zambia,ZMB,2008,74.52,Unemployment,7.93,Sub-Saharan Africa
Albania,ALB,2009,98.09,Unemployment,13.67,Europe & Central Asia
Algeria,DZA,2009,98.91,Unemployment,10.16,Middle East & North Africa
Argentina,ARG,2009,95.88,Unemployment,8.64,Latin America & Caribbean
Azerbaijan,AZE,2009,98.55,Unemployment,5.74,Europe & Central Asia
"Bahamas, The",BHS,2009,99.02,Unemployment,14.25,Latin America & Caribbean
Belarus,BLR,2009,98.55,Unemployment,6.1,Europe & Central Asia
Belize,BLZ,2009,96.27,Unemployment,8.32,Latin America & Caribbean
Bhutan,BTN,2009,98.61,Unemployment,3.96,South Asia
Bolivia,BOL,2009,95.04,Unemployment,2.97,Latin America & Caribbean
Bosnia and Herzegovina,BIH,2009,83.67,Unemployment,24.07,Europe & Central Asia
Brunei Darussalam,BRN,2009,99.63,Unemployment,6.46,East Asia & Pacific
Bulgaria,BGR,2009,98.81,Unemployment,6.82,Europe & Central Asia
Burkina Faso,BFA,2009,74.86,Unemployment,3.72,Sub-Saharan Africa
Burundi,BDI,2009,69.99,Unemployment,1.62,Sub-Saharan Africa
Cabo Verde,CPV,2009,96.44,Unemployment,13.52,Sub-Saharan Africa
Cambodia,KHM,2009,82.6,Unemployment,0.58,East Asia & Pacific
Chad,TCD,2009,91.37,Unemployment,0.94,Sub-Saharan Africa
Colombia,COL,2009,98.26,Unemployment,12.07,Latin America & Caribbean
"Congo, Rep.",COG,2009,75.8,Unemployment,19.84,Sub-Saharan Africa
Costa Rica,CRI,2009,92.03,Unemployment,7.82,Latin America & Caribbean
Croatia,HRV,2009,99.7,Unemployment,9.2,Europe & Central Asia
Cuba,CUB,2009,98.92,Unemployment,1.67,Latin America & Caribbean
Cyprus,CYP,2009,99.9,Unemployment,5.59,Europe & Central Asia
Czechia,CZE,2009,99.36,Unemployment,6.66,Europe & Central Asia
Denmark,DNK,2009,99.92,Unemployment,6.41,Europe & Central Asia
Dominican Republic,DOM,2009,91.06,Unemployment,5.47,Latin America & Caribbean
Ecuador,ECU,2009,97.0,Unemployment,4.61,Latin America & Caribbean
El Salvador,SLV,2009,98.31,Unemployment,7.33,Latin America & Caribbean
Eritrea,ERI,2009,90.5,Unemployment,5.76,Sub-Saharan Africa
Estonia,EST,2009,99.83,Unemployment,13.55,Europe & Central Asia
Eswatini,SWZ,2009,97.73,Unemployment,27.49,Sub-Saharan Africa
Ethiopia,ETH,2009,92.64,Unemployment,2.33,Sub-Saharan Africa
Finland,FIN,2009,99.94,Unemployment,8.25,Europe & Central Asia
Georgia,GEO,2009,99.77,Unemployment,20.71,Europe & Central Asia
Guatemala,GTM,2009,95.98,Unemployment,3.22,Latin America & Caribbean
Guinea,GIN,2009,76.83,Unemployment,4.91,Sub-Saharan Africa
Guyana,GUY,2009,95.21,Unemployment,11.31,Latin America & Caribbean
Hungary,HUN,2009,99.82,Unemployment,10.03,Europe & Central Asia
Iceland,ISL,2009,99.93,Unemployment,7.22,Europe & Central Asia
Indonesia,IDN,2009,89.84,Unemployment,6.11,East Asia & Pacific
"Iran, Islamic Rep.",IRN,2009,96.43,Unemployment,12.11,Middle East & North Africa
Israel,ISR,2009,99.99,Unemployment,9.53,Middle East & North Africa
Italy,ITA,2009,99.94,Unemployment,7.75,Europe & Central Asia
Jamaica,JAM,2009,99.35,Unemployment,7.31,Latin America & Caribbean
Kazakhstan,KAZ,2009,99.83,Unemployment,6.55,Europe & Central Asia
Kuwait,KWT,2009,99.74,Unemployment,1.64,Middle East & North Africa
Kyrgyz Republic,KGZ,2009,99.33,Unemployment,3.34,Europe & Central Asia
Lao PDR,LAO,2009,82.65,Unemployment,0.84,East Asia & Pacific
Latvia,LVA,2009,98.8,Unemployment,17.52,Europe & Central Asia
Lebanon,LBN,2009,97.06,Unemployment,6.36,Middle East & North Africa
Lesotho,LSO,2009,87.7,Unemployment,16.11,Sub-Saharan Africa
Lithuania,LTU,2009,99.24,Unemployment,13.78,Europe & Central Asia
"Macao SAR, China",MAC,2009,99.74,Unemployment,3.58,East Asia & Pacific
Madagascar,MDG,2009,72.85,Unemployment,3.88,Sub-Saharan Africa
Malawi,MWI,2009,89.69,Unemployment,4.73,Sub-Saharan Africa
Malaysia,MYS,2009,95.55,Unemployment,3.62,East Asia & Pacific
Mali,MLI,2009,86.33,Unemployment,1.41,Sub-Saharan Africa
Mauritius,MUS,2009,85.45,Unemployment,7.26,Sub-Saharan Africa
Mexico,MEX,2009,95.31,Unemployment,5.36,Latin America & Caribbean
Moldova,MDA,2009,98.25,Unemployment,3.02,Europe & Central Asia
Morocco,MAR,2009,88.57,Unemployment,8.96,Middle East & North Africa
Mozambique,MOZ,2009,62.25,Unemployment,3.21,Sub-Saharan Africa
Namibia,NAM,2009,94.08,Unemployment,22.27,Sub-Saharan Africa
Niger,NER,2009,71.91,Unemployment,1.21,Sub-Saharan Africa
Nigeria,NGA,2009,60.37,Unemployment,3.76,Sub-Saharan Africa
Norway,NOR,2009,99.93,Unemployment,3.1,Europe & Central Asia
Pakistan,PAK,2009,76.71,Unemployment,0.54,Middle East & North Africa
Panama,PAN,2009,98.75,Unemployment,5.86,Latin America & Caribbean
Paraguay,PRY,2009,92.0,Unemployment,5.46,Latin America & Caribbean
Peru,PER,2009,96.66,Unemployment,3.96,Latin America & Caribbean
Poland,POL,2009,99.04,Unemployment,8.13,Europe & Central Asia
Romania,ROU,2009,99.41,Unemployment,6.86,Europe & Central Asia
Samoa,WSM,2009,99.86,Unemployment,5.65,East Asia & Pacific
Sao Tome and Principe,STP,2009,72.69,Unemployment,15.14,Sub-Saharan Africa
Senegal,SEN,2009,79.33,Unemployment,2.81,Sub-Saharan Africa
Serbia,SRB,2009,98.42,Unemployment,16.12,Europe & Central Asia
Slovak Republic,SVK,2009,99.4,Unemployment,12.02,Europe & Central Asia
Slovenia,SVN,2009,99.42,Unemployment,5.86,Europe & Central Asia
Spain,ESP,2009,98.68,Unemployment,17.86,Europe & Central Asia
St. Lucia,LCA,2009,97.05,Unemployment,15.37,Latin America & Caribbean
Sudan,SDN,2009,96.34,Unemployment,13.0,Sub-Saharan Africa
Suriname,SUR,2009,69.67,Unemployment,8.72,Latin America & Caribbean
Sweden,SWE,2009,99.76,Unemployment,8.35,Europe & Central Asia
Switzerland,CHE,2009,99.91,Unemployment,4.11,Europe & Central Asia
Syrian Arab Republic,SYR,2009,97.91,Unemployment,8.14,Middle East & North Africa
Tajikistan,TJK,2009,98.78,Unemployment,7.03,Europe & Central Asia
Timor-Leste,TLS,2009,89.65,Unemployment,3.29,East Asia & Pacific
Togo,TGO,2009,84.6,Unemployment,2.85,Sub-Saharan Africa
Trinidad and Tobago,TTO,2009,94.2,Unemployment,5.28,Latin America & Caribbean
Tunisia,TUN,2009,99.07,Unemployment,13.29,Middle East & North Africa
Uganda,UGA,2009,49.62,Unemployment,3.6,Sub-Saharan Africa
Ukraine,UKR,2009,99.73,Unemployment,8.84,Europe & Central Asia
United Arab Emirates,ARE,2009,97.67,Unemployment,2.93,Middle East & North Africa
Uruguay,URY,2009,81.29,Unemployment,7.74,Latin America & Caribbean
Uzbekistan,UZB,2009,99.4,Unemployment,5.04,Europe & Central Asia
Vanuatu,VUT,2009,89.44,Unemployment,4.57,East Asia & Pacific
"Venezuela, RB",VEN,2009,97.81,Unemployment,6.1,Latin America & Caribbean
West Bank and Gaza,PSE,2009,96.81,Unemployment,20.45,Middle East & North Africa
Zambia,ZMB,2009,73.51,Unemployment,10.58,Sub-Saharan Africa
Albania,ALB,2010,99.19,Unemployment,14.09,Europe & Central Asia
Algeria,DZA,2010,98.57,Unemployment,9.96,Middle East & North Africa
Angola,AGO,2010,52.48,Unemployment,16.6,Sub-Saharan Africa
Argentina,ARG,2010,96.18,Unemployment,7.71,Latin America & Caribbean
Austria,AUT,2010,99.95,Unemployment,4.88,Europe & Central Asia
Azerbaijan,AZE,2010,98.72,Unemployment,5.63,Europe & Central Asia
Bangladesh,BGD,2010,94.51,Unemployment,3.38,South Asia
Belarus,BLR,2010,98.44,Unemployment,6.05,Europe & Central Asia
Belize,BLZ,2010,97.49,Unemployment,8.41,Latin America & Caribbean
Benin,BEN,2010,78.35,Unemployment,1.04,Sub-Saharan Africa
Bhutan,BTN,2010,99.6,Unemployment,3.32,South Asia
Bolivia,BOL,2010,94.0,Unemployment,2.61,Latin America & Caribbean
Brunei Darussalam,BRN,2010,99.95,Unemployment,6.49,East Asia & Pacific
Bulgaria,BGR,2010,98.67,Unemployment,10.28,Europe & Central Asia
Burundi,BDI,2010,71.25,Unemployment,1.62,Sub-Saharan Africa
Cabo Verde,CPV,2010,97.8,Unemployment,10.67,Sub-Saharan Africa
Cambodia,KHM,2010,81.87,Unemployment,0.77,East Asia & Pacific
Cameroon,CMR,2010,60.81,Unemployment,4.11,Sub-Saharan Africa
Chad,TCD,2010,95.51,Unemployment,0.91,Sub-Saharan Africa
Chile,CHL,2010,96.53,Unemployment,8.55,Latin America & Caribbean
Colombia,COL,2010,98.6,Unemployment,11.15,Latin America & Caribbean
"Congo, Rep.",COG,2010,77.27,Unemployment,19.3,Sub-Saharan Africa
Costa Rica,CRI,2010,92.91,Unemployment,7.17,Latin America & Caribbean
Croatia,HRV,2010,99.49,Unemployment,11.62,Europe & Central Asia
Cuba,CUB,2010,98.63,Unemployment,2.5,Latin America & Caribbean
Cyprus,CYP,2010,99.43,Unemployment,6.36,Europe & Central Asia
Czechia,CZE,2010,99.34,Unemployment,7.28,Europe & Central Asia
Denmark,DNK,2010,99.87,Unemployment,7.75,Europe & Central Asia
Dominican Republic,DOM,2010,94.59,Unemployment,5.21,Latin America & Caribbean
Ecuador,ECU,2010,95.31,Unemployment,4.09,Latin America & Caribbean
El Salvador,SLV,2010,96.32,Unemployment,4.89,Latin America & Caribbean
Equatorial Guinea,GNQ,2010,97.24,Unemployment,7.85,Sub-Saharan Africa
Eritrea,ERI,2010,96.32,Unemployment,5.85,Sub-Saharan Africa
Estonia,EST,2010,99.48,Unemployment,16.71,Europe & Central Asia
Eswatini,SWZ,2010,96.18,Unemployment,26.86,Sub-Saharan Africa
Ethiopia,ETH,2010,89.49,Unemployment,2.3,Sub-Saharan Africa
Finland,FIN,2010,99.97,Unemployment,8.39,Europe & Central Asia
"Gambia, The",GMB,2010,86.42,Unemployment,9.67,Sub-Saharan Africa
Greece,GRC,2010,98.52,Unemployment,12.72,Europe & Central Asia
Guatemala,GTM,2010,89.82,Unemployment,3.5,Latin America & Caribbean
"Hong Kong SAR, China",HKG,2010,99.79,Unemployment,4.33,East Asia & Pacific
Hungary,HUN,2010,99.68,Unemployment,11.17,Europe & Central Asia
Iceland,ISL,2010,99.75,Unemployment,7.56,Europe & Central Asia
India,IND,2010,91.99,Unemployment,7.63,South Asia
"Iran, Islamic Rep.",IRN,2010,97.33,Unemployment,13.68,Middle East & North Africa
Israel,ISR,2010,99.92,Unemployment,8.48,Middle East & North Africa
Italy,ITA,2010,99.94,Unemployment,8.36,Europe & Central Asia
Jamaica,JAM,2010,96.42,Unemployment,7.63,Latin America & Caribbean
Jordan,JOR,2010,99.13,Unemployment,12.5,Middle East & North Africa
Kazakhstan,KAZ,2010,99.96,Unemployment,5.77,Europe & Central Asia
"Korea, Rep.",KOR,2010,99.98,Unemployment,3.32,East Asia & Pacific
Kyrgyz Republic,KGZ,2010,98.18,Unemployment,3.5,Europe & Central Asia
Lao PDR,LAO,2010,82.81,Unemployment,0.71,East Asia & Pacific
Latvia,LVA,2010,98.77,Unemployment,19.48,Europe & Central Asia
Lebanon,LBN,2010,95.16,Unemployment,6.77,Middle East & North Africa
Lesotho,LSO,2010,85.01,Unemployment,16.07,Sub-Saharan Africa
Lithuania,LTU,2010,98.8,Unemployment,17.81,Europe & Central Asia
"Macao SAR, China",MAC,2010,99.41,Unemployment,2.84,East Asia & Pacific
Madagascar,MDG,2010,79.81,Unemployment,4.28,Sub-Saharan Africa
Malawi,MWI,2010,89.05,Unemployment,4.78,Sub-Saharan Africa
Malaysia,MYS,2010,94.76,Unemployment,3.32,East Asia & Pacific
Mali,MLI,2010,92.89,Unemployment,1.38,Sub-Saharan Africa
Malta,MLT,2010,97.5,Unemployment,6.86,Middle East & North Africa
Mauritius,MUS,2010,85.84,Unemployment,7.65,Sub-Saharan Africa
Mexico,MEX,2010,96.35,Unemployment,5.3,Latin America & Caribbean
Moldova,MDA,2010,98.13,Unemployment,2.97,Europe & Central Asia
Morocco,MAR,2010,88.43,Unemployment,9.09,Middle East & North Africa
Mozambique,MOZ,2010,59.41,Unemployment,3.26,Sub-Saharan Africa
Niger,NER,2010,72.25,Unemployment,0.72,Sub-Saharan Africa
Norway,NOR,2010,99.8,Unemployment,3.53,Europe & Central Asia
Pakistan,PAK,2010,74.85,Unemployment,0.65,Middle East & North Africa
Panama,PAN,2010,98.89,Unemployment,5.84,Latin America & Caribbean
Paraguay,PRY,2010,92.98,Unemployment,4.57,Latin America & Caribbean
Peru,PER,2010,94.38,Unemployment,3.6,Latin America & Caribbean
Poland,POL,2010,99.18,Unemployment,9.58,Europe & Central Asia
Qatar,QAT,2010,99.97,Unemployment,0.45,Middle East & North Africa
Romania,ROU,2010,99.53,Unemployment,6.96,Europe & Central Asia
Samoa,WSM,2010,94.45,Unemployment,5.62,East Asia & Pacific
Sao Tome and Principe,STP,2010,97.22,Unemployment,14.63,Sub-Saharan Africa
Senegal,SEN,2010,94.66,Unemployment,2.8,Sub-Saharan Africa
Serbia,SRB,2010,99.95,Unemployment,19.2,Europe & Central Asia
Slovak Republic,SVK,2010,99.29,Unemployment,14.39,Europe & Central Asia
Slovenia,SVN,2010,99.98,Unemployment,7.24,Europe & Central Asia
Solomon Islands,SLB,2010,89.98,Unemployment,1.62,East Asia & Pacific
Sri Lanka,LKA,2010,98.74,Unemployment,4.78,South Asia
St. Lucia,LCA,2010,97.76,Unemployment,17.12,Latin America & Caribbean
St. Vincent and the Grenadines,VCT,2010,95.37,Unemployment,19.92,Latin America & Caribbean
Suriname,SUR,2010,69.96,Unemployment,7.15,Latin America & Caribbean
Sweden,SWE,2010,99.85,Unemployment,8.61,Europe & Central Asia
Switzerland,CHE,2010,99.89,Unemployment,4.81,Europe & Central Asia
Syrian Arab Republic,SYR,2010,98.51,Unemployment,8.61,Middle East & North Africa
Tajikistan,TJK,2010,98.68,Unemployment,7.04,Europe & Central Asia
Timor-Leste,TLS,2010,94.81,Unemployment,3.3,East Asia & Pacific
Togo,TGO,2010,91.14,Unemployment,2.38,Sub-Saharan Africa
Turkiye,TUR,2010,98.91,Unemployment,11.88,Europe & Central Asia
Uganda,UGA,2010,62.34,Unemployment,3.62,Sub-Saharan Africa
Ukraine,UKR,2010,99.87,Unemployment,8.1,Europe & Central Asia
United Arab Emirates,ARE,2010,95.77,Unemployment,2.8,Middle East & North Africa
Uzbekistan,UZB,2010,99.03,Unemployment,5.36,Europe & Central Asia
"Venezuela, RB",VEN,2010,99.51,Unemployment,7.11,Latin America & Caribbean
Viet Nam,VNM,2010,100.0,Unemployment,1.11,East Asia & Pacific
West Bank and Gaza,PSE,2010,97.25,Unemployment,21.42,Middle East & North Africa
Zambia,ZMB,2010,60.58,Unemployment,13.19,Sub-Saharan Africa
Albania,ALB,2011,99.49,Unemployment,13.48,Europe & Central Asia
Algeria,DZA,2011,97.73,Unemployment,9.96,Middle East & North Africa
Argentina,ARG,2011,96.62,Unemployment,7.18,Latin America & Caribbean
Armenia,ARM,2011,97.79,Unemployment,18.88,Europe & Central Asia
Austria,AUT,2011,99.84,Unemployment,4.64,Europe & Central Asia
Azerbaijan,AZE,2011,99.04,Unemployment,5.42,Europe & Central Asia
Bahrain,BHR,2011,99.79,Unemployment,1.21,Middle East & North Africa
Belarus,BLR,2011,98.49,Unemployment,6.02,Europe & Central Asia
Belize,BLZ,2011,98.88,Unemployment,8.42,Latin America & Caribbean
Bhutan,BTN,2011,98.88,Unemployment,3.23,South Asia
Bolivia,BOL,2011,95.01,Unemployment,2.26,Latin America & Caribbean
Brunei Darussalam,BRN,2011,99.6,Unemployment,6.51,East Asia & Pacific
Bulgaria,BGR,2011,99.05,Unemployment,11.26,Europe & Central Asia
Burkina Faso,BFA,2011,72.08,Unemployment,3.83,Sub-Saharan Africa
Burundi,BDI,2011,69.33,Unemployment,1.6,Sub-Saharan Africa
Cabo Verde,CPV,2011,97.23,Unemployment,10.96,Sub-Saharan Africa
Cambodia,KHM,2011,81.02,Unemployment,0.58,East Asia & Pacific
Cameroon,CMR,2011,65.12,Unemployment,3.99,Sub-Saharan Africa
Central African Republic,CAF,2011,75.43,Unemployment,5.64,Sub-Saharan Africa
Chad,TCD,2011,87.23,Unemployment,0.92,Sub-Saharan Africa
Chile,CHL,2011,97.39,Unemployment,7.49,Latin America & Caribbean
Colombia,COL,2011,99.41,Unemployment,10.29,Latin America & Caribbean
"Congo, Dem. Rep.",COD,2011,74.84,Unemployment,4.32,Sub-Saharan Africa
"Congo, Rep.",COG,2011,76.44,Unemployment,19.43,Sub-Saharan Africa
Costa Rica,CRI,2011,94.03,Unemployment,9.52,Latin America & Caribbean
Cote d'Ivoire,CIV,2011,73.48,Unemployment,7.14,Sub-Saharan Africa
Croatia,HRV,2011,99.8,Unemployment,13.68,Europe & Central Asia
Cuba,CUB,2011,99.03,Unemployment,3.18,Latin America & Caribbean
Cyprus,CYP,2011,98.88,Unemployment,7.94,Europe & Central Asia
Czechia,CZE,2011,99.2,Unemployment,6.71,Europe & Central Asia
Denmark,DNK,2011,97.29,Unemployment,7.77,Europe & Central Asia
Djibouti,DJI,2011,86.8,Unemployment,26.31,Middle East & North Africa
Dominican Republic,DOM,2011,93.01,Unemployment,6.09,Latin America & Caribbean
Ecuador,ECU,2011,96.83,Unemployment,3.46,Latin America & Caribbean
El Salvador,SLV,2011,95.82,Unemployment,4.3,Latin America & Caribbean
Equatorial Guinea,GNQ,2011,96.13,Unemployment,7.84,Sub-Saharan Africa
Eritrea,ERI,2011,95.82,Unemployment,5.8,Sub-Saharan Africa
Estonia,EST,2011,99.61,Unemployment,12.33,Europe & Central Asia
Eswatini,SWZ,2011,96.5,Unemployment,26.1,Sub-Saharan Africa
Ethiopia,ETH,2011,98.35,Unemployment,2.27,Sub-Saharan Africa
Fiji,FJI,2011,94.25,Unemployment,4.41,East Asia & Pacific
Finland,FIN,2011,99.87,Unemployment,7.78,Europe & Central Asia
"Gambia, The",GMB,2011,92.35,Unemployment,10.28,Sub-Saharan Africa
Georgia,GEO,2011,98.58,Unemployment,19.63,Europe & Central Asia
Ghana,GHA,2011,93.36,Unemployment,4.21,Sub-Saharan Africa
Greece,GRC,2011,98.41,Unemployment,17.97,Europe & Central Asia
Guatemala,GTM,2011,85.61,Unemployment,3.17,Latin America & Caribbean
Guinea,GIN,2011,53.69,Unemployment,5.02,Sub-Saharan Africa
Honduras,HND,2011,68.45,Unemployment,4.47,Latin America & Caribbean
"Hong Kong SAR, China",HKG,2011,99.95,Unemployment,3.42,East Asia & Pacific
Iceland,ISL,2011,99.67,Unemployment,7.03,Europe & Central Asia
Indonesia,IDN,2011,96.44,Unemployment,5.15,East Asia & Pacific
"Iran, Islamic Rep.",IRN,2011,97.02,Unemployment,12.49,Middle East & North Africa
Israel,ISR,2011,99.89,Unemployment,7.14,Middle East & North Africa
Italy,ITA,2011,99.81,Unemployment,8.36,Europe & Central Asia
Kazakhstan,KAZ,2011,100.0,Unemployment,5.39,Europe & Central Asia
Kuwait,KWT,2011,99.36,Unemployment,2.05,Middle East & North Africa
Kyrgyz Republic,KGZ,2011,98.9,Unemployment,3.64,Europe & Central Asia
Lao PDR,LAO,2011,84.47,Unemployment,0.96,East Asia & Pacific
Latvia,LVA,2011,99.0,Unemployment,16.21,Europe & Central Asia
Lebanon,LBN,2011,96.35,Unemployment,7.35,Middle East & North Africa
Lesotho,LSO,2011,85.61,Unemployment,16.11,Sub-Saharan Africa
Lithuania,LTU,2011,99.39,Unemployment,15.39,Europe & Central Asia
"Macao SAR, China",MAC,2011,99.88,Unemployment,2.56,East Asia & Pacific
Madagascar,MDG,2011,78.5,Unemployment,2.52,Sub-Saharan Africa
Malawi,MWI,2011,86.4,Unemployment,4.83,Sub-Saharan Africa
Malaysia,MYS,2011,92.97,Unemployment,3.05,East Asia & Pacific
Maldives,MDV,2011,99.16,Unemployment,10.04,South Asia
Malta,MLT,2011,99.4,Unemployment,6.39,Middle East & North Africa
Mauritania,MRT,2011,57.5,Unemployment,9.98,Sub-Saharan Africa
Mauritius,MUS,2011,87.68,Unemployment,7.45,Sub-Saharan Africa
Mexico,MEX,2011,96.86,Unemployment,5.18,Latin America & Caribbean
Moldova,MDA,2011,98.42,Unemployment,2.68,Europe & Central Asia
Morocco,MAR,2011,88.62,Unemployment,8.91,Middle East & North Africa
Mozambique,MOZ,2011,57.42,Unemployment,3.3,Sub-Saharan Africa
Niger,NER,2011,64.01,Unemployment,0.32,Sub-Saharan Africa
Norway,NOR,2011,99.72,Unemployment,3.2,Europe & Central Asia
Oman,OMN,2011,99.64,Unemployment,3.95,Middle East & North Africa
Pakistan,PAK,2011,80.15,Unemployment,0.8,Middle East & North Africa
Panama,PAN,2011,98.77,Unemployment,4.03,Latin America & Caribbean
Paraguay,PRY,2011,94.46,Unemployment,4.67,Latin America & Caribbean
Peru,PER,2011,90.86,Unemployment,3.48,Latin America & Caribbean
Romania,ROU,2011,99.34,Unemployment,7.18,Europe & Central Asia
Russian Federation,RUS,2011,100.0,Unemployment,6.57,Europe & Central Asia
Rwanda,RWA,2011,79.3,Unemployment,11.76,Sub-Saharan Africa
Samoa,WSM,2011,97.65,Unemployment,5.68,East Asia & Pacific
Saudi Arabia,SAU,2011,96.76,Unemployment,5.77,Middle East & North Africa
Senegal,SEN,2011,92.87,Unemployment,2.85,Sub-Saharan Africa
Serbia,SRB,2011,99.74,Unemployment,22.96,Europe & Central Asia
Sierra Leone,SLE,2011,79.29,Unemployment,4.39,Sub-Saharan Africa
Slovak Republic,SVK,2011,99.25,Unemployment,13.63,Europe & Central Asia
Slovenia,SVN,2011,99.84,Unemployment,8.17,Europe & Central Asia
Solomon Islands,SLB,2011,89.07,Unemployment,1.29,East Asia & Pacific
Sri Lanka,LKA,2011,98.46,Unemployment,4.12,South Asia
St. Lucia,LCA,2011,95.98,Unemployment,18.86,Latin America & Caribbean
Suriname,SUR,2011,72.6,Unemployment,7.54,Latin America & Caribbean
Sweden,SWE,2011,99.85,Unemployment,7.8,Europe & Central Asia
Switzerland,CHE,2011,99.91,Unemployment,4.41,Europe & Central Asia
Syrian Arab Republic,SYR,2011,97.87,Unemployment,8.63,Middle East & North Africa
Tajikistan,TJK,2011,98.91,Unemployment,7.04,Europe & Central Asia
Timor-Leste,TLS,2011,90.36,Unemployment,3.38,East Asia & Pacific
Turkiye,TUR,2011,99.04,Unemployment,9.79,Europe & Central Asia
Uganda,UGA,2011,63.63,Unemployment,3.52,Sub-Saharan Africa
Ukraine,UKR,2011,99.75,Unemployment,7.85,Europe & Central Asia
United Arab Emirates,ARE,2011,99.42,Unemployment,2.59,Middle East & North Africa
Uzbekistan,UZB,2011,99.43,Unemployment,4.96,Europe & Central Asia
"Venezuela, RB",VEN,2011,98.76,Unemployment,6.9,Latin America & Caribbean
Viet Nam,VNM,2011,100.0,Unemployment,1.0,East Asia & Pacific
West Bank and Gaza,PSE,2011,98.3,Unemployment,17.6,Middle East & North Africa
Albania,ALB,2012,99.75,Unemployment,13.38,Europe & Central Asia
Algeria,DZA,2012,98.52,Unemployment,10.97,Middle East & North Africa
Argentina,ARG,2012,96.84,Unemployment,7.22,Latin America & Caribbean
Austria,AUT,2012,99.94,Unemployment,4.91,Europe & Central Asia
Azerbaijan,AZE,2012,99.09,Unemployment,5.19,Europe & Central Asia
Bahrain,BHR,2012,99.93,Unemployment,1.2,Middle East & North Africa
Belarus,BLR,2012,98.11,Unemployment,5.96,Europe & Central Asia
Belize,BLZ,2012,95.26,Unemployment,8.38,Latin America & Caribbean
Benin,BEN,2012,88.7,Unemployment,2.46,Sub-Saharan Africa
Bhutan,BTN,2012,96.29,Unemployment,2.05,South Asia
Bolivia,BOL,2012,96.51,Unemployment,2.07,Latin America & Caribbean
Botswana,BWA,2012,97.47,Unemployment,17.92,Sub-Saharan Africa
Brunei Darussalam,BRN,2012,99.74,Unemployment,6.57,East Asia & Pacific
Bulgaria,BGR,2012,99.3,Unemployment,12.27,Europe & Central Asia
Burkina Faso,BFA,2012,68.2,Unemployment,3.85,Sub-Saharan Africa
Burundi,BDI,2012,75.67,Unemployment,1.59,Sub-Saharan Africa
Cabo Verde,CPV,2012,96.05,Unemployment,11.14,Sub-Saharan Africa
Cambodia,KHM,2012,80.2,Unemployment,0.5,East Asia & Pacific
Chad,TCD,2012,95.01,Unemployment,0.89,Sub-Saharan Africa
Chile,CHL,2012,97.35,Unemployment,6.79,Latin America & Caribbean
Colombia,COL,2012,96.66,Unemployment,9.96,Latin America & Caribbean
"Congo, Dem. Rep.",COD,2012,72.3,Unemployment,4.49,Sub-Saharan Africa
Costa Rica,CRI,2012,84.38,Unemployment,9.11,Latin America & Caribbean
Cuba,CUB,2012,98.83,Unemployment,3.46,Latin America & Caribbean
Cyprus,CYP,2012,99.54,Unemployment,12.1,Europe & Central Asia
Czechia,CZE,2012,99.68,Unemployment,6.98,Europe & Central Asia
Denmark,DNK,2012,99.92,Unemployment,7.8,Europe & Central Asia
Dominican Republic,DOM,2012,94.92,Unemployment,6.72,Latin America & Caribbean
Ecuador,ECU,2012,99.14,Unemployment,3.24,Latin America & Caribbean
El Salvador,SLV,2012,93.73,Unemployment,3.84,Latin America & Caribbean
Eritrea,ERI,2012,97.82,Unemployment,5.69,Sub-Saharan Africa
Estonia,EST,2012,99.55,Unemployment,10.02,Europe & Central Asia
Eswatini,SWZ,2012,99.01,Unemployment,25.23,Sub-Saharan Africa
Finland,FIN,2012,99.93,Unemployment,7.69,Europe & Central Asia
"Gambia, The",GMB,2012,93.34,Unemployment,10.35,Sub-Saharan Africa
Georgia,GEO,2012,99.96,Unemployment,19.65,Europe & Central Asia
Germany,DEU,2012,99.34,Unemployment,5.37,Europe & Central Asia
Ghana,GHA,2012,88.37,Unemployment,3.13,Sub-Saharan Africa
Greece,GRC,2012,99.04,Unemployment,24.73,Europe & Central Asia
Guatemala,GTM,2012,92.46,Unemployment,2.76,Latin America & Caribbean
Guinea,GIN,2012,54.69,Unemployment,4.87,Sub-Saharan Africa
Honduras,HND,2012,58.85,Unemployment,3.76,Latin America & Caribbean
"Hong Kong SAR, China",HKG,2012,99.96,Unemployment,3.28,East Asia & Pacific
Hungary,HUN,2012,99.33,Unemployment,11.0,Europe & Central Asia
Indonesia,IDN,2012,91.65,Unemployment,4.47,East Asia & Pacific
Israel,ISR,2012,99.71,Unemployment,6.76,Middle East & North Africa
Italy,ITA,2012,99.9,Unemployment,10.66,Europe & Central Asia
Jamaica,JAM,2012,90.29,Unemployment,8.7,Latin America & Caribbean
Kazakhstan,KAZ,2012,99.92,Unemployment,5.29,Europe & Central Asia
"Korea, Rep.",KOR,2012,99.8,Unemployment,2.81,East Asia & Pacific
Kuwait,KWT,2012,98.33,Unemployment,2.23,Middle East & North Africa
Kyrgyz Republic,KGZ,2012,99.7,Unemployment,3.79,Europe & Central Asia
Lao PDR,LAO,2012,86.72,Unemployment,1.21,East Asia & Pacific
Latvia,LVA,2012,97.9,Unemployment,15.05,Europe & Central Asia
Lebanon,LBN,2012,98.33,Unemployment,7.95,Middle East & North Africa
Lesotho,LSO,2012,84.71,Unemployment,15.76,Sub-Saharan Africa
Lithuania,LTU,2012,99.3,Unemployment,13.36,Europe & Central Asia
"Macao SAR, China",MAC,2012,99.51,Unemployment,1.97,East Asia & Pacific
Madagascar,MDG,2012,72.86,Unemployment,0.6,Sub-Saharan Africa
Malaysia,MYS,2012,90.75,Unemployment,3.04,East Asia & Pacific
Maldives,MDV,2012,96.5,Unemployment,9.13,South Asia
Mali,MLI,2012,79.87,Unemployment,1.46,Sub-Saharan Africa
Malta,MLT,2012,98.96,Unemployment,6.2,Middle East & North Africa
Mauritius,MUS,2012,78.11,Unemployment,7.47,Sub-Saharan Africa
Mexico,MEX,2012,96.55,Unemployment,4.89,Latin America & Caribbean
Moldova,MDA,2012,97.84,Unemployment,2.19,Europe & Central Asia
Morocco,MAR,2012,90.37,Unemployment,8.99,Middle East & North Africa
Mozambique,MOZ,2012,60.52,Unemployment,3.3,Sub-Saharan Africa
Namibia,NAM,2012,95.97,Unemployment,16.77,Sub-Saharan Africa
Nepal,NPL,2012,86.22,Unemployment,10.63,South Asia
Niger,NER,2012,69.68,Unemployment,2.18,Sub-Saharan Africa
Norway,NOR,2012,99.25,Unemployment,3.13,Europe & Central Asia
Oman,OMN,2012,99.68,Unemployment,3.75,Middle East & North Africa
Pakistan,PAK,2012,77.05,Unemployment,3.67,Middle East & North Africa
Peru,PER,2012,99.15,Unemployment,3.24,Latin America & Caribbean
Poland,POL,2012,99.3,Unemployment,10.03,Europe & Central Asia
Qatar,QAT,2012,99.7,Unemployment,0.48,Middle East & North Africa
Russian Federation,RUS,2012,100.0,Unemployment,5.48,Europe & Central Asia
Rwanda,RWA,2012,74.93,Unemployment,11.67,Sub-Saharan Africa
Sao Tome and Principe,STP,2012,83.54,Unemployment,13.59,Sub-Saharan Africa
Saudi Arabia,SAU,2012,99.3,Unemployment,5.62,Middle East & North Africa
Senegal,SEN,2012,91.96,Unemployment,3.9,Sub-Saharan Africa
Serbia,SRB,2012,99.66,Unemployment,24.0,Europe & Central Asia
Sierra Leone,SLE,2012,87.96,Unemployment,4.38,Sub-Saharan Africa
Slovak Republic,SVK,2012,99.25,Unemployment,13.97,Europe & Central Asia
Slovenia,SVN,2012,99.73,Unemployment,8.84,Europe & Central Asia
Sri Lanka,LKA,2012,99.72,Unemployment,3.88,South Asia
St. Lucia,LCA,2012,94.01,Unemployment,19.06,Latin America & Caribbean
St. Vincent and the Grenadines,VCT,2012,99.95,Unemployment,19.83,Latin America & Caribbean
Sudan,SDN,2012,95.85,Unemployment,16.97,Sub-Saharan Africa
Suriname,SUR,2012,73.24,Unemployment,8.1,Latin America & Caribbean
Sweden,SWE,2012,99.93,Unemployment,7.98,Europe & Central Asia
Switzerland,CHE,2012,99.84,Unemployment,4.49,Europe & Central Asia
Syrian Arab Republic,SYR,2012,57.26,Unemployment,13.8,Middle East & North Africa
Tanzania,TZA,2012,56.31,Unemployment,3.22,Sub-Saharan Africa
Timor-Leste,TLS,2012,89.45,Unemployment,3.47,East Asia & Pacific
Togo,TGO,2012,84.29,Unemployment,2.03,Sub-Saharan Africa
Tunisia,TUN,2012,92.76,Unemployment,17.63,Middle East & North Africa
Turkiye,TUR,2012,90.81,Unemployment,9.21,Europe & Central Asia
Uganda,UGA,2012,64.42,Unemployment,3.55,Sub-Saharan Africa
Ukraine,UKR,2012,99.82,Unemployment,7.53,Europe & Central Asia
United Arab Emirates,ARE,2012,98.39,Unemployment,2.32,Middle East & North Africa
Uzbekistan,UZB,2012,99.29,Unemployment,4.87,Europe & Central Asia
"Venezuela, RB",VEN,2012,99.48,Unemployment,6.6,Latin America & Caribbean
Viet Nam,VNM,2012,93.35,Unemployment,1.03,East Asia & Pacific
West Bank and Gaza,PSE,2012,97.92,Unemployment,19.2,Middle East & North Africa
"Yemen, Rep.",YEM,2012,90.46,Unemployment,13.47,Middle East & North Africa
Zambia,ZMB,2012,63.92,Unemployment,7.85,Sub-Saharan Africa
Zimbabwe,ZWE,2012,77.9,Unemployment,5.06,Sub-Saharan Africa
Albania,ALB,2013,99.81,Unemployment,15.87,Europe & Central Asia
Algeria,DZA,2013,99.39,Unemployment,9.82,Middle East & North Africa
Argentina,ARG,2013,97.32,Unemployment,7.1,Latin America & Caribbean
Armenia,ARM,2013,96.98,Unemployment,16.58,Europe & Central Asia
Austria,AUT,2013,99.98,Unemployment,5.37,Europe & Central Asia
Azerbaijan,AZE,2013,99.07,Unemployment,4.97,Europe & Central Asia
Bahrain,BHR,2013,99.83,Unemployment,1.18,Middle East & North Africa
Belarus,BLR,2013,98.31,Unemployment,5.94,Europe & Central Asia
Belize,BLZ,2013,97.9,Unemployment,8.35,Latin America & Caribbean
Benin,BEN,2013,85.47,Unemployment,2.2,Sub-Saharan Africa
Bhutan,BTN,2013,99.01,Unemployment,2.87,South Asia
Bolivia,BOL,2013,96.29,Unemployment,2.44,Latin America & Caribbean
Brunei Darussalam,BRN,2013,99.73,Unemployment,6.71,East Asia & Pacific
Bulgaria,BGR,2013,99.6,Unemployment,12.94,Europe & Central Asia
Burkina Faso,BFA,2013,68.74,Unemployment,4.05,Sub-Saharan Africa
Burundi,BDI,2013,77.23,Unemployment,1.58,Sub-Saharan Africa
Cabo Verde,CPV,2013,96.33,Unemployment,11.4,Sub-Saharan Africa
Cambodia,KHM,2013,79.66,Unemployment,0.44,East Asia & Pacific
Chile,CHL,2013,97.31,Unemployment,6.36,Latin America & Caribbean
Colombia,COL,2013,98.4,Unemployment,9.25,Latin America & Caribbean
Comoros,COM,2013,92.62,Unemployment,3.98,Sub-Saharan Africa
Costa Rica,CRI,2013,84.84,Unemployment,8.22,Latin America & Caribbean
Cote d'Ivoire,CIV,2013,87.98,Unemployment,4.26,Sub-Saharan Africa
Cuba,CUB,2013,99.09,Unemployment,3.29,Latin America & Caribbean
Cyprus,CYP,2013,99.38,Unemployment,16.13,Europe & Central Asia
Czechia,CZE,2013,99.71,Unemployment,6.95,Europe & Central Asia
Denmark,DNK,2013,99.97,Unemployment,7.38,Europe & Central Asia
Djibouti,DJI,2013,99.44,Unemployment,26.15,Middle East & North Africa
Dominican Republic,DOM,2013,97.37,Unemployment,7.35,Latin America & Caribbean
Ecuador,ECU,2013,99.95,Unemployment,3.08,Latin America & Caribbean
El Salvador,SLV,2013,93.14,Unemployment,3.69,Latin America & Caribbean
Estonia,EST,2013,99.4,Unemployment,8.63,Europe & Central Asia
Eswatini,SWZ,2013,97.77,Unemployment,24.56,Sub-Saharan Africa
Finland,FIN,2013,99.92,Unemployment,8.19,Europe & Central Asia
"Gambia, The",GMB,2013,94.42,Unemployment,9.45,Sub-Saharan Africa
Georgia,GEO,2013,99.67,Unemployment,19.42,Europe & Central Asia
Germany,DEU,2013,99.69,Unemployment,5.32,Europe & Central Asia
Ghana,GHA,2013,88.56,Unemployment,2.17,Sub-Saharan Africa
Greece,GRC,2013,98.89,Unemployment,27.69,Europe & Central Asia
Guatemala,GTM,2013,85.24,Unemployment,3.02,Latin America & Caribbean
Guinea,GIN,2013,68.79,Unemployment,4.94,Sub-Saharan Africa
Honduras,HND,2013,72.07,Unemployment,5.65,Latin America & Caribbean
"Hong Kong SAR, China",HKG,2013,99.75,Unemployment,3.4,East Asia & Pacific
Hungary,HUN,2013,99.61,Unemployment,10.18,Europe & Central Asia
India,IND,2013,91.17,Unemployment,7.68,South Asia
Israel,ISR,2013,99.99,Unemployment,6.14,Middle East & North Africa
Italy,ITA,2013,99.88,Unemployment,12.15,Europe & Central Asia
Jamaica,JAM,2013,94.37,Unemployment,9.7,Latin America & Caribbean
Japan,JPN,2013,100.0,Unemployment,4.04,East Asia & Pacific
Jordan,JOR,2013,98.79,Unemployment,12.6,Middle East & North Africa
Kazakhstan,KAZ,2013,99.75,Unemployment,5.2,Europe & Central Asia
"Korea, Rep.",KOR,2013,99.69,Unemployment,3.07,East Asia & Pacific
Kyrgyz Republic,KGZ,2013,99.72,Unemployment,3.88,Europe & Central Asia
Lao PDR,LAO,2013,90.18,Unemployment,1.47,East Asia & Pacific
Latvia,LVA,2013,98.34,Unemployment,11.87,Europe & Central Asia
Lebanon,LBN,2013,99.16,Unemployment,8.48,Middle East & North Africa
Lesotho,LSO,2013,84.9,Unemployment,15.93,Sub-Saharan Africa
Lithuania,LTU,2013,99.27,Unemployment,11.77,Europe & Central Asia
"Macao SAR, China",MAC,2013,99.45,Unemployment,1.82,East Asia & Pacific
Madagascar,MDG,2013,75.86,Unemployment,1.0,Sub-Saharan Africa
Malaysia,MYS,2013,89.05,Unemployment,3.14,East Asia & Pacific
Mali,MLI,2013,85.06,Unemployment,1.52,Sub-Saharan Africa
Malta,MLT,2013,97.8,Unemployment,6.12,Middle East & North Africa
Mauritania,MRT,2013,58.19,Unemployment,9.93,Sub-Saharan Africa
Mauritius,MUS,2013,90.24,Unemployment,7.32,Sub-Saharan Africa
Mexico,MEX,2013,96.77,Unemployment,4.92,Latin America & Caribbean
Moldova,MDA,2013,98.29,Unemployment,1.89,Europe & Central Asia
Morocco,MAR,2013,88.68,Unemployment,9.23,Middle East & North Africa
Mozambique,MOZ,2013,61.48,Unemployment,3.34,Sub-Saharan Africa
Nepal,NPL,2013,87.51,Unemployment,10.67,South Asia
Niger,NER,2013,64.82,Unemployment,1.4,Sub-Saharan Africa
Norway,NOR,2013,99.97,Unemployment,3.42,Europe & Central Asia
Oman,OMN,2013,99.9,Unemployment,3.55,Middle East & North Africa
Pakistan,PAK,2013,81.33,Unemployment,2.95,Middle East & North Africa
Peru,PER,2013,94.47,Unemployment,3.58,Latin America & Caribbean
Poland,POL,2013,99.37,Unemployment,10.29,Europe & Central Asia
Qatar,QAT,2013,99.76,Unemployment,0.28,Middle East & North Africa
Russian Federation,RUS,2013,99.82,Unemployment,5.51,Europe & Central Asia
Rwanda,RWA,2013,71.83,Unemployment,11.77,Sub-Saharan Africa
Sao Tome and Principe,STP,2013,92.95,Unemployment,12.48,Sub-Saharan Africa
Saudi Arabia,SAU,2013,96.34,Unemployment,5.6,Middle East & North Africa
Senegal,SEN,2013,90.88,Unemployment,5.01,Sub-Saharan Africa
Serbia,SRB,2013,99.87,Unemployment,22.15,Europe & Central Asia
Slovak Republic,SVK,2013,99.2,Unemployment,14.23,Europe & Central Asia
Slovenia,SVN,2013,99.73,Unemployment,10.1,Europe & Central Asia
Spain,ESP,2013,99.99,Unemployment,26.09,Europe & Central Asia
Sri Lanka,LKA,2013,99.73,Unemployment,4.19,South Asia
St. Lucia,LCA,2013,97.04,Unemployment,22.21,Latin America & Caribbean
St. Vincent and the Grenadines,VCT,2013,99.39,Unemployment,19.36,Latin America & Caribbean
Sudan,SDN,2013,94.4,Unemployment,16.27,Sub-Saharan Africa
Suriname,SUR,2013,70.04,Unemployment,6.6,Latin America & Caribbean
Sweden,SWE,2013,99.99,Unemployment,8.05,Europe & Central Asia
Switzerland,CHE,2013,99.9,Unemployment,4.75,Europe & Central Asia
Tajikistan,TJK,2013,99.03,Unemployment,7.02,Europe & Central Asia
Timor-Leste,TLS,2013,91.38,Unemployment,3.57,East Asia & Pacific
Togo,TGO,2013,80.05,Unemployment,2.08,Sub-Saharan Africa
Tunisia,TUN,2013,97.57,Unemployment,15.93,Middle East & North Africa
Uganda,UGA,2013,62.46,Unemployment,1.91,Sub-Saharan Africa
Ukraine,UKR,2013,99.92,Unemployment,7.17,Europe & Central Asia
United Arab Emirates,ARE,2013,99.93,Unemployment,2.12,Middle East & North Africa
Uzbekistan,UZB,2013,99.51,Unemployment,4.86,Europe & Central Asia
"Venezuela, RB",VEN,2013,99.59,Unemployment,7.54,Latin America & Caribbean
Viet Nam,VNM,2013,87.11,Unemployment,1.32,East Asia & Pacific
West Bank and Gaza,PSE,2013,99.45,Unemployment,19.89,Middle East & North Africa
Albania,ALB,2014,99.08,Unemployment,18.06,Europe & Central Asia
Algeria,DZA,2014,99.0,Unemployment,10.21,Middle East & North Africa
Argentina,ARG,2014,97.41,Unemployment,7.27,Latin America & Caribbean
Armenia,ARM,2014,99.9,Unemployment,17.5,Europe & Central Asia
Austria,AUT,2014,99.93,Unemployment,5.67,Europe & Central Asia
Azerbaijan,AZE,2014,99.45,Unemployment,4.91,Europe & Central Asia
Bahrain,BHR,2014,99.88,Unemployment,1.14,Middle East & North Africa
Belarus,BLR,2014,98.39,Unemployment,5.91,Europe & Central Asia
Belize,BLZ,2014,96.36,Unemployment,8.24,Latin America & Caribbean
Benin,BEN,2014,87.57,Unemployment,1.95,Sub-Saharan Africa
Bolivia,BOL,2014,96.97,Unemployment,2.02,Latin America & Caribbean
Bosnia and Herzegovina,BIH,2014,99.49,Unemployment,27.52,Europe & Central Asia
Brunei Darussalam,BRN,2014,99.38,Unemployment,6.86,East Asia & Pacific
Bulgaria,BGR,2014,99.25,Unemployment,11.42,Europe & Central Asia
Burkina Faso,BFA,2014,76.55,Unemployment,4.26,Sub-Saharan Africa
Burundi,BDI,2014,79.6,Unemployment,1.57,Sub-Saharan Africa
Cabo Verde,CPV,2014,98.2,Unemployment,11.69,Sub-Saharan Africa
Cambodia,KHM,2014,81.7,Unemployment,0.69,East Asia & Pacific
Cameroon,CMR,2014,67.9,Unemployment,3.53,Sub-Saharan Africa
Chile,CHL,2014,97.4,Unemployment,6.76,Latin America & Caribbean
Colombia,COL,2014,98.3,Unemployment,8.8,Latin America & Caribbean
Costa Rica,CRI,2014,83.64,Unemployment,8.5,Latin America & Caribbean
Cote d'Ivoire,CIV,2014,92.68,Unemployment,3.27,Sub-Saharan Africa
Cuba,CUB,2014,98.37,Unemployment,2.7,Latin America & Caribbean
Cyprus,CYP,2014,99.36,Unemployment,16.28,Europe & Central Asia
Czechia,CZE,2014,99.98,Unemployment,6.11,Europe & Central Asia
Denmark,DNK,2014,100.0,Unemployment,6.92,Europe & Central Asia
Djibouti,DJI,2014,80.24,Unemployment,26.16,Middle East & North Africa
Dominican Republic,DOM,2014,95.27,Unemployment,6.72,Latin America & Caribbean
Ecuador,ECU,2014,95.7,Unemployment,3.48,Latin America & Caribbean
El Salvador,SLV,2014,93.43,Unemployment,4.15,Latin America & Caribbean
Eritrea,ERI,2014,92.27,Unemployment,5.64,Sub-Saharan Africa
Estonia,EST,2014,99.33,Unemployment,7.35,Europe & Central Asia
Eswatini,SWZ,2014,99.35,Unemployment,23.93,Sub-Saharan Africa
Ethiopia,ETH,2014,91.44,Unemployment,2.36,Sub-Saharan Africa
Finland,FIN,2014,99.85,Unemployment,8.66,Europe & Central Asia
Georgia,GEO,2014,99.58,Unemployment,17.44,Europe & Central Asia
Germany,DEU,2014,99.63,Unemployment,4.98,Europe & Central Asia
Ghana,GHA,2014,98.24,Unemployment,4.4,Sub-Saharan Africa
Greece,GRC,2014,99.57,Unemployment,26.71,Europe & Central Asia
Guatemala,GTM,2014,84.28,Unemployment,2.72,Latin America & Caribbean
"Hong Kong SAR, China",HKG,2014,99.8,Unemployment,3.3,East Asia & Pacific
Hungary,HUN,2014,99.64,Unemployment,7.72,Europe & Central Asia
India,IND,2014,90.32,Unemployment,7.66,South Asia
Israel,ISR,2014,99.73,Unemployment,5.79,Middle East & North Africa
Italy,ITA,2014,99.93,Unemployment,12.68,Europe & Central Asia
Jamaica,JAM,2014,90.67,Unemployment,9.05,Latin America & Caribbean
Kazakhstan,KAZ,2014,99.69,Unemployment,5.06,Europe & Central Asia
Kenya,KEN,2014,98.77,Unemployment,2.77,Sub-Saharan Africa
"Korea, Rep.",KOR,2014,99.64,Unemployment,3.08,East Asia & Pacific
Kyrgyz Republic,KGZ,2014,99.21,Unemployment,4.02,Europe & Central Asia
Lao PDR,LAO,2014,89.1,Unemployment,1.73,East Asia & Pacific
Latvia,LVA,2014,98.38,Unemployment,10.85,Europe & Central Asia
Lebanon,LBN,2014,89.36,Unemployment,8.84,Middle East & North Africa
Lesotho,LSO,2014,86.6,Unemployment,16.07,Sub-Saharan Africa
Liberia,LBR,2014,79.38,Unemployment,2.08,Sub-Saharan Africa
Lithuania,LTU,2014,99.52,Unemployment,10.7,Europe & Central Asia
"Macao SAR, China",MAC,2014,99.69,Unemployment,1.67,East Asia & Pacific
Madagascar,MDG,2014,76.04,Unemployment,1.38,Sub-Saharan Africa
Malaysia,MYS,2014,87.53,Unemployment,2.88,East Asia & Pacific
Mali,MLI,2014,77.94,Unemployment,1.48,Sub-Saharan Africa
Malta,MLT,2014,96.79,Unemployment,5.74,Middle East & North Africa
Mauritania,MRT,2014,59.21,Unemployment,10.03,Sub-Saharan Africa
Mauritius,MUS,2014,85.85,Unemployment,7.47,Sub-Saharan Africa
Mexico,MEX,2014,97.06,Unemployment,4.82,Latin America & Caribbean
Moldova,MDA,2014,97.94,Unemployment,1.45,Europe & Central Asia
Morocco,MAR,2014,87.4,Unemployment,9.7,Middle East & North Africa
Mozambique,MOZ,2014,63.57,Unemployment,3.38,Sub-Saharan Africa
Nepal,NPL,2014,87.3,Unemployment,10.62,South Asia
North Macedonia,MKD,2014,99.86,Unemployment,28.22,Europe & Central Asia
Norway,NOR,2014,99.93,Unemployment,3.49,Europe & Central Asia
Oman,OMN,2014,99.36,Unemployment,3.45,Middle East & North Africa
Peru,PER,2014,95.45,Unemployment,3.21,Latin America & Caribbean
Philippines,PHL,2014,97.45,Unemployment,3.6,East Asia & Pacific
Poland,POL,2014,99.47,Unemployment,8.97,Europe & Central Asia
Puerto Rico (US),PRI,2014,98.02,Unemployment,13.9,Latin America & Caribbean
Qatar,QAT,2014,99.5,Unemployment,0.2,Middle East & North Africa
Russian Federation,RUS,2014,99.92,Unemployment,5.21,Europe & Central Asia
Rwanda,RWA,2014,68.46,Unemployment,11.84,Sub-Saharan Africa
Samoa,WSM,2014,99.23,Unemployment,8.72,East Asia & Pacific
Saudi Arabia,SAU,2014,89.02,Unemployment,5.88,Middle East & North Africa
Senegal,SEN,2014,90.0,Unemployment,5.85,Sub-Saharan Africa
Serbia,SRB,2014,99.5,Unemployment,19.22,Europe & Central Asia
Slovak Republic,SVK,2014,99.08,Unemployment,11.54,Europe & Central Asia
Slovenia,SVN,2014,99.9,Unemployment,9.67,Europe & Central Asia
South Africa,ZAF,2014,97.3,Unemployment,24.89,Sub-Saharan Africa
Spain,ESP,2014,99.88,Unemployment,24.44,Europe & Central Asia
Sri Lanka,LKA,2014,99.72,Unemployment,4.16,South Asia
St. Vincent and the Grenadines,VCT,2014,99.19,Unemployment,19.24,Latin America & Caribbean
Sudan,SDN,2014,94.25,Unemployment,15.41,Sub-Saharan Africa
Suriname,SUR,2014,69.73,Unemployment,6.94,Latin America & Caribbean
Sweden,SWE,2014,99.93,Unemployment,7.95,Europe & Central Asia
Switzerland,CHE,2014,99.88,Unemployment,4.83,Europe & Central Asia
Tajikistan,TJK,2014,99.27,Unemployment,7.02,Europe & Central Asia
Timor-Leste,TLS,2014,94.32,Unemployment,3.62,East Asia & Pacific
Togo,TGO,2014,85.32,Unemployment,2.14,Sub-Saharan Africa
Tunisia,TUN,2014,88.89,Unemployment,14.26,Middle East & North Africa
Turkiye,TUR,2014,99.53,Unemployment,9.9,Europe & Central Asia
Uganda,UGA,2014,53.88,Unemployment,2.36,Sub-Saharan Africa
Ukraine,UKR,2014,88.52,Unemployment,9.27,Europe & Central Asia
Uzbekistan,UZB,2014,99.45,Unemployment,5.09,Europe & Central Asia
"Venezuela, RB",VEN,2014,98.57,Unemployment,6.82,Latin America & Caribbean
Viet Nam,VNM,2014,94.02,Unemployment,1.26,East Asia & Pacific
West Bank and Gaza,PSE,2014,98.65,Unemployment,20.53,Middle East & North Africa
Afghanistan,AFG,2015,86.27,Unemployment,9.03,Middle East & North Africa
Albania,ALB,2015,98.07,Unemployment,17.19,Europe & Central Asia
Algeria,DZA,2015,98.92,Unemployment,11.21,Middle East & North Africa
Argentina,ARG,2015,99.49,Unemployment,7.58,Latin America & Caribbean
Armenia,ARM,2015,98.48,Unemployment,18.26,Europe & Central Asia
Austria,AUT,2015,99.92,Unemployment,5.8,Europe & Central Asia
Azerbaijan,AZE,2015,99.42,Unemployment,4.96,Europe & Central Asia
Bahrain,BHR,2015,99.99,Unemployment,1.16,Middle East & North Africa
Belarus,BLR,2015,98.08,Unemployment,5.88,Europe & Central Asia
Belize,BLZ,2015,96.78,Unemployment,7.58,Latin America & Caribbean
Benin,BEN,2015,83.76,Unemployment,1.89,Sub-Saharan Africa
Bolivia,BOL,2015,97.2,Unemployment,3.11,Latin America & Caribbean
Bosnia and Herzegovina,BIH,2015,98.88,Unemployment,27.7,Europe & Central Asia
Bulgaria,BGR,2015,98.7,Unemployment,9.14,Europe & Central Asia
Burkina Faso,BFA,2015,77.55,Unemployment,4.47,Sub-Saharan Africa
Burundi,BDI,2015,86.77,Unemployment,1.45,Sub-Saharan Africa
Cabo Verde,CPV,2015,97.65,Unemployment,11.92,Sub-Saharan Africa
Cambodia,KHM,2015,85.04,Unemployment,0.39,East Asia & Pacific
Cameroon,CMR,2015,66.49,Unemployment,3.52,Sub-Saharan Africa
Chad,TCD,2015,73.99,Unemployment,1.03,Sub-Saharan Africa
Chile,CHL,2015,97.58,Unemployment,6.6,Latin America & Caribbean
Costa Rica,CRI,2015,84.65,Unemployment,8.41,Latin America & Caribbean
Cote d'Ivoire,CIV,2015,91.98,Unemployment,2.57,Sub-Saharan Africa
Croatia,HRV,2015,99.1,Unemployment,16.15,Europe & Central Asia
Cuba,CUB,2015,98.81,Unemployment,2.4,Latin America & Caribbean
Cyprus,CYP,2015,98.4,Unemployment,15.03,Europe & Central Asia
Czechia,CZE,2015,99.96,Unemployment,5.05,Europe & Central Asia
Denmark,DNK,2015,99.95,Unemployment,6.28,Europe & Central Asia
Djibouti,DJI,2015,76.16,Unemployment,26.06,Middle East & North Africa
Dominican Republic,DOM,2015,92.53,Unemployment,7.6,Latin America & Caribbean
Ecuador,ECU,2015,98.64,Unemployment,3.62,Latin America & Caribbean
El Salvador,SLV,2015,92.59,Unemployment,4.0,Latin America & Caribbean
Estonia,EST,2015,99.73,Unemployment,6.41,Europe & Central Asia
Eswatini,SWZ,2015,98.62,Unemployment,23.43,Sub-Saharan Africa
Fiji,FJI,2015,98.02,Unemployment,4.29,East Asia & Pacific
Finland,FIN,2015,99.99,Unemployment,9.38,Europe & Central Asia
Georgia,GEO,2015,99.82,Unemployment,16.51,Europe & Central Asia
Germany,DEU,2015,99.91,Unemployment,4.61,Europe & Central Asia
Greece,GRC,2015,97.13,Unemployment,24.98,Europe & Central Asia
Guatemala,GTM,2015,89.47,Unemployment,2.51,Latin America & Caribbean
Honduras,HND,2015,70.96,Unemployment,6.15,Latin America & Caribbean
"Hong Kong SAR, China",HKG,2015,99.63,Unemployment,3.31,East Asia & Pacific
Hungary,HUN,2015,99.84,Unemployment,6.81,Europe & Central Asia
India,IND,2015,90.84,Unemployment,7.63,South Asia
Israel,ISR,2015,99.69,Unemployment,5.18,Middle East & North Africa
Italy,ITA,2015,99.93,Unemployment,11.9,Europe & Central Asia
Japan,JPN,2015,99.97,Unemployment,3.38,East Asia & Pacific
Kazakhstan,KAZ,2015,99.93,Unemployment,4.93,Europe & Central Asia
Kenya,KEN,2015,99.22,Unemployment,2.76,Sub-Saharan Africa
"Korea, Rep.",KOR,2015,99.65,Unemployment,3.55,East Asia & Pacific
Kuwait,KWT,2015,99.68,Unemployment,2.2,Middle East & North Africa
Kyrgyz Republic,KGZ,2015,99.69,Unemployment,4.14,Europe & Central Asia
Lao PDR,LAO,2015,88.37,Unemployment,2.01,East Asia & Pacific
Latvia,LVA,2015,98.9,Unemployment,9.87,Europe & Central Asia
Lebanon,LBN,2015,95.36,Unemployment,9.31,Middle East & North Africa
Lesotho,LSO,2015,87.53,Unemployment,16.22,Sub-Saharan Africa
Lithuania,LTU,2015,99.7,Unemployment,9.12,Europe & Central Asia
Madagascar,MDG,2015,73.23,Unemployment,1.78,Sub-Saharan Africa
Malaysia,MYS,2015,87.19,Unemployment,3.1,East Asia & Pacific
Maldives,MDV,2015,99.55,Unemployment,6.61,South Asia
Mali,MLI,2015,78.93,Unemployment,1.4,Sub-Saharan Africa
Malta,MLT,2015,98.59,Unemployment,5.39,Middle East & North Africa
Mauritius,MUS,2015,85.86,Unemployment,7.41,Sub-Saharan Africa
Mexico,MEX,2015,96.22,Unemployment,4.31,Latin America & Caribbean
Moldova,MDA,2015,98.22,Unemployment,1.78,Europe & Central Asia
Montenegro,MNE,2015,96.63,Unemployment,17.56,Europe & Central Asia
Morocco,MAR,2015,88.73,Unemployment,9.46,Middle East & North Africa
Mozambique,MOZ,2015,73.91,Unemployment,3.43,Sub-Saharan Africa
Nepal,NPL,2015,87.47,Unemployment,10.64,South Asia
Niger,NER,2015,58.27,Unemployment,0.56,Sub-Saharan Africa
Norway,NOR,2015,99.96,Unemployment,4.3,Europe & Central Asia
Oman,OMN,2015,98.52,Unemployment,3.4,Middle East & North Africa
Pakistan,PAK,2015,86.22,Unemployment,3.57,Middle East & North Africa
Peru,PER,2015,94.94,Unemployment,3.27,Latin America & Caribbean
Philippines,PHL,2015,96.59,Unemployment,3.07,East Asia & Pacific
Poland,POL,2015,99.52,Unemployment,7.48,Europe & Central Asia
Qatar,QAT,2015,99.56,Unemployment,0.17,Middle East & North Africa
Romania,ROU,2015,99.51,Unemployment,6.81,Europe & Central Asia
Russian Federation,RUS,2015,99.94,Unemployment,5.62,Europe & Central Asia
Rwanda,RWA,2015,72.03,Unemployment,11.83,Sub-Saharan Africa
Samoa,WSM,2015,98.42,Unemployment,8.9,East Asia & Pacific
Saudi Arabia,SAU,2015,87.21,Unemployment,5.6,Middle East & North Africa
Senegal,SEN,2015,76.51,Unemployment,6.76,Sub-Saharan Africa
Serbia,SRB,2015,99.58,Unemployment,17.66,Europe & Central Asia
Sierra Leone,SLE,2015,91.51,Unemployment,4.48,Sub-Saharan Africa
Slovenia,SVN,2015,99.25,Unemployment,8.96,Europe & Central Asia
South Africa,ZAF,2015,95.77,Unemployment,25.15,Sub-Saharan Africa
Spain,ESP,2015,99.26,Unemployment,22.06,Europe & Central Asia
St. Vincent and the Grenadines,VCT,2015,97.22,Unemployment,19.14,Latin America & Caribbean
Sudan,SDN,2015,91.54,Unemployment,14.39,Sub-Saharan Africa
Suriname,SUR,2015,68.39,Unemployment,7.22,Latin America & Caribbean
Sweden,SWE,2015,99.64,Unemployment,7.43,Europe & Central Asia
Switzerland,CHE,2015,99.85,Unemployment,4.8,Europe & Central Asia
Tajikistan,TJK,2015,99.42,Unemployment,7.03,Europe & Central Asia
Timor-Leste,TLS,2015,93.65,Unemployment,3.68,East Asia & Pacific
Turkiye,TUR,2015,99.66,Unemployment,10.3,Europe & Central Asia
Ukraine,UKR,2015,98.78,Unemployment,9.14,Europe & Central Asia
Uzbekistan,UZB,2015,99.5,Unemployment,5.15,Europe & Central Asia
"Venezuela, RB",VEN,2015,97.82,Unemployment,6.14,Latin America & Caribbean
Viet Nam,VNM,2015,99.79,Unemployment,1.85,East Asia & Pacific
West Bank and Gaza,PSE,2015,99.25,Unemployment,23.0,Middle East & North Africa
Afghanistan,AFG,2016,92.32,Unemployment,10.12,Middle East & North Africa
Albania,ALB,2016,98.17,Unemployment,15.42,Europe & Central Asia
Argentina,ARG,2016,99.85,Unemployment,8.09,Latin America & Caribbean
Armenia,ARM,2016,98.1,Unemployment,17.62,Europe & Central Asia
Austria,AUT,2016,99.77,Unemployment,6.06,Europe & Central Asia
Azerbaijan,AZE,2016,97.57,Unemployment,5.0,Europe & Central Asia
Bahrain,BHR,2016,99.36,Unemployment,1.19,Middle East & North Africa
Belarus,BLR,2016,98.01,Unemployment,5.84,Europe & Central Asia
Belize,BLZ,2016,95.23,Unemployment,7.0,Latin America & Caribbean
Bhutan,BTN,2016,99.58,Unemployment,2.71,South Asia
Bolivia,BOL,2016,96.6,Unemployment,3.5,Latin America & Caribbean
Bosnia and Herzegovina,BIH,2016,98.64,Unemployment,25.41,Europe & Central Asia
Brunei Darussalam,BRN,2016,99.74,Unemployment,8.54,East Asia & Pacific
Bulgaria,BGR,2016,99.33,Unemployment,7.58,Europe & Central Asia
Burkina Faso,BFA,2016,76.06,Unemployment,4.6,Sub-Saharan Africa
Burundi,BDI,2016,76.31,Unemployment,1.35,Sub-Saharan Africa
Cabo Verde,CPV,2016,99.44,Unemployment,12.08,Sub-Saharan Africa
Cambodia,KHM,2016,87.23,Unemployment,0.72,East Asia & Pacific
Chile,CHL,2016,97.9,Unemployment,6.93,Latin America & Caribbean
Costa Rica,CRI,2016,85.28,Unemployment,8.09,Latin America & Caribbean
Cote d'Ivoire,CIV,2016,91.94,Unemployment,1.9,Sub-Saharan Africa
Croatia,HRV,2016,98.58,Unemployment,13.02,Europe & Central Asia
Cuba,CUB,2016,98.61,Unemployment,2.0,Latin America & Caribbean
Cyprus,CYP,2016,99.74,Unemployment,13.01,Europe & Central Asia
Czechia,CZE,2016,99.95,Unemployment,3.95,Europe & Central Asia
Denmark,DNK,2016,99.94,Unemployment,5.99,Europe & Central Asia
Djibouti,DJI,2016,83.9,Unemployment,25.98,Middle East & North Africa
Dominican Republic,DOM,2016,92.58,Unemployment,7.28,Latin America & Caribbean
Ecuador,ECU,2016,99.0,Unemployment,4.6,Latin America & Caribbean
"Egypt, Arab Rep.",EGY,2016,94.39,Unemployment,12.45,Middle East & North Africa
El Salvador,SLV,2016,92.09,Unemployment,4.42,Latin America & Caribbean
Estonia,EST,2016,99.83,Unemployment,6.88,Europe & Central Asia
Eswatini,SWZ,2016,98.05,Unemployment,22.72,Sub-Saharan Africa
Finland,FIN,2016,99.9,Unemployment,8.82,Europe & Central Asia
Georgia,GEO,2016,99.51,Unemployment,16.6,Europe & Central Asia
Germany,DEU,2016,99.5,Unemployment,4.1,Europe & Central Asia
Ghana,GHA,2016,93.14,Unemployment,5.26,Sub-Saharan Africa
Greece,GRC,2016,98.93,Unemployment,23.51,Europe & Central Asia
Guatemala,GTM,2016,89.67,Unemployment,2.58,Latin America & Caribbean
"Hong Kong SAR, China",HKG,2016,99.56,Unemployment,3.39,East Asia & Pacific
Hungary,HUN,2016,99.5,Unemployment,5.12,Europe & Central Asia
India,IND,2016,90.35,Unemployment,7.61,South Asia
Indonesia,IDN,2016,91.5,Unemployment,4.3,East Asia & Pacific
"Iran, Islamic Rep.",IRN,2016,95.74,Unemployment,12.62,Middle East & North Africa
Israel,ISR,2016,99.58,Unemployment,4.72,Middle East & North Africa
Italy,ITA,2016,99.95,Unemployment,11.69,Europe & Central Asia
Jamaica,JAM,2016,94.52,Unemployment,8.63,Latin America & Caribbean
Japan,JPN,2016,100.0,Unemployment,3.13,East Asia & Pacific
Jordan,JOR,2016,99.29,Unemployment,15.28,Middle East & North Africa
Kazakhstan,KAZ,2016,99.15,Unemployment,4.96,Europe & Central Asia
"Korea, Rep.",KOR,2016,99.64,Unemployment,3.65,East Asia & Pacific
Kuwait,KWT,2016,97.11,Unemployment,2.16,Middle East & North Africa
Kyrgyz Republic,KGZ,2016,99.41,Unemployment,4.29,Europe & Central Asia
Lao PDR,LAO,2016,87.69,Unemployment,2.63,East Asia & Pacific
Latvia,LVA,2016,98.98,Unemployment,9.64,Europe & Central Asia
Lebanon,LBN,2016,97.59,Unemployment,9.79,Middle East & North Africa
Liberia,LBR,2016,79.63,Unemployment,3.08,Sub-Saharan Africa
Lithuania,LTU,2016,99.21,Unemployment,7.86,Europe & Central Asia
"Macao SAR, China",MAC,2016,99.77,Unemployment,1.94,East Asia & Pacific
Malaysia,MYS,2016,91.05,Unemployment,3.44,East Asia & Pacific
Maldives,MDV,2016,98.86,Unemployment,5.77,South Asia
Mali,MLI,2016,78.31,Unemployment,1.37,Sub-Saharan Africa
Malta,MLT,2016,98.89,Unemployment,4.69,Middle East & North Africa
Mauritania,MRT,2016,58.32,Unemployment,10.29,Sub-Saharan Africa
Mauritius,MUS,2016,87.54,Unemployment,6.81,Sub-Saharan Africa
Mexico,MEX,2016,96.57,Unemployment,3.85,Latin America & Caribbean
Moldova,MDA,2016,98.43,Unemployment,1.59,Europe & Central Asia
Mongolia,MNG,2016,99.08,Unemployment,7.24,East Asia & Pacific
Montenegro,MNE,2016,99.84,Unemployment,17.73,Europe & Central Asia
Morocco,MAR,2016,90.23,Unemployment,9.3,Middle East & North Africa
Nepal,NPL,2016,82.38,Unemployment,10.71,South Asia
Norway,NOR,2016,99.67,Unemployment,4.68,Europe & Central Asia
Oman,OMN,2016,98.28,Unemployment,3.27,Middle East & North Africa
Panama,PAN,2016,99.19,Unemployment,4.72,Latin America & Caribbean
Peru,PER,2016,93.79,Unemployment,3.74,Latin America & Caribbean
Philippines,PHL,2016,96.59,Unemployment,2.7,East Asia & Pacific
Poland,POL,2016,99.77,Unemployment,6.14,Europe & Central Asia
Qatar,QAT,2016,98.91,Unemployment,0.15,Middle East & North Africa
Romania,ROU,2016,99.55,Unemployment,5.9,Europe & Central Asia
Rwanda,RWA,2016,82.41,Unemployment,11.79,Sub-Saharan Africa
Samoa,WSM,2016,96.8,Unemployment,9.06,East Asia & Pacific
Sao Tome and Principe,STP,2016,96.98,Unemployment,9.68,Sub-Saharan Africa
Saudi Arabia,SAU,2016,92.12,Unemployment,5.6,Middle East & North Africa
Senegal,SEN,2016,72.98,Unemployment,4.46,Sub-Saharan Africa
Serbia,SRB,2016,99.55,Unemployment,15.26,Europe & Central Asia
Sierra Leone,SLE,2016,87.53,Unemployment,4.18,Sub-Saharan Africa
Singapore,SGP,2016,99.13,Unemployment,4.08,East Asia & Pacific
Slovak Republic,SVK,2016,99.11,Unemployment,9.68,Europe & Central Asia
Slovenia,SVN,2016,99.97,Unemployment,8.0,Europe & Central Asia
Solomon Islands,SLB,2016,91.23,Unemployment,0.74,East Asia & Pacific
Spain,ESP,2016,99.97,Unemployment,19.64,Europe & Central Asia
St. Lucia,LCA,2016,96.81,Unemployment,19.93,Latin America & Caribbean
St. Vincent and the Grenadines,VCT,2016,94.6,Unemployment,19.03,Latin America & Caribbean
Sudan,SDN,2016,91.99,Unemployment,13.66,Sub-Saharan Africa
Suriname,SUR,2016,62.49,Unemployment,7.92,Latin America & Caribbean
Sweden,SWE,2016,99.57,Unemployment,6.99,Europe & Central Asia
Switzerland,CHE,2016,99.92,Unemployment,4.92,Europe & Central Asia
Tajikistan,TJK,2016,99.49,Unemployment,7.04,Europe & Central Asia
Timor-Leste,TLS,2016,91.58,Unemployment,4.66,East Asia & Pacific
Togo,TGO,2016,83.25,Unemployment,2.97,Sub-Saharan Africa
Tunisia,TUN,2016,97.71,Unemployment,15.56,Middle East & North Africa
Uganda,UGA,2016,58.95,Unemployment,3.0,Sub-Saharan Africa
Ukraine,UKR,2016,99.6,Unemployment,9.35,Europe & Central Asia
United Kingdom,GBR,2016,99.98,Unemployment,4.91,Europe & Central Asia
United States,USA,2016,99.23,Unemployment,4.87,North America
Uzbekistan,UZB,2016,99.42,Unemployment,5.16,Europe & Central Asia
"Venezuela, RB",VEN,2016,98.55,Unemployment,5.32,Latin America & Caribbean
West Bank and Gaza,PSE,2016,98.81,Unemployment,23.94,Middle East & North Africa
Afghanistan,AFG,2017,90.77,Unemployment,11.18,Middle East & North Africa
Albania,ALB,2017,98.53,Unemployment,13.62,Europe & Central Asia
Algeria,DZA,2017,99.21,Unemployment,12.0,Middle East & North Africa
Armenia,ARM,2017,98.27,Unemployment,17.7,Europe & Central Asia
Azerbaijan,AZE,2017,99.23,Unemployment,5.0,Europe & Central Asia
Bahrain,BHR,2017,99.47,Unemployment,1.18,Middle East & North Africa
Belarus,BLR,2017,98.16,Unemployment,5.65,Europe & Central Asia
Belize,BLZ,2017,97.36,Unemployment,6.6,Latin America & Caribbean
Bolivia,BOL,2017,97.31,Unemployment,3.66,Latin America & Caribbean
Bosnia and Herzegovina,BIH,2017,97.91,Unemployment,20.53,Europe & Central Asia
Brunei Darussalam,BRN,2017,99.8,Unemployment,9.32,East Asia & Pacific
Burkina Faso,BFA,2017,80.11,Unemployment,4.66,Sub-Saharan Africa
Burundi,BDI,2017,76.29,Unemployment,1.25,Sub-Saharan Africa
Cabo Verde,CPV,2017,94.41,Unemployment,12.24,Sub-Saharan Africa
Cambodia,KHM,2017,89.85,Unemployment,0.14,East Asia & Pacific
Costa Rica,CRI,2017,91.71,Unemployment,7.73,Latin America & Caribbean
Cuba,CUB,2017,98.45,Unemployment,1.7,Latin America & Caribbean
Djibouti,DJI,2017,86.25,Unemployment,26.06,Middle East & North Africa
Dominican Republic,DOM,2017,93.16,Unemployment,5.83,Latin America & Caribbean
Ecuador,ECU,2017,99.59,Unemployment,3.84,Latin America & Caribbean
"Egypt, Arab Rep.",EGY,2017,96.56,Unemployment,11.77,Middle East & North Africa
El Salvador,SLV,2017,95.17,Unemployment,4.38,Latin America & Caribbean
Eritrea,ERI,2017,94.74,Unemployment,5.8,Sub-Saharan Africa
Georgia,GEO,2017,99.69,Unemployment,13.94,Europe & Central Asia
Ghana,GHA,2017,93.71,Unemployment,3.37,Sub-Saharan Africa
Guatemala,GTM,2017,90.17,Unemployment,2.46,Latin America & Caribbean
"Hong Kong SAR, China",HKG,2017,99.93,Unemployment,3.12,East Asia & Pacific
India,IND,2017,91.26,Unemployment,7.63,South Asia
Jamaica,JAM,2017,97.05,Unemployment,7.4,Latin America & Caribbean
Jordan,JOR,2017,97.98,Unemployment,18.12,Middle East & North Africa
Kazakhstan,KAZ,2017,99.68,Unemployment,4.9,Europe & Central Asia
Kuwait,KWT,2017,97.79,Unemployment,2.23,Middle East & North Africa
Kyrgyz Republic,KGZ,2017,99.76,Unemployment,4.42,Europe & Central Asia
Lao PDR,LAO,2017,86.18,Unemployment,3.27,East Asia & Pacific
Lebanon,LBN,2017,96.23,Unemployment,10.26,Middle East & North Africa
"Macao SAR, China",MAC,2017,99.2,Unemployment,1.98,East Asia & Pacific
Mauritania,MRT,2017,65.56,Unemployment,10.34,Sub-Saharan Africa
Mauritius,MUS,2017,99.42,Unemployment,6.75,Sub-Saharan Africa
Moldova,MDA,2017,98.26,Unemployment,1.62,Europe & Central Asia
Mongolia,MNG,2017,99.27,Unemployment,6.36,East Asia & Pacific
Montenegro,MNE,2017,99.83,Unemployment,16.08,Europe & Central Asia
Morocco,MAR,2017,90.52,Unemployment,9.22,Middle East & North Africa
Oman,OMN,2017,98.33,Unemployment,2.52,Middle East & North Africa
Pakistan,PAK,2017,87.5,Unemployment,3.2,Middle East & North Africa
Peru,PER,2017,95.43,Unemployment,3.69,Latin America & Caribbean
Rwanda,RWA,2017,72.67,Unemployment,11.88,Sub-Saharan Africa
Samoa,WSM,2017,96.19,Unemployment,9.4,East Asia & Pacific
Saudi Arabia,SAU,2017,97.98,Unemployment,5.89,Middle East & North Africa
Serbia,SRB,2017,99.69,Unemployment,13.48,Europe & Central Asia
Sierra Leone,SLE,2017,90.46,Unemployment,3.66,Sub-Saharan Africa
Solomon Islands,SLB,2017,88.22,Unemployment,0.73,East Asia & Pacific
Sri Lanka,LKA,2017,99.43,Unemployment,4.05,South Asia
St. Lucia,LCA,2017,98.23,Unemployment,19.14,Latin America & Caribbean
St. Vincent and the Grenadines,VCT,2017,95.11,Unemployment,19.02,Latin America & Caribbean
Suriname,SUR,2017,66.37,Unemployment,7.9,Latin America & Caribbean
Tanzania,TZA,2017,70.99,Unemployment,1.85,Sub-Saharan Africa
Thailand,THA,2017,98.49,Unemployment,0.83,East Asia & Pacific
Timor-Leste,TLS,2017,93.21,Unemployment,4.25,East Asia & Pacific
Togo,TGO,2017,81.99,Unemployment,3.74,Sub-Saharan Africa
Ukraine,UKR,2017,99.7,Unemployment,9.5,Europe & Central Asia
Uzbekistan,UZB,2017,99.71,Unemployment,5.83,Europe & Central Asia
West Bank and Gaza,PSE,2017,96.98,Unemployment,25.68,Middle East & North Africa
Kazakhstan,KAZ,2018,99.53,Unemployment,4.85,Europe & Central Asia
Italy,ITA,1977,98.73,Poverty,0.3,Europe & Central Asia
Italy,ITA,1978,99.06,Poverty,0.5,Europe & Central Asia
France,FRA,1979,97.86,Poverty,0.3,Europe & Central Asia
Italy,ITA,1979,99.32,Poverty,0.5,Europe & Central Asia
Italy,ITA,1980,99.28,Poverty,0.2,Europe & Central Asia
Spain,ESP,1980,98.45,Poverty,0.8,Europe & Central Asia
Brazil,BRA,1981,94.47,Poverty,30.7,Latin America & Caribbean
Costa Rica,CRI,1981,53.39,Poverty,33.5,Latin America & Caribbean
Italy,ITA,1981,99.28,Poverty,0.1,Europe & Central Asia
"Venezuela, RB",VEN,1981,88.19,Poverty,11.3,Latin America & Caribbean
Italy,ITA,1982,99.19,Poverty,0.1,Europe & Central Asia
Brazil,BRA,1983,89.84,Poverty,37.7,Latin America & Caribbean
Italy,ITA,1983,99.35,Poverty,0.2,Europe & Central Asia
Netherlands,NLD,1983,71.34,Poverty,0.7,Europe & Central Asia
Brazil,BRA,1984,91.96,Poverty,36.9,Latin America & Caribbean
Indonesia,IDN,1984,58.39,Poverty,86.2,East Asia & Pacific
Italy,ITA,1984,99.29,Poverty,0.2,Europe & Central Asia
Mexico,MEX,1984,79.93,Poverty,15.0,Latin America & Caribbean
Morocco,MAR,1984,51.06,Poverty,22.4,Middle East & North Africa
Botswana,BWA,1985,47.62,Poverty,50.1,Sub-Saharan Africa
Cote d'Ivoire,CIV,1985,48.18,Poverty,13.6,Sub-Saharan Africa
Poland,POL,1985,97.37,Poverty,0.0,Europe & Central Asia
Spain,ESP,1985,99.73,Poverty,0.5,Europe & Central Asia
Sri Lanka,LKA,1985,87.87,Poverty,28.2,South Asia
Tunisia,TUN,1985,58.81,Poverty,21.6,Middle East & North Africa
Costa Rica,CRI,1986,59.12,Poverty,19.3,Latin America & Caribbean
Cote d'Ivoire,CIV,1986,46.05,Poverty,10.2,Sub-Saharan Africa
"Iran, Islamic Rep.",IRN,1986,83.11,Poverty,21.8,Middle East & North Africa
Italy,ITA,1986,99.45,Poverty,0.4,Europe & Central Asia
Jordan,JOR,1986,95.75,Poverty,0.0,Middle East & North Africa
Lesotho,LSO,1986,67.68,Poverty,63.2,Sub-Saharan Africa
Poland,POL,1986,97.34,Poverty,0.6,Europe & Central Asia
Cote d'Ivoire,CIV,1987,46.91,Poverty,16.0,Sub-Saharan Africa
Finland,FIN,1987,99.06,Poverty,0.1,Europe & Central Asia
Hungary,HUN,1987,99.54,Poverty,0.0,Europe & Central Asia
India,IND,1987,89.83,Poverty,51.8,South Asia
Indonesia,IDN,1987,56.26,Poverty,86.8,East Asia & Pacific
Italy,ITA,1987,97.6,Poverty,1.1,Europe & Central Asia
Mauritania,MRT,1987,45.26,Poverty,50.8,Sub-Saharan Africa
Poland,POL,1987,97.34,Poverty,0.0,Europe & Central Asia
Turkiye,TUR,1987,49.28,Poverty,9.0,Europe & Central Asia
"Venezuela, RB",VEN,1987,90.35,Poverty,12.3,Latin America & Caribbean
Algeria,DZA,1988,90.79,Poverty,12.3,Middle East & North Africa
Colombia,COL,1988,63.41,Poverty,21.4,Latin America & Caribbean
Cote d'Ivoire,CIV,1988,52.07,Poverty,22.5,Sub-Saharan Africa
Bulgaria,BGR,1989,93.54,Poverty,0.0,Europe & Central Asia
Costa Rica,CRI,1989,64.74,Poverty,14.4,Latin America & Caribbean
Hungary,HUN,1989,99.76,Poverty,0.0,Europe & Central Asia
Italy,ITA,1989,97.56,Poverty,0.1,Europe & Central Asia
Mexico,MEX,1989,80.62,Poverty,14.8,Latin America & Caribbean
Poland,POL,1989,97.27,Poverty,0.0,Europe & Central Asia
"Venezuela, RB",VEN,1989,92.74,Poverty,7.3,Latin America & Caribbean
China,CHN,1990,69.39,Poverty,83.1,East Asia & Pacific
Costa Rica,CRI,1990,64.19,Poverty,13.9,Latin America & Caribbean
France,FRA,1990,97.85,Poverty,0.2,Europe & Central Asia
"Iran, Islamic Rep.",IRN,1990,87.75,Poverty,21.6,Middle East & North Africa
Morocco,MAR,1990,67.61,Poverty,11.2,Middle East & North Africa
Sri Lanka,LKA,1990,97.5,Poverty,23.4,South Asia
Tunisia,TUN,1990,69.66,Poverty,16.3,Middle East & North Africa
Costa Rica,CRI,1991,66.77,Poverty,17.1,Latin America & Caribbean
El Salvador,SLV,1991,87.14,Poverty,28.9,Latin America & Caribbean
Finland,FIN,1991,98.5,Poverty,0.0,Europe & Central Asia
Guinea,GIN,1991,80.32,Poverty,86.4,Sub-Saharan Africa
Hungary,HUN,1991,99.96,Poverty,2.1,Europe & Central Asia
Italy,ITA,1991,99.69,Poverty,0.3,Europe & Central Asia
Senegal,SEN,1991,39.32,Poverty,77.3,Sub-Saharan Africa
Brazil,BRA,1992,99.08,Poverty,29.4,Latin America & Caribbean
Bulgaria,BGR,1992,96.68,Poverty,0.0,Europe & Central Asia
Burundi,BDI,1992,17.18,Poverty,85.0,Sub-Saharan Africa
Costa Rica,CRI,1992,67.09,Poverty,13.8,Latin America & Caribbean
Cote d'Ivoire,CIV,1992,56.61,Poverty,38.4,Sub-Saharan Africa
Guyana,GUY,1992,93.24,Poverty,33.3,Latin America & Caribbean
Jordan,JOR,1992,98.67,Poverty,1.1,Middle East & North Africa
Lao PDR,LAO,1992,78.25,Poverty,42.1,East Asia & Pacific
Mexico,MEX,1992,82.12,Poverty,13.3,Latin America & Caribbean
Poland,POL,1992,100.0,Poverty,0.2,Europe & Central Asia
Romania,ROU,1992,98.23,Poverty,0.0,Europe & Central Asia
Slovak Republic,SVK,1992,96.89,Poverty,0.1,Europe & Central Asia
Trinidad and Tobago,TTO,1992,74.05,Poverty,3.2,Latin America & Caribbean
Ukraine,UKR,1992,99.58,Poverty,8.1,Europe & Central Asia
"Venezuela, RB",VEN,1992,92.28,Poverty,6.9,Latin America & Caribbean
Belarus,BLR,1993,99.52,Poverty,3.1,Europe & Central Asia
Botswana,BWA,1993,86.45,Poverty,42.1,Sub-Saharan Africa
Brazil,BRA,1993,95.71,Poverty,28.2,Latin America & Caribbean
China,CHN,1993,75.36,Poverty,77.3,East Asia & Pacific
Costa Rica,CRI,1993,67.9,Poverty,11.8,Latin America & Caribbean
Czechia,CZE,1993,100.0,Poverty,0.0,Europe & Central Asia
Germany,DEU,1993,99.97,Poverty,0.1,Europe & Central Asia
Madagascar,MDG,1993,55.45,Poverty,83.1,Sub-Saharan Africa
Mauritania,MRT,1993,50.6,Poverty,54.1,Sub-Saharan Africa
Namibia,NAM,1993,91.76,Poverty,60.3,Sub-Saharan Africa
Poland,POL,1993,99.2,Poverty,0.0,Europe & Central Asia
Slovenia,SVN,1993,99.9,Poverty,0.0,Europe & Central Asia
Spain,ESP,1993,99.04,Poverty,1.4,Europe & Central Asia
Ukraine,UKR,1993,98.81,Poverty,5.1,Europe & Central Asia
Belize,BLZ,1994,94.23,Poverty,18.1,Latin America & Caribbean
Bulgaria,BGR,1994,98.6,Poverty,0.0,Europe & Central Asia
Costa Rica,CRI,1994,68.73,Poverty,9.4,Latin America & Caribbean
Eswatini,SWZ,1994,87.61,Poverty,89.3,Sub-Saharan Africa
Germany,DEU,1994,99.99,Poverty,0.2,Europe & Central Asia
Mexico,MEX,1994,85.95,Poverty,13.6,Latin America & Caribbean
Algeria,DZA,1995,89.64,Poverty,11.8,Middle East & North Africa
Azerbaijan,AZE,1995,49.33,Poverty,19.7,Europe & Central Asia
Belarus,BLR,1995,98.54,Poverty,2.3,Europe & Central Asia
Belize,BLZ,1995,94.27,Poverty,18.4,Latin America & Caribbean
Bulgaria,BGR,1995,99.41,Poverty,1.9,Europe & Central Asia
Costa Rica,CRI,1995,68.68,Poverty,10.6,Latin America & Caribbean
Cote d'Ivoire,CIV,1995,66.76,Poverty,39.8,Sub-Saharan Africa
El Salvador,SLV,1995,91.37,Poverty,19.3,Latin America & Caribbean
Estonia,EST,1995,99.2,Poverty,0.7,Europe & Central Asia
Ethiopia,ETH,1995,94.02,Poverty,73.5,Sub-Saharan Africa
Germany,DEU,1995,99.92,Poverty,0.2,Europe & Central Asia
Italy,ITA,1995,99.82,Poverty,0.7,Europe & Central Asia
Latvia,LVA,1995,100.0,Poverty,2.2,Europe & Central Asia
Mongolia,MNG,1995,95.74,Poverty,22.1,East Asia & Pacific
Poland,POL,1995,99.18,Poverty,2.6,Europe & Central Asia
Romania,ROU,1995,100.0,Poverty,3.5,Europe & Central Asia
Tunisia,TUN,1995,81.7,Poverty,17.4,Middle East & North Africa
Chile,CHL,1996,98.57,Poverty,8.0,Latin America & Caribbean
China,CHN,1996,88.44,Poverty,62.6,East Asia & Pacific
Georgia,GEO,1996,98.42,Poverty,12.2,Europe & Central Asia
Germany,DEU,1996,99.99,Poverty,0.1,Europe & Central Asia
Kazakhstan,KAZ,1996,99.96,Poverty,14.6,Europe & Central Asia
Latvia,LVA,1996,99.57,Poverty,3.8,Europe & Central Asia
Lithuania,LTU,1996,99.59,Poverty,0.2,Europe & Central Asia
Mexico,MEX,1996,85.51,Poverty,21.7,Latin America & Caribbean
Poland,POL,1996,100.0,Poverty,9.0,Europe & Central Asia
Slovak Republic,SVK,1996,99.47,Poverty,1.8,Europe & Central Asia
Philippines,PHL,1997,97.24,Poverty,30.7,East Asia & Pacific
Uruguay,URY,1997,75.57,Poverty,0.7,Latin America & Caribbean
Argentina,ARG,1998,97.21,Poverty,5.7,Latin America & Caribbean
Austria,AUT,1998,94.5,Poverty,0.2,Europe & Central Asia
Belarus,BLR,1998,98.71,Poverty,38.2,Europe & Central Asia
Burkina Faso,BFA,1998,64.84,Poverty,86.4,Sub-Saharan Africa
Cote d'Ivoire,CIV,1998,62.36,Poverty,42.9,Sub-Saharan Africa
Croatia,HRV,1998,99.74,Poverty,0.0,Europe & Central Asia
Ecuador,ECU,1998,67.81,Poverty,21.1,Latin America & Caribbean
Estonia,EST,1998,99.41,Poverty,0.0,Europe & Central Asia
"Gambia, The",GMB,1998,85.48,Poverty,78.0,Sub-Saharan Africa
Hungary,HUN,1998,99.25,Poverty,0.4,Europe & Central Asia
Lithuania,LTU,1998,99.96,Poverty,1.0,Europe & Central Asia
Mongolia,MNG,1998,95.04,Poverty,39.7,East Asia & Pacific
Morocco,MAR,1998,84.58,Poverty,17.5,Middle East & North Africa
North Macedonia,MKD,1998,99.36,Poverty,3.3,Europe & Central Asia
Peru,PER,1998,95.86,Poverty,25.7,Latin America & Caribbean
Poland,POL,1998,100.0,Poverty,0.2,Europe & Central Asia
Romania,ROU,1998,99.81,Poverty,3.6,Europe & Central Asia
Slovenia,SVN,1998,99.8,Poverty,0.0,Europe & Central Asia
Argentina,ARG,1999,98.2,Poverty,5.9,Latin America & Caribbean
Belarus,BLR,1999,99.85,Poverty,33.7,Europe & Central Asia
Belize,BLZ,1999,94.45,Poverty,22.5,Latin America & Caribbean
Costa Rica,CRI,1999,84.76,Poverty,9.3,Latin America & Caribbean
Croatia,HRV,1999,99.86,Poverty,0.0,Europe & Central Asia
Ecuador,ECU,1999,68.71,Poverty,26.9,Latin America & Caribbean
"Egypt, Arab Rep.",EGY,1999,93.09,Poverty,0.0,Middle East & North Africa
Georgia,GEO,1999,98.56,Poverty,32.7,Europe & Central Asia
Germany,DEU,1999,99.87,Poverty,0.1,Europe & Central Asia
Hungary,HUN,1999,99.37,Poverty,0.6,Europe & Central Asia
Lithuania,LTU,1999,99.83,Poverty,1.3,Europe & Central Asia
Madagascar,MDG,1999,66.05,Poverty,78.5,Sub-Saharan Africa
Moldova,MDA,1999,99.85,Poverty,44.0,Europe & Central Asia
Paraguay,PRY,1999,95.09,Poverty,15.0,Latin America & Caribbean
Peru,PER,1999,97.04,Poverty,26.3,Latin America & Caribbean
Russian Federation,RUS,1999,100.0,Poverty,7.2,Europe & Central Asia
Seychelles,SYC,1999,99.01,Poverty,1.8,Sub-Saharan Africa
Slovenia,SVN,1999,97.17,Poverty,0.2,Europe & Central Asia
Tajikistan,TJK,1999,97.55,Poverty,79.4,Europe & Central Asia
Ukraine,UKR,1999,99.78,Poverty,24.8,Europe & Central Asia
"Venezuela, RB",VEN,1999,96.1,Poverty,16.7,Latin America & Caribbean
Argentina,ARG,2000,97.69,Poverty,7.3,Latin America & Caribbean
Belarus,BLR,2000,99.89,Poverty,26.5,Europe & Central Asia
Colombia,COL,2000,92.34,Poverty,23.9,Latin America & Caribbean
Costa Rica,CRI,2000,82.92,Poverty,9.8,Latin America & Caribbean
Croatia,HRV,2000,99.74,Poverty,0.0,Europe & Central Asia
Ecuador,ECU,2000,70.25,Poverty,34.1,Latin America & Caribbean
El Salvador,SLV,2000,93.21,Poverty,18.4,Latin America & Caribbean
Estonia,EST,2000,99.85,Poverty,3.0,Europe & Central Asia
Eswatini,SWZ,2000,83.88,Poverty,65.0,Sub-Saharan Africa
Finland,FIN,2000,99.84,Poverty,0.1,Europe & Central Asia
Georgia,GEO,2000,98.42,Poverty,35.0,Europe & Central Asia
Germany,DEU,2000,99.9,Poverty,0.1,Europe & Central Asia
Guatemala,GTM,2000,94.43,Poverty,8.8,Latin America & Caribbean
Hungary,HUN,2000,99.99,Poverty,0.1,Europe & Central Asia
Italy,ITA,2000,99.78,Poverty,1.3,Europe & Central Asia
Kyrgyz Republic,KGZ,2000,98.59,Poverty,66.2,Europe & Central Asia
Lithuania,LTU,2000,99.77,Poverty,1.2,Europe & Central Asia
Mexico,MEX,2000,90.63,Poverty,16.3,Latin America & Caribbean
Moldova,MDA,2000,98.05,Poverty,41.0,Europe & Central Asia
Morocco,MAR,2000,87.85,Poverty,16.8,Middle East & North Africa
North Macedonia,MKD,2000,98.82,Poverty,11.7,Europe & Central Asia
Norway,NOR,2000,99.92,Poverty,0.3,Europe & Central Asia
Peru,PER,2000,97.55,Poverty,25.5,Latin America & Caribbean
Poland,POL,2000,100.0,Poverty,0.3,Europe & Central Asia
Romania,ROU,2000,99.46,Poverty,11.9,Europe & Central Asia
Russian Federation,RUS,2000,99.31,Poverty,5.1,Europe & Central Asia
Sweden,SWE,2000,99.92,Poverty,0.1,Europe & Central Asia
Switzerland,CHE,2000,99.94,Poverty,0.1,Europe & Central Asia
Tanzania,TZA,2000,19.77,Poverty,86.9,Sub-Saharan Africa
Tunisia,TUN,2000,91.92,Poverty,10.5,Middle East & North Africa
Uruguay,URY,2000,81.47,Poverty,0.8,Latin America & Caribbean
Uzbekistan,UZB,2000,98.56,Poverty,93.8,Europe & Central Asia
Argentina,ARG,2001,97.4,Poverty,10.7,Latin America & Caribbean
Azerbaijan,AZE,2001,98.26,Poverty,11.4,Europe & Central Asia
Belarus,BLR,2001,99.55,Poverty,14.7,Europe & Central Asia
Brazil,BRA,2001,97.91,Poverty,17.5,Latin America & Caribbean
Bulgaria,BGR,2001,98.28,Poverty,4.7,Europe & Central Asia
Cabo Verde,CPV,2001,87.76,Poverty,37.1,Sub-Saharan Africa
Colombia,COL,2001,100.0,Poverty,29.6,Latin America & Caribbean
Costa Rica,CRI,2001,87.88,Poverty,7.6,Latin America & Caribbean
Croatia,HRV,2001,99.92,Poverty,0.0,Europe & Central Asia
El Salvador,SLV,2001,95.83,Poverty,19.4,Latin America & Caribbean
Estonia,EST,2001,99.54,Poverty,3.0,Europe & Central Asia
Georgia,GEO,2001,97.83,Poverty,36.7,Europe & Central Asia
Germany,DEU,2001,99.78,Poverty,0.1,Europe & Central Asia
Hungary,HUN,2001,99.47,Poverty,0.0,Europe & Central Asia
Indonesia,IDN,2001,78.36,Poverty,62.3,East Asia & Pacific
Israel,ISR,2001,99.9,Poverty,0.4,Middle East & North Africa
Kazakhstan,KAZ,2001,98.89,Poverty,20.7,Europe & Central Asia
Kyrgyz Republic,KGZ,2001,99.65,Poverty,61.5,Europe & Central Asia
Lithuania,LTU,2001,99.67,Poverty,1.6,Europe & Central Asia
Madagascar,MDG,2001,70.93,Poverty,57.5,Sub-Saharan Africa
Mali,MLI,2001,71.62,Poverty,68.6,Sub-Saharan Africa
Moldova,MDA,2001,98.28,Poverty,32.2,Europe & Central Asia
Paraguay,PRY,2001,91.74,Poverty,13.5,Latin America & Caribbean
Peru,PER,2001,97.8,Poverty,27.4,Latin America & Caribbean
Poland,POL,2001,100.0,Poverty,0.4,Europe & Central Asia
Romania,ROU,2001,99.56,Poverty,9.5,Europe & Central Asia
Senegal,SEN,2001,52.99,Poverty,63.9,Sub-Saharan Africa
Sweden,SWE,2001,99.95,Poverty,0.2,Europe & Central Asia
Uruguay,URY,2001,83.55,Poverty,0.7,Latin America & Caribbean
"Venezuela, RB",VEN,2001,98.8,Poverty,14.7,Latin America & Caribbean
Argentina,ARG,2002,96.52,Poverty,17.1,Latin America & Caribbean
Armenia,ARM,2002,98.21,Poverty,19.8,Europe & Central Asia
Azerbaijan,AZE,2002,98.1,Poverty,0.2,Europe & Central Asia
Belarus,BLR,2002,99.9,Poverty,10.4,Europe & Central Asia
Botswana,BWA,2002,97.77,Poverty,34.8,Sub-Saharan Africa
Brazil,BRA,2002,96.9,Poverty,16.2,Latin America & Caribbean
Czechia,CZE,2002,99.84,Poverty,0.0,Europe & Central Asia
El Salvador,SLV,2002,97.18,Poverty,19.5,Latin America & Caribbean
Georgia,GEO,2002,98.53,Poverty,22.3,Europe & Central Asia
Germany,DEU,2002,99.76,Poverty,0.1,Europe & Central Asia
Guinea,GIN,2002,70.51,Poverty,50.3,Sub-Saharan Africa
Hungary,HUN,2002,99.87,Poverty,0.1,Europe & Central Asia
Indonesia,IDN,2002,81.76,Poverty,46.8,East Asia & Pacific
Israel,ISR,2002,99.89,Poverty,0.8,Middle East & North Africa
Italy,ITA,2002,99.84,Poverty,1.7,Europe & Central Asia
Jordan,JOR,2002,98.45,Poverty,1.0,Middle East & North Africa
Kazakhstan,KAZ,2002,99.55,Poverty,16.2,Europe & Central Asia
Kyrgyz Republic,KGZ,2002,98.42,Poverty,58.1,Europe & Central Asia
Lao PDR,LAO,2002,83.1,Poverty,43.1,East Asia & Pacific
Latvia,LVA,2002,99.8,Poverty,1.5,Europe & Central Asia
Lesotho,LSO,2002,78.36,Poverty,74.9,Sub-Saharan Africa
Lithuania,LTU,2002,99.32,Poverty,1.4,Europe & Central Asia
Mexico,MEX,2002,93.31,Poverty,12.8,Latin America & Caribbean
Moldova,MDA,2002,98.36,Poverty,19.9,Europe & Central Asia
Mongolia,MNG,2002,99.25,Poverty,18.7,East Asia & Pacific
North Macedonia,MKD,2002,97.83,Poverty,3.0,Europe & Central Asia
Paraguay,PRY,2002,92.13,Poverty,19.6,Latin America & Caribbean
Poland,POL,2002,100.0,Poverty,0.3,Europe & Central Asia
Romania,ROU,2002,99.76,Poverty,9.1,Europe & Central Asia
Samoa,WSM,2002,97.47,Poverty,5.9,East Asia & Pacific
Slovenia,SVN,2002,99.8,Poverty,0.1,Europe & Central Asia
Sri Lanka,LKA,2002,98.03,Poverty,20.7,South Asia
Switzerland,CHE,2002,99.82,Poverty,0.0,Europe & Central Asia
Uganda,UGA,2002,43.24,Poverty,78.6,Sub-Saharan Africa
Uruguay,URY,2002,83.43,Poverty,1.1,Latin America & Caribbean
Uzbekistan,UZB,2002,99.43,Poverty,93.1,Europe & Central Asia
"Venezuela, RB",VEN,2002,98.33,Poverty,22.1,Latin America & Caribbean
Argentina,ARG,2003,96.71,Poverty,8.2,Latin America & Caribbean
Armenia,ARM,2003,98.05,Poverty,14.8,Europe & Central Asia
Azerbaijan,AZE,2003,99.24,Poverty,0.2,Europe & Central Asia
Belarus,BLR,2003,98.77,Poverty,8.7,Europe & Central Asia
Bhutan,BTN,2003,94.38,Poverty,23.1,South Asia
Brazil,BRA,2003,95.22,Poverty,17.1,Latin America & Caribbean
Bulgaria,BGR,2003,98.3,Poverty,2.2,Europe & Central Asia
Chad,TCD,2003,65.92,Poverty,66.7,Sub-Saharan Africa
Dominican Republic,DOM,2003,92.08,Poverty,10.7,Latin America & Caribbean
Ecuador,ECU,2003,74.0,Poverty,18.9,Latin America & Caribbean
Estonia,EST,2003,99.56,Poverty,3.6,Europe & Central Asia
Finland,FIN,2003,99.93,Poverty,0.0,Europe & Central Asia
"Gambia, The",GMB,2003,90.63,Poverty,55.2,Sub-Saharan Africa
Germany,DEU,2003,99.64,Poverty,0.1,Europe & Central Asia
Hungary,HUN,2003,99.84,Poverty,0.2,Europe & Central Asia
Iceland,ISL,2003,99.65,Poverty,0.0,Europe & Central Asia
Indonesia,IDN,2003,83.73,Poverty,45.5,East Asia & Pacific
Israel,ISR,2003,99.97,Poverty,0.9,Middle East & North Africa
Italy,ITA,2003,99.59,Poverty,0.9,Europe & Central Asia
Kazakhstan,KAZ,2003,99.72,Poverty,12.3,Europe & Central Asia
Kyrgyz Republic,KGZ,2003,99.02,Poverty,56.6,Europe & Central Asia
Latvia,LVA,2003,99.71,Poverty,1.5,Europe & Central Asia
Lithuania,LTU,2003,99.39,Poverty,0.4,Europe & Central Asia
Moldova,MDA,2003,98.43,Poverty,10.0,Europe & Central Asia
Nepal,NPL,2003,85.61,Poverty,55.9,South Asia
North Macedonia,MKD,2003,98.39,Poverty,2.8,Europe & Central Asia
Norway,NOR,2003,99.8,Poverty,0.2,Europe & Central Asia
Paraguay,PRY,2003,91.6,Poverty,13.8,Latin America & Caribbean
Peru,PER,2003,97.79,Poverty,22.5,Latin America & Caribbean
Philippines,PHL,2003,96.99,Poverty,24.3,East Asia & Pacific
Poland,POL,2003,100.0,Poverty,0.2,Europe & Central Asia
Romania,ROU,2003,99.81,Poverty,7.0,Europe & Central Asia
Sweden,SWE,2003,99.84,Poverty,0.4,Europe & Central Asia
Syrian Arab Republic,SYR,2003,97.82,Poverty,0.5,Middle East & North Africa
Tajikistan,TJK,2003,98.22,Poverty,56.0,Europe & Central Asia
Turkiye,TUR,2003,97.64,Poverty,10.0,Europe & Central Asia
Uruguay,URY,2003,82.49,Poverty,1.5,Latin America & Caribbean
Uzbekistan,UZB,2003,99.42,Poverty,93.3,Europe & Central Asia
"Venezuela, RB",VEN,2003,98.99,Poverty,27.1,Latin America & Caribbean
Argentina,ARG,2004,95.87,Poverty,6.0,Latin America & Caribbean
Armenia,ARM,2004,99.74,Poverty,10.3,Europe & Central Asia
Azerbaijan,AZE,2004,99.27,Poverty,0.0,Europe & Central Asia
Belarus,BLR,2004,99.57,Poverty,4.3,Europe & Central Asia
Colombia,COL,2004,99.62,Poverty,19.2,Latin America & Caribbean
Costa Rica,CRI,2004,96.81,Poverty,6.6,Latin America & Caribbean
Cyprus,CYP,2004,99.68,Poverty,0.1,Europe & Central Asia
Czechia,CZE,2004,99.86,Poverty,0.0,Europe & Central Asia
Denmark,DNK,2004,99.69,Poverty,0.3,Europe & Central Asia
Ecuador,ECU,2004,78.59,Poverty,19.4,Latin America & Caribbean
Estonia,EST,2004,99.95,Poverty,1.6,Europe & Central Asia
Ethiopia,ETH,2004,99.05,Poverty,41.3,Sub-Saharan Africa
Finland,FIN,2004,99.97,Poverty,0.0,Europe & Central Asia
Georgia,GEO,2004,97.94,Poverty,20.9,Europe & Central Asia
Germany,DEU,2004,99.82,Poverty,0.1,Europe & Central Asia
Greece,GRC,2004,99.42,Poverty,0.9,Europe & Central Asia
Hungary,HUN,2004,99.66,Poverty,0.3,Europe & Central Asia
Iceland,ISL,2004,99.45,Poverty,0.2,Europe & Central Asia
Indonesia,IDN,2004,78.59,Poverty,45.4,East Asia & Pacific
Israel,ISR,2004,99.6,Poverty,1.0,Middle East & North Africa
Italy,ITA,2004,99.63,Poverty,0.8,Europe & Central Asia
Kazakhstan,KAZ,2004,99.92,Poverty,7.6,Europe & Central Asia
Kyrgyz Republic,KGZ,2004,99.08,Poverty,32.5,Europe & Central Asia
Latvia,LVA,2004,99.4,Poverty,3.7,Europe & Central Asia
Lithuania,LTU,2004,99.27,Poverty,4.0,Europe & Central Asia
Malawi,MWI,2004,82.15,Poverty,74.4,Sub-Saharan Africa
Mauritania,MRT,2004,54.31,Poverty,28.5,Sub-Saharan Africa
Mexico,MEX,2004,94.29,Poverty,11.0,Latin America & Caribbean
Moldova,MDA,2004,98.76,Poverty,11.6,Europe & Central Asia
North Macedonia,MKD,2004,99.56,Poverty,1.4,Europe & Central Asia
Norway,NOR,2004,99.86,Poverty,0.3,Europe & Central Asia
Pakistan,PAK,2004,71.83,Poverty,40.9,Middle East & North Africa
Panama,PAN,2004,65.31,Poverty,15.5,Latin America & Caribbean
Paraguay,PRY,2004,90.23,Poverty,10.7,Latin America & Caribbean
Peru,PER,2004,98.36,Poverty,23.5,Latin America & Caribbean
Poland,POL,2004,100.0,Poverty,2.8,Europe & Central Asia
Romania,ROU,2004,99.65,Poverty,5.3,Europe & Central Asia
Slovak Republic,SVK,2004,99.96,Poverty,0.2,Europe & Central Asia
Switzerland,CHE,2004,99.85,Poverty,0.1,Europe & Central Asia
Tajikistan,TJK,2004,97.88,Poverty,37.2,Europe & Central Asia
Turkiye,TUR,2004,97.72,Poverty,6.6,Europe & Central Asia
Uruguay,URY,2004,82.04,Poverty,1.7,Latin America & Caribbean
"Venezuela, RB",VEN,2004,99.8,Poverty,22.8,Latin America & Caribbean
West Bank and Gaza,PSE,2004,99.24,Poverty,1.8,Middle East & North Africa
Zambia,ZMB,2004,64.58,Poverty,68.9,Sub-Saharan Africa
Argentina,ARG,2005,95.39,Poverty,4.4,Latin America & Caribbean
Armenia,ARM,2005,99.5,Poverty,6.1,Europe & Central Asia
Azerbaijan,AZE,2005,99.07,Poverty,0.0,Europe & Central Asia
Belarus,BLR,2005,99.66,Poverty,2.4,Europe & Central Asia
Colombia,COL,2005,99.54,Poverty,16.8,Latin America & Caribbean
Costa Rica,CRI,2005,98.15,Poverty,5.0,Latin America & Caribbean
Cyprus,CYP,2005,99.79,Poverty,0.1,Europe & Central Asia
Czechia,CZE,2005,99.78,Poverty,0.0,Europe & Central Asia
Denmark,DNK,2005,99.98,Poverty,0.3,Europe & Central Asia
Ecuador,ECU,2005,77.9,Poverty,15.4,Latin America & Caribbean
El Salvador,SLV,2005,95.24,Poverty,16.4,Latin America & Caribbean
Finland,FIN,2005,99.88,Poverty,0.1,Europe & Central Asia
Georgia,GEO,2005,99.67,Poverty,22.3,Europe & Central Asia
Germany,DEU,2005,99.59,Poverty,0.1,Europe & Central Asia
Ghana,GHA,2005,96.69,Poverty,60.9,Sub-Saharan Africa
Greece,GRC,2005,99.28,Poverty,0.4,Europe & Central Asia
Honduras,HND,2005,71.39,Poverty,31.3,Latin America & Caribbean
Hungary,HUN,2005,99.61,Poverty,1.0,Europe & Central Asia
Iceland,ISL,2005,99.83,Poverty,0.0,Europe & Central Asia
Indonesia,IDN,2005,88.62,Poverty,41.1,East Asia & Pacific
"Iran, Islamic Rep.",IRN,2005,89.0,Poverty,4.5,Middle East & North Africa
Israel,ISR,2005,99.81,Poverty,0.9,Middle East & North Africa
Italy,ITA,2005,99.36,Poverty,0.8,Europe & Central Asia
Kazakhstan,KAZ,2005,99.98,Poverty,14.6,Europe & Central Asia
Kyrgyz Republic,KGZ,2005,99.96,Poverty,36.6,Europe & Central Asia
Latvia,LVA,2005,99.14,Poverty,3.1,Europe & Central Asia
Lithuania,LTU,2005,98.72,Poverty,2.7,Europe & Central Asia
Madagascar,MDG,2005,70.36,Poverty,55.3,Sub-Saharan Africa
Mexico,MEX,2005,94.34,Poverty,11.7,Latin America & Caribbean
Moldova,MDA,2005,98.64,Poverty,16.6,Europe & Central Asia
Niger,NER,2005,72.35,Poverty,83.8,Sub-Saharan Africa
North Macedonia,MKD,2005,98.91,Poverty,3.1,Europe & Central Asia
Norway,NOR,2005,99.68,Poverty,0.2,Europe & Central Asia
Pakistan,PAK,2005,73.26,Poverty,40.8,Middle East & North Africa
Panama,PAN,2005,94.74,Poverty,14.5,Latin America & Caribbean
Peru,PER,2005,98.05,Poverty,25.4,Latin America & Caribbean
Poland,POL,2005,100.0,Poverty,1.4,Europe & Central Asia
Romania,ROU,2005,99.59,Poverty,4.2,Europe & Central Asia
Senegal,SEN,2005,64.55,Poverty,53.6,Sub-Saharan Africa
Slovak Republic,SVK,2005,99.49,Poverty,0.3,Europe & Central Asia
Sweden,SWE,2005,99.95,Poverty,1.1,Europe & Central Asia
Turkiye,TUR,2005,98.39,Poverty,6.5,Europe & Central Asia
Ukraine,UKR,2005,99.71,Poverty,1.1,Europe & Central Asia
Uruguay,URY,2005,82.88,Poverty,1.5,Latin America & Caribbean
"Venezuela, RB",VEN,2005,99.58,Poverty,18.1,Latin America & Caribbean
Argentina,ARG,2006,94.96,Poverty,3.5,Latin America & Caribbean
Armenia,ARM,2006,99.32,Poverty,4.5,Europe & Central Asia
Belarus,BLR,2006,99.94,Poverty,1.1,Europe & Central Asia
Bulgaria,BGR,2006,97.72,Poverty,8.0,Europe & Central Asia
Costa Rica,CRI,2006,96.71,Poverty,5.2,Latin America & Caribbean
Cyprus,CYP,2006,99.15,Poverty,0.0,Europe & Central Asia
Czechia,CZE,2006,99.27,Poverty,0.1,Europe & Central Asia
Denmark,DNK,2006,96.76,Poverty,0.2,Europe & Central Asia
Dominican Republic,DOM,2006,98.83,Poverty,8.1,Latin America & Caribbean
Ecuador,ECU,2006,79.1,Poverty,10.9,Latin America & Caribbean
El Salvador,SLV,2006,95.01,Poverty,12.6,Latin America & Caribbean
Finland,FIN,2006,99.91,Poverty,0.1,Europe & Central Asia
Georgia,GEO,2006,100.0,Poverty,22.5,Europe & Central Asia
Germany,DEU,2006,99.32,Poverty,0.0,Europe & Central Asia
Greece,GRC,2006,97.15,Poverty,0.7,Europe & Central Asia
Guatemala,GTM,2006,93.28,Poverty,10.5,Latin America & Caribbean
Hungary,HUN,2006,99.62,Poverty,0.2,Europe & Central Asia
Iceland,ISL,2006,99.77,Poverty,0.2,Europe & Central Asia
Indonesia,IDN,2006,98.94,Poverty,46.8,East Asia & Pacific
"Iran, Islamic Rep.",IRN,2006,96.12,Poverty,4.5,Middle East & North Africa
Israel,ISR,2006,99.83,Poverty,0.5,Middle East & North Africa
Italy,ITA,2006,99.68,Poverty,0.8,Europe & Central Asia
Jordan,JOR,2006,99.67,Poverty,0.3,Middle East & North Africa
Kazakhstan,KAZ,2006,99.99,Poverty,2.4,Europe & Central Asia
"Korea, Rep.",KOR,2006,98.86,Poverty,0.5,East Asia & Pacific
Kyrgyz Republic,KGZ,2006,99.01,Poverty,26.0,Europe & Central Asia
Lithuania,LTU,2006,99.22,Poverty,1.8,Europe & Central Asia
Malaysia,MYS,2006,97.71,Poverty,1.7,East Asia & Pacific
Mali,MLI,2006,86.33,Poverty,64.0,Sub-Saharan Africa
Malta,MLT,2006,97.58,Poverty,0.5,Middle East & North Africa
Mauritius,MUS,2006,86.32,Poverty,1.1,Sub-Saharan Africa
Mexico,MEX,2006,94.7,Poverty,9.0,Latin America & Caribbean
Moldova,MDA,2006,98.93,Poverty,3.4,Europe & Central Asia
Morocco,MAR,2006,86.57,Poverty,9.4,Middle East & North Africa
North Macedonia,MKD,2006,99.52,Poverty,4.6,Europe & Central Asia
Norway,NOR,2006,99.64,Poverty,0.2,Europe & Central Asia
Panama,PAN,2006,98.88,Poverty,15.7,Latin America & Caribbean
Paraguay,PRY,2006,88.37,Poverty,14.1,Latin America & Caribbean
Peru,PER,2006,97.96,Poverty,21.8,Latin America & Caribbean
Philippines,PHL,2006,98.05,Poverty,26.1,East Asia & Pacific
Poland,POL,2006,100.0,Poverty,0.9,Europe & Central Asia
Serbia,SRB,2006,99.57,Poverty,0.9,Europe & Central Asia
Slovak Republic,SVK,2006,99.34,Poverty,0.3,Europe & Central Asia
Sri Lanka,LKA,2006,99.45,Poverty,12.2,South Asia
Sweden,SWE,2006,99.91,Poverty,0.4,Europe & Central Asia
Switzerland,CHE,2006,99.77,Poverty,0.1,Europe & Central Asia
Syrian Arab Republic,SYR,2006,98.35,Poverty,0.0,Middle East & North Africa
Turkiye,TUR,2006,98.91,Poverty,4.8,Europe & Central Asia
Ukraine,UKR,2006,99.76,Poverty,0.7,Europe & Central Asia
Uruguay,URY,2006,78.53,Poverty,1.0,Latin America & Caribbean
"Venezuela, RB",VEN,2006,99.25,Poverty,9.7,Latin America & Caribbean
West Bank and Gaza,PSE,2006,99.37,Poverty,0.5,Middle East & North Africa
Zambia,ZMB,2006,66.57,Poverty,72.0,Sub-Saharan Africa
Argentina,ARG,2007,95.16,Poverty,2.8,Latin America & Caribbean
Armenia,ARM,2007,99.25,Poverty,3.7,Europe & Central Asia
Belarus,BLR,2007,98.7,Poverty,1.1,Europe & Central Asia
Bhutan,BTN,2007,98.25,Poverty,12.0,South Asia
Bulgaria,BGR,2007,97.31,Poverty,2.5,Europe & Central Asia
Cabo Verde,CPV,2007,94.28,Poverty,26.2,Sub-Saharan Africa
Cameroon,CMR,2007,59.51,Poverty,36.0,Sub-Saharan Africa
Costa Rica,CRI,2007,96.93,Poverty,3.1,Latin America & Caribbean
Cyprus,CYP,2007,99.91,Poverty,0.0,Europe & Central Asia
Czechia,CZE,2007,99.25,Poverty,0.1,Europe & Central Asia
Denmark,DNK,2007,96.28,Poverty,0.1,Europe & Central Asia
El Salvador,SLV,2007,95.18,Poverty,9.2,Latin America & Caribbean
Estonia,EST,2007,99.44,Poverty,0.6,Europe & Central Asia
Finland,FIN,2007,99.98,Poverty,0.1,Europe & Central Asia
Georgia,GEO,2007,99.7,Poverty,23.9,Europe & Central Asia
Germany,DEU,2007,99.54,Poverty,0.1,Europe & Central Asia
Hungary,HUN,2007,99.84,Poverty,0.2,Europe & Central Asia
Iceland,ISL,2007,99.83,Poverty,0.1,Europe & Central Asia
Indonesia,IDN,2007,91.55,Poverty,41.1,East Asia & Pacific
Israel,ISR,2007,99.98,Poverty,0.6,Middle East & North Africa
Italy,ITA,2007,99.96,Poverty,0.8,Europe & Central Asia
Kazakhstan,KAZ,2007,99.97,Poverty,1.1,Europe & Central Asia
Kyrgyz Republic,KGZ,2007,99.85,Poverty,23.3,Europe & Central Asia
Lao PDR,LAO,2007,81.73,Poverty,36.0,East Asia & Pacific
Latvia,LVA,2007,98.47,Poverty,0.8,Europe & Central Asia
Lithuania,LTU,2007,99.05,Poverty,1.6,Europe & Central Asia
Malta,MLT,2007,99.79,Poverty,0.5,Middle East & North Africa
Moldova,MDA,2007,98.38,Poverty,1.6,Europe & Central Asia
Niger,NER,2007,59.59,Poverty,82.9,Sub-Saharan Africa
Norway,NOR,2007,99.95,Poverty,0.2,Europe & Central Asia
Pakistan,PAK,2007,74.97,Poverty,34.9,Middle East & North Africa
Panama,PAN,2007,99.84,Poverty,13.0,Latin America & Caribbean
Paraguay,PRY,2007,89.29,Poverty,12.6,Latin America & Caribbean
Peru,PER,2007,96.39,Poverty,18.9,Latin America & Caribbean
Russian Federation,RUS,2007,100.0,Poverty,0.4,Europe & Central Asia
Serbia,SRB,2007,99.79,Poverty,0.6,Europe & Central Asia
Slovak Republic,SVK,2007,99.39,Poverty,0.6,Europe & Central Asia
Sweden,SWE,2007,99.91,Poverty,0.5,Europe & Central Asia
Switzerland,CHE,2007,99.61,Poverty,0.1,Europe & Central Asia
Tajikistan,TJK,2007,98.72,Poverty,24.2,Europe & Central Asia
Turkiye,TUR,2007,98.52,Poverty,4.0,Europe & Central Asia
Ukraine,UKR,2007,99.62,Poverty,0.5,Europe & Central Asia
Uruguay,URY,2007,88.42,Poverty,0.7,Latin America & Caribbean
West Bank and Gaza,PSE,2007,99.74,Poverty,2.9,Middle East & North Africa
Albania,ALB,2008,99.22,Poverty,0.8,Europe & Central Asia
Angola,AGO,2008,40.82,Poverty,22.1,Sub-Saharan Africa
Argentina,ARG,2008,95.31,Poverty,2.6,Latin America & Caribbean
Belarus,BLR,2008,99.07,Poverty,0.5,Europe & Central Asia
Bulgaria,BGR,2008,97.92,Poverty,1.9,Europe & Central Asia
Central African Republic,CAF,2008,62.54,Poverty,67.3,Sub-Saharan Africa
China,CHN,2008,99.36,Poverty,26.1,East Asia & Pacific
Colombia,COL,2008,99.66,Poverty,16.3,Latin America & Caribbean
Costa Rica,CRI,2008,94.57,Poverty,3.4,Latin America & Caribbean
Cote d'Ivoire,CIV,2008,68.76,Poverty,47.0,Sub-Saharan Africa
Croatia,HRV,2008,99.39,Poverty,0.0,Europe & Central Asia
Cyprus,CYP,2008,99.99,Poverty,0.0,Europe & Central Asia
Czechia,CZE,2008,99.73,Poverty,0.1,Europe & Central Asia
Denmark,DNK,2008,99.79,Poverty,0.3,Europe & Central Asia
Dominican Republic,DOM,2008,95.3,Poverty,7.1,Latin America & Caribbean
Ecuador,ECU,2008,97.17,Poverty,9.8,Latin America & Caribbean
El Salvador,SLV,2008,97.29,Poverty,12.6,Latin America & Caribbean
Estonia,EST,2008,99.43,Poverty,0.6,Europe & Central Asia
Fiji,FJI,2008,96.3,Poverty,3.8,East Asia & Pacific
Finland,FIN,2008,99.88,Poverty,0.1,Europe & Central Asia
Georgia,GEO,2008,98.87,Poverty,21.7,Europe & Central Asia
Hungary,HUN,2008,99.66,Poverty,0.1,Europe & Central Asia
Iceland,ISL,2008,99.78,Poverty,0.1,Europe & Central Asia
Indonesia,IDN,2008,92.05,Poverty,38.0,East Asia & Pacific
Israel,ISR,2008,99.99,Poverty,0.7,Middle East & North Africa
Italy,ITA,2008,99.94,Poverty,0.9,Europe & Central Asia
Kazakhstan,KAZ,2008,99.84,Poverty,0.8,Europe & Central Asia
"Korea, Rep.",KOR,2008,99.99,Poverty,0.5,East Asia & Pacific
Kyrgyz Republic,KGZ,2008,99.6,Poverty,13.8,Europe & Central Asia
Latvia,LVA,2008,99.23,Poverty,1.6,Europe & Central Asia
Lithuania,LTU,2008,99.33,Poverty,1.8,Europe & Central Asia
Malaysia,MYS,2008,96.32,Poverty,1.5,East Asia & Pacific
Mauritania,MRT,2008,39.31,Poverty,19.2,Sub-Saharan Africa
Mexico,MEX,2008,94.87,Poverty,10.1,Latin America & Caribbean
Moldova,MDA,2008,98.15,Poverty,1.7,Europe & Central Asia
Mozambique,MOZ,2008,60.24,Poverty,81.1,Sub-Saharan Africa
North Macedonia,MKD,2008,98.68,Poverty,1.4,Europe & Central Asia
Norway,NOR,2008,99.77,Poverty,0.2,Europe & Central Asia
Panama,PAN,2008,98.05,Poverty,9.0,Latin America & Caribbean
Paraguay,PRY,2008,90.13,Poverty,7.9,Latin America & Caribbean
Peru,PER,2008,97.63,Poverty,15.8,Latin America & Caribbean
Poland,POL,2008,99.36,Poverty,0.3,Europe & Central Asia
Romania,ROU,2008,99.43,Poverty,6.0,Europe & Central Asia
Russian Federation,RUS,2008,100.0,Poverty,0.2,Europe & Central Asia
Serbia,SRB,2008,99.36,Poverty,0.3,Europe & Central Asia
Slovak Republic,SVK,2008,99.39,Poverty,0.5,Europe & Central Asia
Slovenia,SVN,2008,99.43,Poverty,0.0,Europe & Central Asia
Spain,ESP,2008,99.8,Poverty,0.6,Europe & Central Asia
Sweden,SWE,2008,99.78,Poverty,0.7,Europe & Central Asia
Switzerland,CHE,2008,99.68,Poverty,0.1,Europe & Central Asia
Turkiye,TUR,2008,98.22,Poverty,3.3,Europe & Central Asia
Ukraine,UKR,2008,99.77,Poverty,0.1,Europe & Central Asia
Uruguay,URY,2008,82.26,Poverty,0.4,Latin America & Caribbean
Argentina,ARG,2009,95.88,Poverty,2.4,Latin America & Caribbean
Belarus,BLR,2009,98.55,Poverty,0.5,Europe & Central Asia
Bolivia,BOL,2009,95.04,Poverty,10.0,Latin America & Caribbean
Bulgaria,BGR,2009,98.81,Poverty,1.8,Europe & Central Asia
Burkina Faso,BFA,2009,74.86,Poverty,67.2,Sub-Saharan Africa
Colombia,COL,2009,98.26,Poverty,15.1,Latin America & Caribbean
Costa Rica,CRI,2009,92.03,Poverty,3.6,Latin America & Caribbean
Croatia,HRV,2009,99.7,Poverty,1.0,Europe & Central Asia
Cyprus,CYP,2009,99.9,Poverty,0.1,Europe & Central Asia
Czechia,CZE,2009,99.36,Poverty,0.0,Europe & Central Asia
Denmark,DNK,2009,99.92,Poverty,0.6,Europe & Central Asia
Dominican Republic,DOM,2009,91.06,Poverty,6.3,Latin America & Caribbean
Ecuador,ECU,2009,97.0,Poverty,9.3,Latin America & Caribbean
El Salvador,SLV,2009,98.31,Poverty,12.4,Latin America & Caribbean
Estonia,EST,2009,99.83,Poverty,0.8,Europe & Central Asia
Eswatini,SWZ,2009,97.73,Poverty,58.2,Sub-Saharan Africa
Finland,FIN,2009,99.94,Poverty,0.1,Europe & Central Asia
Georgia,GEO,2009,99.77,Poverty,21.1,Europe & Central Asia
Hungary,HUN,2009,99.82,Poverty,0.1,Europe & Central Asia
Iceland,ISL,2009,99.93,Poverty,0.1,Europe & Central Asia
Indonesia,IDN,2009,89.84,Poverty,37.9,East Asia & Pacific
"Iran, Islamic Rep.",IRN,2009,96.43,Poverty,4.9,Middle East & North Africa
Israel,ISR,2009,99.99,Poverty,0.9,Middle East & North Africa
Italy,ITA,2009,99.94,Poverty,1.1,Europe & Central Asia
Kazakhstan,KAZ,2009,99.83,Poverty,0.8,Europe & Central Asia
Kyrgyz Republic,KGZ,2009,99.33,Poverty,9.8,Europe & Central Asia
Latvia,LVA,2009,98.8,Poverty,2.6,Europe & Central Asia
Lithuania,LTU,2009,99.24,Poverty,2.7,Europe & Central Asia
Mali,MLI,2009,86.33,Poverty,63.3,Sub-Saharan Africa
Moldova,MDA,2009,98.25,Poverty,1.5,Europe & Central Asia
Namibia,NAM,2009,94.08,Poverty,38.6,Sub-Saharan Africa
Norway,NOR,2009,99.93,Poverty,0.1,Europe & Central Asia
Panama,PAN,2009,98.75,Poverty,6.6,Latin America & Caribbean
Paraguay,PRY,2009,92.0,Poverty,9.1,Latin America & Caribbean
Peru,PER,2009,96.66,Poverty,13.7,Latin America & Caribbean
Poland,POL,2009,99.04,Poverty,0.6,Europe & Central Asia
Romania,ROU,2009,99.41,Poverty,5.3,Europe & Central Asia
Serbia,SRB,2009,98.42,Poverty,0.6,Europe & Central Asia
Slovak Republic,SVK,2009,99.4,Poverty,0.6,Europe & Central Asia
Slovenia,SVN,2009,99.42,Poverty,0.0,Europe & Central Asia
Spain,ESP,2009,98.68,Poverty,0.9,Europe & Central Asia
Sudan,SDN,2009,96.34,Poverty,13.1,Sub-Saharan Africa
Sweden,SWE,2009,99.76,Poverty,0.5,Europe & Central Asia
Switzerland,CHE,2009,99.91,Poverty,0.0,Europe & Central Asia
Syrian Arab Republic,SYR,2009,97.91,Poverty,0.0,Middle East & North Africa
Tajikistan,TJK,2009,98.78,Poverty,15.7,Europe & Central Asia
Uganda,UGA,2009,49.62,Poverty,63.5,Sub-Saharan Africa
Ukraine,UKR,2009,99.73,Poverty,0.3,Europe & Central Asia
Uruguay,URY,2009,81.29,Poverty,0.4,Latin America & Caribbean
West Bank and Gaza,PSE,2009,96.81,Poverty,0.6,Middle East & North Africa
Argentina,ARG,2010,96.18,Poverty,1.5,Latin America & Caribbean
Austria,AUT,2010,99.95,Poverty,0.5,Europe & Central Asia
Bangladesh,BGD,2010,94.51,Poverty,25.1,South Asia
Belarus,BLR,2010,98.44,Poverty,0.2,Europe & Central Asia
Bulgaria,BGR,2010,98.67,Poverty,2.7,Europe & Central Asia
Colombia,COL,2010,98.6,Poverty,13.3,Latin America & Caribbean
Costa Rica,CRI,2010,92.91,Poverty,2.2,Latin America & Caribbean
Croatia,HRV,2010,99.49,Poverty,1.4,Europe & Central Asia
Cyprus,CYP,2010,99.43,Poverty,0.1,Europe & Central Asia
Czechia,CZE,2010,99.34,Poverty,0.0,Europe & Central Asia
Denmark,DNK,2010,99.87,Poverty,0.1,Europe & Central Asia
Dominican Republic,DOM,2010,94.59,Poverty,5.5,Latin America & Caribbean
Ecuador,ECU,2010,95.31,Poverty,7.8,Latin America & Caribbean
El Salvador,SLV,2010,96.32,Poverty,11.4,Latin America & Caribbean
Estonia,EST,2010,99.48,Poverty,1.0,Europe & Central Asia
Ethiopia,ETH,2010,89.49,Poverty,37.4,Sub-Saharan Africa
Finland,FIN,2010,99.97,Poverty,0.1,Europe & Central Asia
"Gambia, The",GMB,2010,86.42,Poverty,34.2,Sub-Saharan Africa
Greece,GRC,2010,98.52,Poverty,1.1,Europe & Central Asia
Hungary,HUN,2010,99.68,Poverty,0.2,Europe & Central Asia
Iceland,ISL,2010,99.75,Poverty,0.1,Europe & Central Asia
Israel,ISR,2010,99.92,Poverty,0.6,Middle East & North Africa
Italy,ITA,2010,99.94,Poverty,1.4,Europe & Central Asia
Jordan,JOR,2010,99.13,Poverty,0.1,Middle East & North Africa
Kazakhstan,KAZ,2010,99.96,Poverty,0.5,Europe & Central Asia
"Korea, Rep.",KOR,2010,99.98,Poverty,0.5,East Asia & Pacific
Kyrgyz Republic,KGZ,2010,98.18,Poverty,12.6,Europe & Central Asia
Latvia,LVA,2010,98.77,Poverty,2.6,Europe & Central Asia
Lithuania,LTU,2010,98.8,Poverty,2.0,Europe & Central Asia
Madagascar,MDG,2010,79.81,Poverty,65.3,Sub-Saharan Africa
Malawi,MWI,2010,89.05,Poverty,72.9,Sub-Saharan Africa
Malta,MLT,2010,97.5,Poverty,0.3,Middle East & North Africa
Mexico,MEX,2010,96.35,Poverty,8.4,Latin America & Caribbean
Moldova,MDA,2010,98.13,Poverty,0.8,Europe & Central Asia
Norway,NOR,2010,99.8,Poverty,0.2,Europe & Central Asia
Pakistan,PAK,2010,74.85,Poverty,26.7,Middle East & North Africa
Panama,PAN,2010,98.89,Poverty,7.7,Latin America & Caribbean
Paraguay,PRY,2010,92.98,Poverty,9.4,Latin America & Caribbean
Peru,PER,2010,94.38,Poverty,11.2,Latin America & Caribbean
Poland,POL,2010,99.18,Poverty,0.6,Europe & Central Asia
Romania,ROU,2010,99.53,Poverty,6.3,Europe & Central Asia
Sao Tome and Principe,STP,2010,97.22,Poverty,18.9,Sub-Saharan Africa
Serbia,SRB,2010,99.95,Poverty,0.3,Europe & Central Asia
Slovak Republic,SVK,2010,99.29,Poverty,0.6,Europe & Central Asia
Slovenia,SVN,2010,99.98,Poverty,0.0,Europe & Central Asia
Sweden,SWE,2010,99.85,Poverty,0.6,Europe & Central Asia
Switzerland,CHE,2010,99.89,Poverty,0.1,Europe & Central Asia
Turkiye,TUR,2010,98.91,Poverty,2.8,Europe & Central Asia
Ukraine,UKR,2010,99.87,Poverty,0.1,Europe & Central Asia
Viet Nam,VNM,2010,100.0,Poverty,5.2,East Asia & Pacific
West Bank and Gaza,PSE,2010,97.25,Poverty,0.6,Middle East & North Africa
Zambia,ZMB,2010,60.58,Poverty,71.4,Sub-Saharan Africa
Algeria,DZA,2011,97.73,Poverty,0.0,Middle East & North Africa
Argentina,ARG,2011,96.62,Poverty,1.2,Latin America & Caribbean
Armenia,ARM,2011,97.79,Poverty,3.1,Europe & Central Asia
Austria,AUT,2011,99.84,Poverty,0.5,Europe & Central Asia
Belarus,BLR,2011,98.49,Poverty,0.1,Europe & Central Asia
Bolivia,BOL,2011,95.01,Poverty,6.9,Latin America & Caribbean
Bulgaria,BGR,2011,99.05,Poverty,3.4,Europe & Central Asia
Chad,TCD,2011,87.23,Poverty,45.2,Sub-Saharan Africa
Chile,CHL,2011,97.39,Poverty,1.7,Latin America & Caribbean
Colombia,COL,2011,99.41,Poverty,11.3,Latin America & Caribbean
"Congo, Rep.",COG,2011,76.44,Poverty,39.2,Sub-Saharan Africa
Costa Rica,CRI,2011,94.03,Poverty,2.7,Latin America & Caribbean
Croatia,HRV,2011,99.8,Poverty,1.0,Europe & Central Asia
Cyprus,CYP,2011,98.88,Poverty,0.0,Europe & Central Asia
Czechia,CZE,2011,99.2,Poverty,0.1,Europe & Central Asia
Denmark,DNK,2011,97.29,Poverty,0.0,Europe & Central Asia
Dominican Republic,DOM,2011,93.01,Poverty,5.3,Latin America & Caribbean
Ecuador,ECU,2011,96.83,Poverty,6.4,Latin America & Caribbean
El Salvador,SLV,2011,95.82,Poverty,10.1,Latin America & Caribbean
Estonia,EST,2011,99.61,Poverty,1.2,Europe & Central Asia
Finland,FIN,2011,99.87,Poverty,0.1,Europe & Central Asia
Georgia,GEO,2011,98.58,Poverty,21.6,Europe & Central Asia
Greece,GRC,2011,98.41,Poverty,1.5,Europe & Central Asia
Honduras,HND,2011,68.45,Poverty,20.1,Latin America & Caribbean
Iceland,ISL,2011,99.67,Poverty,0.2,Europe & Central Asia
Indonesia,IDN,2011,96.44,Poverty,31.2,East Asia & Pacific
"Iran, Islamic Rep.",IRN,2011,97.02,Poverty,2.3,Middle East & North Africa
Israel,ISR,2011,99.89,Poverty,0.3,Middle East & North Africa
Italy,ITA,2011,99.81,Poverty,1.3,Europe & Central Asia
Kazakhstan,KAZ,2011,100.0,Poverty,0.2,Europe & Central Asia
Kyrgyz Republic,KGZ,2011,98.9,Poverty,9.3,Europe & Central Asia
Latvia,LVA,2011,99.0,Poverty,1.7,Europe & Central Asia
Lebanon,LBN,2011,96.35,Poverty,0.1,Middle East & North Africa
Lithuania,LTU,2011,99.39,Poverty,0.9,Europe & Central Asia
Malaysia,MYS,2011,92.97,Poverty,0.4,East Asia & Pacific
Malta,MLT,2011,99.4,Poverty,0.2,Middle East & North Africa
Moldova,MDA,2011,98.42,Poverty,0.5,Europe & Central Asia
Niger,NER,2011,64.01,Poverty,68.8,Sub-Saharan Africa
Norway,NOR,2011,99.72,Poverty,0.1,Europe & Central Asia
Pakistan,PAK,2011,80.15,Poverty,25.9,Middle East & North Africa
Panama,PAN,2011,98.77,Poverty,6.1,Latin America & Caribbean
Paraguay,PRY,2011,94.46,Poverty,8.9,Latin America & Caribbean
Peru,PER,2011,90.86,Poverty,10.3,Latin America & Caribbean
Romania,ROU,2011,99.34,Poverty,7.1,Europe & Central Asia
Russian Federation,RUS,2011,100.0,Poverty,0.1,Europe & Central Asia
Senegal,SEN,2011,92.87,Poverty,53.3,Sub-Saharan Africa
Sierra Leone,SLE,2011,79.29,Poverty,53.7,Sub-Saharan Africa
Slovak Republic,SVK,2011,99.25,Poverty,0.6,Europe & Central Asia
Slovenia,SVN,2011,99.84,Poverty,0.0,Europe & Central Asia
Sweden,SWE,2011,99.85,Poverty,0.7,Europe & Central Asia
Switzerland,CHE,2011,99.91,Poverty,0.0,Europe & Central Asia
Turkiye,TUR,2011,99.04,Poverty,2.0,Europe & Central Asia
Ukraine,UKR,2011,99.75,Poverty,0.1,Europe & Central Asia
West Bank and Gaza,PSE,2011,98.3,Poverty,0.4,Middle East & North Africa
Albania,ALB,2012,99.75,Poverty,1.8,Europe & Central Asia
Argentina,ARG,2012,96.84,Poverty,1.3,Latin America & Caribbean
Austria,AUT,2012,99.94,Poverty,0.7,Europe & Central Asia
Belarus,BLR,2012,98.11,Poverty,0.1,Europe & Central Asia
Bhutan,BTN,2012,96.29,Poverty,3.6,South Asia
Bolivia,BOL,2012,96.51,Poverty,7.9,Latin America & Caribbean
Bulgaria,BGR,2012,99.3,Poverty,3.0,Europe & Central Asia
Colombia,COL,2012,96.66,Poverty,12.7,Latin America & Caribbean
"Congo, Dem. Rep.",COD,2012,72.3,Poverty,78.9,Sub-Saharan Africa
Costa Rica,CRI,2012,84.38,Poverty,2.6,Latin America & Caribbean
Cyprus,CYP,2012,99.54,Poverty,0.0,Europe & Central Asia
Czechia,CZE,2012,99.68,Poverty,0.1,Europe & Central Asia
Denmark,DNK,2012,99.92,Poverty,0.0,Europe & Central Asia
Dominican Republic,DOM,2012,94.92,Poverty,5.4,Latin America & Caribbean
Ecuador,ECU,2012,99.14,Poverty,6.0,Latin America & Caribbean
El Salvador,SLV,2012,93.73,Poverty,8.5,Latin America & Caribbean
Estonia,EST,2012,99.55,Poverty,1.0,Europe & Central Asia
Finland,FIN,2012,99.93,Poverty,0.1,Europe & Central Asia
Georgia,GEO,2012,99.96,Poverty,18.8,Europe & Central Asia
Germany,DEU,2012,99.34,Poverty,0.1,Europe & Central Asia
Ghana,GHA,2012,88.37,Poverty,41.8,Sub-Saharan Africa
Greece,GRC,2012,99.04,Poverty,2.1,Europe & Central Asia
Guinea,GIN,2012,54.69,Poverty,21.3,Sub-Saharan Africa
Honduras,HND,2012,58.85,Poverty,24.0,Latin America & Caribbean
Hungary,HUN,2012,99.33,Poverty,0.5,Europe & Central Asia
Indonesia,IDN,2012,91.65,Poverty,26.6,East Asia & Pacific
Israel,ISR,2012,99.71,Poverty,0.8,Middle East & North Africa
Italy,ITA,2012,99.9,Poverty,1.4,Europe & Central Asia
Kazakhstan,KAZ,2012,99.92,Poverty,0.1,Europe & Central Asia
"Korea, Rep.",KOR,2012,99.8,Poverty,0.5,East Asia & Pacific
Kyrgyz Republic,KGZ,2012,99.7,Poverty,10.5,Europe & Central Asia
Lao PDR,LAO,2012,86.72,Poverty,21.7,East Asia & Pacific
Latvia,LVA,2012,97.9,Poverty,1.4,Europe & Central Asia
Lithuania,LTU,2012,99.3,Poverty,1.1,Europe & Central Asia
Madagascar,MDG,2012,72.86,Poverty,67.3,Sub-Saharan Africa
Malta,MLT,2012,98.96,Poverty,0.2,Middle East & North Africa
Mauritius,MUS,2012,78.11,Poverty,1.1,Sub-Saharan Africa
Mexico,MEX,2012,96.55,Poverty,7.3,Latin America & Caribbean
Moldova,MDA,2012,97.84,Poverty,0.5,Europe & Central Asia
Norway,NOR,2012,99.25,Poverty,0.1,Europe & Central Asia
Peru,PER,2012,99.15,Poverty,9.5,Latin America & Caribbean
Poland,POL,2012,99.3,Poverty,0.4,Europe & Central Asia
Russian Federation,RUS,2012,100.0,Poverty,0.1,Europe & Central Asia
Serbia,SRB,2012,99.66,Poverty,7.1,Europe & Central Asia
Slovak Republic,SVK,2012,99.25,Poverty,0.5,Europe & Central Asia
Slovenia,SVN,2012,99.73,Poverty,0.0,Europe & Central Asia
Sri Lanka,LKA,2012,99.72,Poverty,6.4,South Asia
Sweden,SWE,2012,99.93,Poverty,0.5,Europe & Central Asia
Switzerland,CHE,2012,99.84,Poverty,0.0,Europe & Central Asia
Turkiye,TUR,2012,90.81,Poverty,1.7,Europe & Central Asia
Uganda,UGA,2012,64.42,Poverty,56.2,Sub-Saharan Africa
Ukraine,UKR,2012,99.82,Poverty,0.1,Europe & Central Asia
Viet Nam,VNM,2012,93.35,Poverty,3.7,East Asia & Pacific
Argentina,ARG,2013,97.32,Poverty,1.1,Latin America & Caribbean
Armenia,ARM,2013,96.98,Poverty,2.9,Europe & Central Asia
Austria,AUT,2013,99.98,Poverty,0.3,Europe & Central Asia
Belarus,BLR,2013,98.31,Poverty,0.0,Europe & Central Asia
Bolivia,BOL,2013,96.29,Poverty,6.8,Latin America & Caribbean
Bulgaria,BGR,2013,99.6,Poverty,3.3,Europe & Central Asia
Burundi,BDI,2013,77.23,Poverty,75.8,Sub-Saharan Africa
Chile,CHL,2013,97.31,Poverty,0.8,Latin America & Caribbean
Colombia,COL,2013,98.4,Poverty,11.8,Latin America & Caribbean
Costa Rica,CRI,2013,84.84,Poverty,2.6,Latin America & Caribbean
Cyprus,CYP,2013,99.38,Poverty,0.1,Europe & Central Asia
Czechia,CZE,2013,99.71,Poverty,0.0,Europe & Central Asia
Denmark,DNK,2013,99.97,Poverty,0.3,Europe & Central Asia
Djibouti,DJI,2013,99.44,Poverty,31.2,Middle East & North Africa
Dominican Republic,DOM,2013,97.37,Poverty,4.4,Latin America & Caribbean
Ecuador,ECU,2013,99.95,Poverty,4.5,Latin America & Caribbean
El Salvador,SLV,2013,93.14,Poverty,7.1,Latin America & Caribbean
Estonia,EST,2013,99.4,Poverty,1.1,Europe & Central Asia
Finland,FIN,2013,99.92,Poverty,0.1,Europe & Central Asia
Georgia,GEO,2013,99.67,Poverty,14.9,Europe & Central Asia
Germany,DEU,2013,99.69,Poverty,0.1,Europe & Central Asia
Greece,GRC,2013,98.89,Poverty,1.5,Europe & Central Asia
Honduras,HND,2013,72.07,Poverty,20.8,Latin America & Caribbean
Hungary,HUN,2013,99.61,Poverty,0.5,Europe & Central Asia
Israel,ISR,2013,99.99,Poverty,0.6,Middle East & North Africa
Italy,ITA,2013,99.88,Poverty,1.6,Europe & Central Asia
Japan,JPN,2013,100.0,Poverty,0.9,East Asia & Pacific
Kazakhstan,KAZ,2013,99.75,Poverty,0.1,Europe & Central Asia
Kyrgyz Republic,KGZ,2013,99.72,Poverty,13.5,Europe & Central Asia
Latvia,LVA,2013,98.34,Poverty,1.5,Europe & Central Asia
Lithuania,LTU,2013,99.27,Poverty,1.2,Europe & Central Asia
Malaysia,MYS,2013,89.05,Poverty,0.1,East Asia & Pacific
Malta,MLT,2013,97.8,Poverty,0.0,Middle East & North Africa
Moldova,MDA,2013,98.29,Poverty,0.1,Europe & Central Asia
Morocco,MAR,2013,88.68,Poverty,3.7,Middle East & North Africa
Norway,NOR,2013,99.97,Poverty,0.2,Europe & Central Asia
Pakistan,PAK,2013,81.33,Poverty,21.2,Middle East & North Africa
Peru,PER,2013,94.47,Poverty,8.6,Latin America & Caribbean
Poland,POL,2013,99.37,Poverty,0.6,Europe & Central Asia
Russian Federation,RUS,2013,99.82,Poverty,0.1,Europe & Central Asia
Rwanda,RWA,2013,71.83,Poverty,65.2,Sub-Saharan Africa
Serbia,SRB,2013,99.87,Poverty,7.8,Europe & Central Asia
Seychelles,SYC,2013,99.73,Poverty,1.6,Sub-Saharan Africa
Slovak Republic,SVK,2013,99.2,Poverty,0.4,Europe & Central Asia
Slovenia,SVN,2013,99.73,Poverty,0.0,Europe & Central Asia
Spain,ESP,2013,99.99,Poverty,1.3,Europe & Central Asia
Sweden,SWE,2013,99.99,Poverty,0.7,Europe & Central Asia
Switzerland,CHE,2013,99.9,Poverty,0.0,Europe & Central Asia
Ukraine,UKR,2013,99.92,Poverty,0.1,Europe & Central Asia
United Arab Emirates,ARE,2013,99.93,Poverty,0.0,Middle East & North Africa
Albania,ALB,2014,99.08,Poverty,3.7,Europe & Central Asia
Argentina,ARG,2014,97.41,Poverty,1.1,Latin America & Caribbean
Armenia,ARM,2014,99.9,Poverty,3.4,Europe & Central Asia
Austria,AUT,2014,99.93,Poverty,0.2,Europe & Central Asia
Belarus,BLR,2014,98.39,Poverty,0.0,Europe & Central Asia
Bolivia,BOL,2014,96.97,Poverty,5.6,Latin America & Caribbean
Bulgaria,BGR,2014,99.25,Poverty,2.7,Europe & Central Asia
Burkina Faso,BFA,2014,76.55,Poverty,58.7,Sub-Saharan Africa
Cameroon,CMR,2014,67.9,Poverty,29.0,Sub-Saharan Africa
Colombia,COL,2014,98.3,Poverty,10.9,Latin America & Caribbean
Costa Rica,CRI,2014,83.64,Poverty,2.4,Latin America & Caribbean
Cyprus,CYP,2014,99.36,Poverty,0.1,Europe & Central Asia
Czechia,CZE,2014,99.98,Poverty,0.0,Europe & Central Asia
Denmark,DNK,2014,100.0,Poverty,0.2,Europe & Central Asia
Dominican Republic,DOM,2014,95.27,Poverty,4.1,Latin America & Caribbean
Ecuador,ECU,2014,95.7,Poverty,4.0,Latin America & Caribbean
El Salvador,SLV,2014,93.43,Poverty,7.0,Latin America & Caribbean
Estonia,EST,2014,99.33,Poverty,1.0,Europe & Central Asia
Finland,FIN,2014,99.85,Poverty,0.1,Europe & Central Asia
Georgia,GEO,2014,99.58,Poverty,12.0,Europe & Central Asia
Germany,DEU,2014,99.63,Poverty,0.1,Europe & Central Asia
Greece,GRC,2014,99.57,Poverty,2.0,Europe & Central Asia
Guatemala,GTM,2014,84.28,Poverty,8.0,Latin America & Caribbean
Hungary,HUN,2014,99.64,Poverty,1.0,Europe & Central Asia
Israel,ISR,2014,99.73,Poverty,0.6,Middle East & North Africa
Italy,ITA,2014,99.93,Poverty,1.4,Europe & Central Asia
Kazakhstan,KAZ,2014,99.69,Poverty,0.1,Europe & Central Asia
"Korea, Rep.",KOR,2014,99.64,Poverty,0.3,East Asia & Pacific
Kyrgyz Republic,KGZ,2014,99.21,Poverty,8.1,Europe & Central Asia
Latvia,LVA,2014,98.38,Poverty,1.1,Europe & Central Asia
Liberia,LBR,2014,79.38,Poverty,31.7,Sub-Saharan Africa
Lithuania,LTU,2014,99.52,Poverty,1.7,Europe & Central Asia
Malta,MLT,2014,96.79,Poverty,0.0,Middle East & North Africa
Mauritania,MRT,2014,59.21,Poverty,11.7,Sub-Saharan Africa
Mexico,MEX,2014,97.06,Poverty,7.2,Latin America & Caribbean
Moldova,MDA,2014,97.94,Poverty,0.0,Europe & Central Asia
Mozambique,MOZ,2014,63.57,Poverty,74.4,Sub-Saharan Africa
North Macedonia,MKD,2014,99.86,Poverty,6.4,Europe & Central Asia
Norway,NOR,2014,99.93,Poverty,0.1,Europe & Central Asia
Peru,PER,2014,95.45,Poverty,8.0,Latin America & Caribbean
Poland,POL,2014,99.47,Poverty,0.6,Europe & Central Asia
Russian Federation,RUS,2014,99.92,Poverty,0.4,Europe & Central Asia
Serbia,SRB,2014,99.5,Poverty,8.9,Europe & Central Asia
Slovak Republic,SVK,2014,99.08,Poverty,0.9,Europe & Central Asia
Slovenia,SVN,2014,99.9,Poverty,0.0,Europe & Central Asia
South Africa,ZAF,2014,97.3,Poverty,27.9,Sub-Saharan Africa
Spain,ESP,2014,99.88,Poverty,0.9,Europe & Central Asia
Sudan,SDN,2014,94.25,Poverty,10.1,Sub-Saharan Africa
Sweden,SWE,2014,99.93,Poverty,0.5,Europe & Central Asia
Switzerland,CHE,2014,99.88,Poverty,0.0,Europe & Central Asia
Timor-Leste,TLS,2014,94.32,Poverty,44.0,East Asia & Pacific
Turkiye,TUR,2014,99.53,Poverty,1.0,Europe & Central Asia
Ukraine,UKR,2014,88.52,Poverty,0.0,Europe & Central Asia
Viet Nam,VNM,2014,94.02,Poverty,3.4,East Asia & Pacific
Albania,ALB,2015,98.07,Poverty,1.1,Europe & Central Asia
Armenia,ARM,2015,98.48,Poverty,2.9,Europe & Central Asia
Austria,AUT,2015,99.92,Poverty,0.7,Europe & Central Asia
Belarus,BLR,2015,98.08,Poverty,0.0,Europe & Central Asia
Benin,BEN,2015,83.76,Poverty,65.8,Sub-Saharan Africa
Bolivia,BOL,2015,97.2,Poverty,6.2,Latin America & Caribbean
Bosnia and Herzegovina,BIH,2015,98.88,Poverty,1.2,Europe & Central Asia
Bulgaria,BGR,2015,98.7,Poverty,4.6,Europe & Central Asia
Cabo Verde,CPV,2015,97.65,Poverty,14.6,Sub-Saharan Africa
Chile,CHL,2015,97.58,Poverty,0.7,Latin America & Caribbean
Costa Rica,CRI,2015,84.65,Poverty,2.4,Latin America & Caribbean
Cote d'Ivoire,CIV,2015,91.98,Poverty,46.6,Sub-Saharan Africa
Croatia,HRV,2015,99.1,Poverty,0.7,Europe & Central Asia
Cyprus,CYP,2015,98.4,Poverty,0.0,Europe & Central Asia
Czechia,CZE,2015,99.96,Poverty,0.0,Europe & Central Asia
Denmark,DNK,2015,99.95,Poverty,0.2,Europe & Central Asia
Dominican Republic,DOM,2015,92.53,Poverty,3.3,Latin America & Caribbean
Ecuador,ECU,2015,98.64,Poverty,4.8,Latin America & Caribbean
El Salvador,SLV,2015,92.59,Poverty,5.3,Latin America & Caribbean
Estonia,EST,2015,99.73,Poverty,0.7,Europe & Central Asia
Finland,FIN,2015,99.99,Poverty,0.1,Europe & Central Asia
Georgia,GEO,2015,99.82,Poverty,10.6,Europe & Central Asia
Germany,DEU,2015,99.91,Poverty,0.1,Europe & Central Asia
Greece,GRC,2015,97.13,Poverty,2.0,Europe & Central Asia
Honduras,HND,2015,70.96,Poverty,19.9,Latin America & Caribbean
Hungary,HUN,2015,99.84,Poverty,1.0,Europe & Central Asia
Israel,ISR,2015,99.69,Poverty,0.5,Middle East & North Africa
Italy,ITA,2015,99.93,Poverty,2.1,Europe & Central Asia
Japan,JPN,2015,99.97,Poverty,0.4,East Asia & Pacific
Kazakhstan,KAZ,2015,99.93,Poverty,0.1,Europe & Central Asia
Kenya,KEN,2015,99.22,Poverty,37.7,Sub-Saharan Africa
Kyrgyz Republic,KGZ,2015,99.69,Poverty,11.0,Europe & Central Asia
Latvia,LVA,2015,98.9,Poverty,1.0,Europe & Central Asia
Lithuania,LTU,2015,99.7,Poverty,1.0,Europe & Central Asia
Malaysia,MYS,2015,87.19,Poverty,0.1,East Asia & Pacific
Malta,MLT,2015,98.59,Poverty,0.1,Middle East & North Africa
Moldova,MDA,2015,98.22,Poverty,0.1,Europe & Central Asia
Montenegro,MNE,2015,96.63,Poverty,3.6,Europe & Central Asia
Norway,NOR,2015,99.96,Poverty,0.2,Europe & Central Asia
Pakistan,PAK,2015,86.22,Poverty,16.9,Middle East & North Africa
Peru,PER,2015,94.94,Poverty,8.0,Latin America & Caribbean
Philippines,PHL,2015,96.59,Poverty,14.6,East Asia & Pacific
Poland,POL,2015,99.52,Poverty,0.5,Europe & Central Asia
Romania,ROU,2015,99.51,Poverty,7.6,Europe & Central Asia
Russian Federation,RUS,2015,99.94,Poverty,0.4,Europe & Central Asia
Serbia,SRB,2015,99.58,Poverty,8.4,Europe & Central Asia
Slovenia,SVN,2015,99.25,Poverty,0.0,Europe & Central Asia
Spain,ESP,2015,99.26,Poverty,1.1,Europe & Central Asia
Sweden,SWE,2015,99.64,Poverty,0.6,Europe & Central Asia
Switzerland,CHE,2015,99.85,Poverty,0.0,Europe & Central Asia
Tajikistan,TJK,2015,99.42,Poverty,13.3,Europe & Central Asia
Turkiye,TUR,2015,99.66,Poverty,1.3,Europe & Central Asia
Ukraine,UKR,2015,98.78,Poverty,0.3,Europe & Central Asia
Albania,ALB,2016,98.17,Poverty,1.1,Europe & Central Asia
Argentina,ARG,2016,99.85,Poverty,1.3,Latin America & Caribbean
Armenia,ARM,2016,98.1,Poverty,2.5,Europe & Central Asia
Austria,AUT,2016,99.77,Poverty,0.7,Europe & Central Asia
Belarus,BLR,2016,98.01,Poverty,0.0,Europe & Central Asia
Bolivia,BOL,2016,96.6,Poverty,7.2,Latin America & Caribbean
Bulgaria,BGR,2016,99.33,Poverty,3.1,Europe & Central Asia
Costa Rica,CRI,2016,85.28,Poverty,2.4,Latin America & Caribbean
Croatia,HRV,2016,98.58,Poverty,0.9,Europe & Central Asia
Cyprus,CYP,2016,99.74,Poverty,0.1,Europe & Central Asia
Czechia,CZE,2016,99.95,Poverty,0.0,Europe & Central Asia
Denmark,DNK,2016,99.94,Poverty,0.3,Europe & Central Asia
Dominican Republic,DOM,2016,92.58,Poverty,3.0,Latin America & Caribbean
Ecuador,ECU,2016,99.0,Poverty,5.0,Latin America & Caribbean
El Salvador,SLV,2016,92.09,Poverty,5.8,Latin America & Caribbean
Estonia,EST,2016,99.83,Poverty,0.6,Europe & Central Asia
Eswatini,SWZ,2016,98.05,Poverty,44.5,Sub-Saharan Africa
Finland,FIN,2016,99.9,Poverty,0.0,Europe & Central Asia
Georgia,GEO,2016,99.51,Poverty,10.5,Europe & Central Asia
Germany,DEU,2016,99.5,Poverty,0.1,Europe & Central Asia
Ghana,GHA,2016,93.14,Poverty,39.0,Sub-Saharan Africa
Greece,GRC,2016,98.93,Poverty,1.4,Europe & Central Asia
Hungary,HUN,2016,99.5,Poverty,1.6,Europe & Central Asia
Indonesia,IDN,2016,91.5,Poverty,18.0,East Asia & Pacific
"Iran, Islamic Rep.",IRN,2016,95.74,Poverty,3.0,Middle East & North Africa
Israel,ISR,2016,99.58,Poverty,0.5,Middle East & North Africa
Italy,ITA,2016,99.95,Poverty,1.8,Europe & Central Asia
Japan,JPN,2016,100.0,Poverty,0.7,East Asia & Pacific
Kazakhstan,KAZ,2016,99.15,Poverty,0.2,Europe & Central Asia
"Korea, Rep.",KOR,2016,99.64,Poverty,0.2,East Asia & Pacific
Kyrgyz Republic,KGZ,2016,99.41,Poverty,8.0,Europe & Central Asia
Latvia,LVA,2016,98.98,Poverty,1.0,Europe & Central Asia
Liberia,LBR,2016,79.63,Poverty,33.6,Sub-Saharan Africa
Lithuania,LTU,2016,99.21,Poverty,1.5,Europe & Central Asia
Maldives,MDV,2016,98.86,Poverty,0.1,South Asia
Malta,MLT,2016,98.89,Poverty,0.1,Middle East & North Africa
Mexico,MEX,2016,96.57,Poverty,4.4,Latin America & Caribbean
Moldova,MDA,2016,98.43,Poverty,0.2,Europe & Central Asia
Mongolia,MNG,2016,99.08,Poverty,1.9,East Asia & Pacific
Montenegro,MNE,2016,99.84,Poverty,3.3,Europe & Central Asia
Norway,NOR,2016,99.67,Poverty,0.3,Europe & Central Asia
Panama,PAN,2016,99.19,Poverty,4.8,Latin America & Caribbean
Peru,PER,2016,93.79,Poverty,7.5,Latin America & Caribbean
Poland,POL,2016,99.77,Poverty,0.4,Europe & Central Asia
Romania,ROU,2016,99.55,Poverty,5.2,Europe & Central Asia
Rwanda,RWA,2016,82.41,Poverty,63.8,Sub-Saharan Africa
Serbia,SRB,2016,99.55,Poverty,8.1,Europe & Central Asia
Slovak Republic,SVK,2016,99.11,Poverty,1.5,Europe & Central Asia
Slovenia,SVN,2016,99.97,Poverty,0.0,Europe & Central Asia
Spain,ESP,2016,99.97,Poverty,1.3,Europe & Central Asia
Sweden,SWE,2016,99.57,Poverty,0.4,Europe & Central Asia
Switzerland,CHE,2016,99.92,Poverty,0.0,Europe & Central Asia
Uganda,UGA,2016,58.95,Poverty,60.1,Sub-Saharan Africa
Ukraine,UKR,2016,99.6,Poverty,0.2,Europe & Central Asia
United Kingdom,GBR,2016,99.98,Poverty,0.4,Europe & Central Asia
United States,USA,2016,99.23,Poverty,1.2,North America
West Bank and Gaza,PSE,2016,98.81,Poverty,1.4,Middle East & North Africa
Albania,ALB,2017,98.53,Poverty,1.4,Europe & Central Asia
Armenia,ARM,2017,98.27,Poverty,2.4,Europe & Central Asia
Belarus,BLR,2017,98.16,Poverty,0.0,Europe & Central Asia
Bolivia,BOL,2017,97.31,Poverty,6.4,Latin America & Caribbean
Costa Rica,CRI,2017,91.71,Poverty,1.7,Latin America & Caribbean
Djibouti,DJI,2017,86.25,Poverty,25.4,Middle East & North Africa
Dominican Republic,DOM,2017,93.16,Poverty,1.5,Latin America & Caribbean
Ecuador,ECU,2017,99.59,Poverty,4.3,Latin America & Caribbean
"Egypt, Arab Rep.",EGY,2017,96.56,Poverty,3.1,Middle East & North Africa
El Salvador,SLV,2017,95.17,Poverty,4.6,Latin America & Caribbean
Georgia,GEO,2017,99.69,Poverty,11.1,Europe & Central Asia
Kazakhstan,KAZ,2017,99.68,Poverty,0.1,Europe & Central Asia
Kyrgyz Republic,KGZ,2017,99.76,Poverty,8.2,Europe & Central Asia
Mauritius,MUS,2017,99.42,Poverty,0.5,Sub-Saharan Africa
Moldova,MDA,2017,98.26,Poverty,0.1,Europe & Central Asia
Montenegro,MNE,2017,99.83,Poverty,4.6,Europe & Central Asia
Peru,PER,2017,95.43,Poverty,7.3,Latin America & Caribbean
Serbia,SRB,2017,99.69,Poverty,6.6,Europe & Central Asia
Thailand,THA,2017,98.49,Poverty,0.1,East Asia & Pacific
Ukraine,UKR,2017,99.7,Poverty,0.1,Europe & Central Asia
Kazakhstan,KAZ,2018,99.53,Poverty,0.1,Europe & Central Asia
