Country Name,Country Code,Year,Progression,GDP,Region
Argentina,ARG,1970,29.73,9244.12,Latin America & Caribbean
Brazil,BRA,1970,55.06,3595.95,Latin America & Caribbean
Chile,CHL,1970,91.81,4039.58,Latin America & Caribbean
Costa Rica,CRI,1970,49.93,4665.12,Latin America & Caribbean
El Salvador,SLV,1970,65.44,2858.56,Latin America & Caribbean
Eswatini,SWZ,1970,68.13,904.76,Sub-Saharan Africa
Guatemala,GTM,1970,61.61,2424.6,Latin America & Caribbean
Kenya,KEN,1970,94.18,831.8,Sub-Saharan Africa
Seychelles,SYC,1970,89.45,3934.11,Sub-Saharan Africa
Benin,BEN,1971,46.98,694.03,Sub-Saharan Africa
Brazil,BRA,1971,69.47,3907.01,Latin America & Caribbean
Burkina Faso,BFA,1971,22.41,276.29,Sub-Saharan Africa
Central African Republic,CAF,1971,37.35,560.46,Sub-Saharan Africa
Chile,CHL,1971,91.31,4353.54,Latin America & Caribbean
"Congo, Dem. Rep.",COD,1971,49.33,1372.67,Sub-Saharan Africa
"Congo, Rep.",COG,1971,48.81,1414.24,Sub-Saharan Africa
Costa Rica,CRI,1971,54.52,4850.54,Latin America & Caribbean
Cuba,CUB,1971,65.41,2795.98,Latin America & Caribbean
Ecuador,ECU,1971,75.47,2733.32,Latin America & Caribbean
El Salvador,SLV,1971,84.11,2898.75,Latin America & Caribbean
Eswatini,SWZ,1971,76.26,1001.93,Sub-Saharan Africa
Fiji,FJI,1971,93.89,2811.37,East Asia & Pacific
Gabon,GAB,1971,34.65,5969.45,Sub-Saharan Africa
Ghana,GHA,1971,90.63,1179.06,Sub-Saharan Africa
Greece,GRC,1971,63.91,11453.21,Europe & Central Asia
Guyana,GUY,1971,95.95,3182.83,Latin America & Caribbean
Hungary,HUN,1971,99.17,5057.23,Europe & Central Asia
Iraq,IRQ,1971,75.74,1322.7,Middle East & North Africa
Italy,ITA,1971,94.3,16025.77,Europe & Central Asia
Kenya,KEN,1971,95.75,980.03,Sub-Saharan Africa
"Korea, Rep.",KOR,1971,70.1,2170.96,East Asia & Pacific
Lesotho,LSO,1971,33.9,316.02,Sub-Saharan Africa
Libya,LBY,1971,83.65,14161.88,Middle East & North Africa
Madagascar,MDG,1971,59.24,844.49,Sub-Saharan Africa
Mali,MLI,1971,58.98,546.29,Sub-Saharan Africa
Malta,MLT,1971,96.86,3209.6,Middle East & North Africa
Morocco,MAR,1971,54.1,1069.33,Middle East & North Africa
Myanmar,MMR,1971,74.4,141.82,East Asia & Pacific
Netherlands,NLD,1971,63.06,22165.26,Europe & Central Asia
Niger,NER,1971,40.74,758.4,Sub-Saharan Africa
Panama,PAN,1971,63.87,4343.15,Latin America & Caribbean
Portugal,PRT,1971,39.4,8213.11,Europe & Central Asia
Qatar,QAT,1971,99.53,73839.01,Middle East & North Africa
Rwanda,RWA,1971,10.84,324.49,Sub-Saharan Africa
Senegal,SEN,1971,49.29,1008.45,Sub-Saharan Africa
Seychelles,SYC,1971,83.62,4466.49,Sub-Saharan Africa
Sri Lanka,LKA,1971,91.66,790.25,South Asia
Syrian Arab Republic,SYR,1971,89.09,680.21,Middle East & North Africa
Togo,TGO,1971,56.27,720.52,Sub-Saharan Africa
"Venezuela, RB",VEN,1971,65.04,4697.2,Latin America & Caribbean
Algeria,DZA,1972,37.48,3050.82,Middle East & North Africa
Benin,BEN,1972,60.85,721.88,Sub-Saharan Africa
Brazil,BRA,1972,88.5,4268.38,Latin America & Caribbean
Burkina Faso,BFA,1972,25.18,277.85,Sub-Saharan Africa
Cameroon,CMR,1972,25.67,922.88,Sub-Saharan Africa
Central African Republic,CAF,1972,39.28,549.6,Sub-Saharan Africa
Chile,CHL,1972,90.32,4252.44,Latin America & Caribbean
"Congo, Rep.",COG,1972,66.53,1489.17,Sub-Saharan Africa
Cote d'Ivoire,CIV,1972,50.87,2445.08,Sub-Saharan Africa
Cuba,CUB,1972,67.68,2884.41,Latin America & Caribbean
El Salvador,SLV,1972,91.74,3004.67,Latin America & Caribbean
Eswatini,SWZ,1972,80.47,1027.69,Sub-Saharan Africa
Fiji,FJI,1972,92.06,2970.33,East Asia & Pacific
Gabon,GAB,1972,46.73,6511.22,Sub-Saharan Africa
Greece,GRC,1972,67.54,12535.13,Europe & Central Asia
Guyana,GUY,1972,91.06,3039.05,Latin America & Caribbean
Hungary,HUN,1972,99.12,5349.75,Europe & Central Asia
Iraq,IRQ,1972,69.9,1325.76,Middle East & North Africa
Italy,ITA,1972,95.96,16523.13,Europe & Central Asia
Kenya,KEN,1972,94.78,1108.23,Sub-Saharan Africa
"Korea, Rep.",KOR,1972,68.72,2286.94,East Asia & Pacific
Kuwait,KWT,1972,94.81,67066.74,Middle East & North Africa
Lesotho,LSO,1972,45.5,304.47,Sub-Saharan Africa
Libya,LBY,1972,72.46,14950.56,Middle East & North Africa
Mali,MLI,1972,64.04,568.78,Sub-Saharan Africa
Malta,MLT,1972,97.78,3399.8,Middle East & North Africa
Morocco,MAR,1972,54.73,1068.21,Middle East & North Africa
Myanmar,MMR,1972,74.41,142.1,East Asia & Pacific
Netherlands,NLD,1972,64.25,22717.68,Europe & Central Asia
Niger,NER,1972,35.24,700.36,Sub-Saharan Africa
Panama,PAN,1972,57.17,4418.27,Latin America & Caribbean
Portugal,PRT,1972,42.87,8885.14,Europe & Central Asia
Qatar,QAT,1972,95.56,73532.74,Middle East & North Africa
Rwanda,RWA,1972,9.59,316.07,Sub-Saharan Africa
Senegal,SEN,1972,43.68,1041.2,Sub-Saharan Africa
Syrian Arab Republic,SYR,1972,88.31,826.21,Middle East & North Africa
Tunisia,TUN,1972,22.93,1469.54,Middle East & North Africa
"Venezuela, RB",VEN,1972,84.88,4616.63,Latin America & Caribbean
Algeria,DZA,1973,33.53,3093.38,Middle East & North Africa
Argentina,ARG,1973,28.75,9729.53,Latin America & Caribbean
Benin,BEN,1973,54.38,731.31,Sub-Saharan Africa
Brazil,BRA,1973,88.41,4748.26,Latin America & Caribbean
Burkina Faso,BFA,1973,28.73,274.15,Sub-Saharan Africa
Cameroon,CMR,1973,29.3,945.93,Sub-Saharan Africa
Central African Republic,CAF,1973,38.07,549.35,Sub-Saharan Africa
Chile,CHL,1973,88.91,3973.5,Latin America & Caribbean
"Congo, Rep.",COG,1973,82.05,1562.13,Sub-Saharan Africa
Cote d'Ivoire,CIV,1973,47.58,2475.03,Sub-Saharan Africa
Cuba,CUB,1973,68.22,2941.11,Latin America & Caribbean
El Salvador,SLV,1973,90.16,3077.75,Latin America & Caribbean
Eswatini,SWZ,1973,76.51,1089.39,Sub-Saharan Africa
Fiji,FJI,1973,89.26,3263.56,East Asia & Pacific
"Gambia, The",GMB,1973,55.09,577.94,Sub-Saharan Africa
Ghana,GHA,1973,97.01,1117.34,Sub-Saharan Africa
Greece,GRC,1973,69.46,13488.12,Europe & Central Asia
Guyana,GUY,1973,93.05,3040.97,Latin America & Caribbean
Hungary,HUN,1973,98.99,5700.48,Europe & Central Asia
Iraq,IRQ,1973,76.29,1337.44,Middle East & North Africa
Italy,ITA,1973,96.74,17580.91,Europe & Central Asia
Kuwait,KWT,1973,97.34,58987.77,Middle East & North Africa
Libya,LBY,1973,77.31,14659.9,Middle East & North Africa
Malawi,MWI,1973,84.71,376.73,Sub-Saharan Africa
Mali,MLI,1973,70.49,550.87,Sub-Saharan Africa
Malta,MLT,1973,98.21,3543.69,Middle East & North Africa
Myanmar,MMR,1973,52.96,137.83,East Asia & Pacific
Netherlands,NLD,1973,65.78,23757.11,Europe & Central Asia
Niger,NER,1973,42.4,565.63,Sub-Saharan Africa
Panama,PAN,1973,58.67,4530.76,Latin America & Caribbean
Peru,PER,1973,58.3,3625.43,Latin America & Caribbean
Portugal,PRT,1973,43.65,9877.28,Europe & Central Asia
Qatar,QAT,1973,93.78,73744.25,Middle East & North Africa
Rwanda,RWA,1973,9.52,317.55,Sub-Saharan Africa
Seychelles,SYC,1973,87.05,4978.2,Sub-Saharan Africa
Sri Lanka,LKA,1973,78.78,809.71,South Asia
Syrian Arab Republic,SYR,1973,86.94,715.16,Middle East & North Africa
Tunisia,TUN,1973,29.16,1422.82,Middle East & North Africa
United Arab Emirates,ARE,1973,90.24,107395.08,Middle East & North Africa
"Venezuela, RB",VEN,1973,84.67,4800.31,Latin America & Caribbean
Algeria,DZA,1974,47.31,3245.61,Middle East & North Africa
Argentina,ARG,1974,29.05,10100.45,Latin America & Caribbean
Belgium,BEL,1974,87.72,21602.8,Europe & Central Asia
Benin,BEN,1974,56.3,737.95,Sub-Saharan Africa
Brazil,BRA,1974,88.85,5013.82,Latin America & Caribbean
Brunei Darussalam,BRN,1974,92.37,64932.08,East Asia & Pacific
Burkina Faso,BFA,1974,28.03,291.3,Sub-Saharan Africa
Cameroon,CMR,1974,31.25,1018.8,Sub-Saharan Africa
Chile,CHL,1974,88.09,3959.8,Latin America & Caribbean
"Congo, Rep.",COG,1974,81.17,1633.52,Sub-Saharan Africa
Cote d'Ivoire,CIV,1974,44.36,2466.82,Sub-Saharan Africa
Cuba,CUB,1974,73.97,2932.4,Latin America & Caribbean
Ecuador,ECU,1974,83.05,3333.37,Latin America & Caribbean
"Egypt, Arab Rep.",EGY,1974,75.84,985.86,Middle East & North Africa
El Salvador,SLV,1974,90.15,3168.28,Latin America & Caribbean
Eswatini,SWZ,1974,75.03,1119.36,Sub-Saharan Africa
Ghana,GHA,1974,95.51,1159.78,Sub-Saharan Africa
Greece,GRC,1974,70.98,12573.35,Europe & Central Asia
Guatemala,GTM,1974,65.34,2816.26,Latin America & Caribbean
Hungary,HUN,1974,99.17,6009.93,Europe & Central Asia
Iraq,IRQ,1974,85.81,1501.24,Middle East & North Africa
Italy,ITA,1974,97.2,18426.91,Europe & Central Asia
Kenya,KEN,1974,94.85,1140.55,Sub-Saharan Africa
Kuwait,KWT,1974,97.5,48324.53,Middle East & North Africa
Libya,LBY,1974,82.04,17044.22,Middle East & North Africa
Luxembourg,LUX,1974,99.06,41908.97,Europe & Central Asia
Madagascar,MDG,1974,63.7,757.53,Sub-Saharan Africa
Malawi,MWI,1974,93.13,392.97,Sub-Saharan Africa
Malta,MLT,1974,98.2,3901.98,Middle East & North Africa
Morocco,MAR,1974,62.98,1112.04,Middle East & North Africa
Netherlands,NLD,1974,66.92,24382.22,Europe & Central Asia
Niger,NER,1974,39.3,598.96,Sub-Saharan Africa
Oman,OMN,1974,89.74,10302.39,Middle East & North Africa
Panama,PAN,1974,62.63,4520.04,Latin America & Caribbean
Peru,PER,1974,63.16,3866.66,Latin America & Caribbean
Portugal,PRT,1974,47.41,9851.78,Europe & Central Asia
Qatar,QAT,1974,97.23,71286.77,Middle East & North Africa
Rwanda,RWA,1974,8.76,312.73,Sub-Saharan Africa
Singapore,SGP,1974,81.58,9732.73,East Asia & Pacific
Sri Lanka,LKA,1974,80.92,825.39,South Asia
Syrian Arab Republic,SYR,1974,85.61,869.85,Middle East & North Africa
Thailand,THA,1974,84.38,1099.03,East Asia & Pacific
United Arab Emirates,ARE,1974,97.93,109718.56,Middle East & North Africa
"Venezuela, RB",VEN,1974,83.24,4757.71,Latin America & Caribbean
Algeria,DZA,1975,53.51,3290.83,Middle East & North Africa
Belgium,BEL,1975,91.86,21116.99,Europe & Central Asia
Benin,BEN,1975,45.3,684.96,Sub-Saharan Africa
Brazil,BRA,1975,89.02,5148.91,Latin America & Caribbean
Brunei Darussalam,BRN,1975,77.69,62303.47,East Asia & Pacific
Burkina Faso,BFA,1975,26.27,294.05,Sub-Saharan Africa
Cameroon,CMR,1975,32.25,1102.18,Sub-Saharan Africa
Chile,CHL,1975,86.48,3419.83,Latin America & Caribbean
"Congo, Rep.",COG,1975,84.47,1711.44,Sub-Saharan Africa
Cote d'Ivoire,CIV,1975,45.62,2551.3,Sub-Saharan Africa
Cuba,CUB,1975,76.2,3174.55,Latin America & Caribbean
Cyprus,CYP,1975,85.1,6173.32,Europe & Central Asia
Ecuador,ECU,1975,91.39,3595.35,Latin America & Caribbean
"Egypt, Arab Rep.",EGY,1975,83.08,1048.97,Middle East & North Africa
El Salvador,SLV,1975,93.05,3189.07,Latin America & Caribbean
Eswatini,SWZ,1975,74.52,1238.16,Sub-Saharan Africa
Fiji,FJI,1975,93.79,3268.68,East Asia & Pacific
"Gambia, The",GMB,1975,59.45,648.28,Sub-Saharan Africa
Greece,GRC,1975,77.54,13248.92,Europe & Central Asia
Guatemala,GTM,1975,67.81,2802.06,Latin America & Caribbean
Guinea-Bissau,GNB,1975,43.72,554.54,Sub-Saharan Africa
Hungary,HUN,1975,99.43,6345.12,Europe & Central Asia
Iraq,IRQ,1975,97.82,1633.76,Middle East & North Africa
Italy,ITA,1975,98.0,17934.32,Europe & Central Asia
Kenya,KEN,1975,94.1,1113.01,Sub-Saharan Africa
"Korea, Rep.",KOR,1975,75.4,2955.2,East Asia & Pacific
Libya,LBY,1975,89.93,16770.03,Middle East & North Africa
Malawi,MWI,1975,85.64,405.38,Sub-Saharan Africa
Mali,MLI,1975,74.32,584.24,Sub-Saharan Africa
Malta,MLT,1975,99.27,4631.08,Middle East & North Africa
Morocco,MAR,1975,72.6,1167.79,Middle East & North Africa
Netherlands,NLD,1975,67.66,24166.34,Europe & Central Asia
Niger,NER,1975,43.16,566.68,Sub-Saharan Africa
Oman,OMN,1975,84.85,12294.96,Middle East & North Africa
Panama,PAN,1975,64.79,4480.7,Latin America & Caribbean
Peru,PER,1975,67.93,3933.7,Latin America & Caribbean
Portugal,PRT,1975,96.91,9072.05,Europe & Central Asia
Qatar,QAT,1975,97.6,69330.91,Middle East & North Africa
Singapore,SGP,1975,81.73,9974.22,East Asia & Pacific
Sri Lanka,LKA,1975,84.85,860.22,South Asia
Suriname,SUR,1975,84.49,5888.95,Latin America & Caribbean
Thailand,THA,1975,82.23,1125.84,East Asia & Pacific
Tunisia,TUN,1975,29.37,1562.53,Middle East & North Africa
United Arab Emirates,ARE,1975,91.28,105006.97,Middle East & North Africa
"Venezuela, RB",VEN,1975,83.25,4754.54,Latin America & Caribbean
Zambia,ZMB,1975,24.17,1213.58,Sub-Saharan Africa
Algeria,DZA,1976,57.93,3408.02,Middle East & North Africa
Belgium,BEL,1976,89.7,22270.85,Europe & Central Asia
Benin,BEN,1976,52.62,674.04,Sub-Saharan Africa
Bhutan,BTN,1976,84.29,389.67,South Asia
Brazil,BRA,1976,92.72,5543.44,Latin America & Caribbean
Brunei Darussalam,BRN,1976,69.92,72760.08,East Asia & Pacific
Burkina Faso,BFA,1976,30.01,312.39,Sub-Saharan Africa
Burundi,BDI,1976,10.06,306.31,Sub-Saharan Africa
Cameroon,CMR,1976,34.06,1014.08,Sub-Saharan Africa
Chile,CHL,1976,91.47,3488.61,Latin America & Caribbean
"Congo, Rep.",COG,1976,95.85,1685.48,Sub-Saharan Africa
Cote d'Ivoire,CIV,1976,46.95,2765.87,Sub-Saharan Africa
Cuba,CUB,1976,81.36,3314.86,Latin America & Caribbean
Cyprus,CYP,1976,86.12,7484.83,Europe & Central Asia
Ecuador,ECU,1976,89.37,3754.41,Latin America & Caribbean
"Egypt, Arab Rep.",EGY,1976,74.02,1160.79,Middle East & North Africa
El Salvador,SLV,1976,92.44,3278.59,Latin America & Caribbean
Eswatini,SWZ,1976,76.62,1175.66,Sub-Saharan Africa
Fiji,FJI,1976,93.31,3302.9,East Asia & Pacific
France,FRA,1976,100.0,20700.62,Europe & Central Asia
"Gambia, The",GMB,1976,73.48,674.97,Sub-Saharan Africa
Greece,GRC,1976,80.61,13938.54,Europe & Central Asia
Hungary,HUN,1976,99.55,6537.47,Europe & Central Asia
Iraq,IRQ,1976,78.9,1852.73,Middle East & North Africa
Italy,ITA,1976,97.89,19116.61,Europe & Central Asia
Jordan,JOR,1976,94.0,2926.45,Middle East & North Africa
Kenya,KEN,1976,91.48,1100.66,Sub-Saharan Africa
"Korea, Rep.",KOR,1976,78.52,3294.13,East Asia & Pacific
Kuwait,KWT,1976,84.75,39811.74,Middle East & North Africa
Libya,LBY,1976,90.09,19473.68,Middle East & North Africa
Luxembourg,LUX,1976,99.69,39515.03,Europe & Central Asia
Malawi,MWI,1976,92.47,413.44,Sub-Saharan Africa
Malta,MLT,1976,99.31,5391.65,Middle East & North Africa
Mexico,MEX,1976,76.54,6845.37,Latin America & Caribbean
Morocco,MAR,1976,71.05,1263.17,Middle East & North Africa
Netherlands,NLD,1976,69.01,25045.88,Europe & Central Asia
Niger,NER,1976,54.43,555.07,Sub-Saharan Africa
Oman,OMN,1976,73.79,14168.45,Middle East & North Africa
Panama,PAN,1976,58.61,4441.08,Latin America & Caribbean
Peru,PER,1976,68.81,3893.42,Latin America & Caribbean
Qatar,QAT,1976,98.02,69382.53,Middle East & North Africa
Rwanda,RWA,1976,9.1,344.88,Sub-Saharan Africa
Seychelles,SYC,1976,96.09,5689.08,Sub-Saharan Africa
Singapore,SGP,1976,82.0,10572.57,East Asia & Pacific
Sri Lanka,LKA,1976,85.0,872.95,South Asia
Suriname,SUR,1976,92.95,6454.72,Latin America & Caribbean
Syrian Arab Republic,SYR,1976,83.53,1061.24,Middle East & North Africa
Thailand,THA,1976,78.44,1202.74,East Asia & Pacific
Tunisia,TUN,1976,32.55,1641.27,Middle East & North Africa
United Arab Emirates,ARE,1976,97.02,107855.57,Middle East & North Africa
"Venezuela, RB",VEN,1976,83.79,4975.0,Latin America & Caribbean
Zambia,ZMB,1976,23.23,1250.54,Sub-Saharan Africa
Algeria,DZA,1977,59.69,3459.3,Middle East & North Africa
Benin,BEN,1977,56.88,689.86,Sub-Saharan Africa
Bhutan,BTN,1977,86.52,406.34,South Asia
Brazil,BRA,1977,92.77,5679.79,Latin America & Caribbean
Brunei Darussalam,BRN,1977,86.57,77308.86,East Asia & Pacific
Burundi,BDI,1977,12.96,332.79,Sub-Saharan Africa
Cameroon,CMR,1977,29.95,1124.04,Sub-Saharan Africa
Central African Republic,CAF,1977,35.35,602.2,Sub-Saharan Africa
"Congo, Rep.",COG,1977,99.09,1498.32,Sub-Saharan Africa
Cote d'Ivoire,CIV,1977,49.25,2861.16,Sub-Saharan Africa
Cuba,CUB,1977,88.58,3574.74,Latin America & Caribbean
Cyprus,CYP,1977,85.85,8708.45,Europe & Central Asia
Ecuador,ECU,1977,91.07,3710.31,Latin America & Caribbean
"Egypt, Arab Rep.",EGY,1977,85.92,1235.7,Middle East & North Africa
Eswatini,SWZ,1977,78.14,1150.13,Sub-Saharan Africa
Fiji,FJI,1977,93.3,3426.11,East Asia & Pacific
France,FRA,1977,97.99,21336.39,Europe & Central Asia
"Gambia, The",GMB,1977,67.3,676.46,Sub-Saharan Africa
Greece,GRC,1977,91.55,14162.99,Europe & Central Asia
Guyana,GUY,1977,96.72,3380.43,Latin America & Caribbean
Hungary,HUN,1977,99.64,7001.72,Europe & Central Asia
Iraq,IRQ,1977,86.58,1826.17,Middle East & North Africa
Italy,ITA,1977,98.73,19523.0,Europe & Central Asia
Jordan,JOR,1977,95.24,3073.82,Middle East & North Africa
Kenya,KEN,1977,87.5,1165.37,Sub-Saharan Africa
"Korea, Rep.",KOR,1977,84.59,3644.59,East Asia & Pacific
Kuwait,KWT,1977,99.9,35866.61,Middle East & North Africa
Libya,LBY,1977,87.85,20018.43,Middle East & North Africa
Luxembourg,LUX,1977,98.71,40065.69,Europe & Central Asia
Malawi,MWI,1977,81.94,420.51,Sub-Saharan Africa
Mali,MLI,1977,84.52,680.72,Sub-Saharan Africa
Malta,MLT,1977,98.01,6025.01,Middle East & North Africa
Mauritania,MRT,1977,84.54,1632.69,Sub-Saharan Africa
Mexico,MEX,1977,74.72,6888.58,Latin America & Caribbean
Morocco,MAR,1977,69.57,1306.13,Middle East & North Africa
Netherlands,NLD,1977,69.46,25524.92,Europe & Central Asia
Niger,NER,1977,52.96,581.7,Sub-Saharan Africa
Oman,OMN,1977,83.88,13631.62,Middle East & North Africa
Panama,PAN,1977,65.94,4379.72,Latin America & Caribbean
Peru,PER,1977,72.76,3811.7,Latin America & Caribbean
Qatar,QAT,1977,96.07,59679.68,Middle East & North Africa
Rwanda,RWA,1977,8.32,341.52,Sub-Saharan Africa
Seychelles,SYC,1977,97.92,5226.17,Sub-Saharan Africa
Sierra Leone,SLE,1977,83.16,1101.19,Sub-Saharan Africa
Singapore,SGP,1977,84.9,11141.58,East Asia & Pacific
Suriname,SUR,1977,85.62,7172.62,Latin America & Caribbean
Syrian Arab Republic,SYR,1977,82.61,1006.95,Middle East & North Africa
Thailand,THA,1977,76.55,1291.92,East Asia & Pacific
Tunisia,TUN,1977,25.65,1653.44,Middle East & North Africa
United Arab Emirates,ARE,1977,94.09,113580.03,Middle East & North Africa
"Venezuela, RB",VEN,1977,87.82,5135.79,Latin America & Caribbean
Zambia,ZMB,1977,22.57,1157.76,Sub-Saharan Africa
Algeria,DZA,1978,62.12,3672.12,Middle East & North Africa
Benin,BEN,1978,58.56,680.65,Sub-Saharan Africa
Bhutan,BTN,1978,62.01,420.68,South Asia
Brazil,BRA,1978,92.13,5821.49,Latin America & Caribbean
Brunei Darussalam,BRN,1978,94.11,80082.68,East Asia & Pacific
Burkina Faso,BFA,1978,30.56,312.55,Sub-Saharan Africa
Burundi,BDI,1978,16.12,320.28,Sub-Saharan Africa
Cameroon,CMR,1978,35.95,1334.49,Sub-Saharan Africa
"Congo, Rep.",COG,1978,97.11,1556.67,Sub-Saharan Africa
Cote d'Ivoire,CIV,1978,53.18,3055.94,Sub-Saharan Africa
Cuba,CUB,1978,86.52,3785.6,Latin America & Caribbean
Cyprus,CYP,1978,88.39,9350.99,Europe & Central Asia
Ecuador,ECU,1978,91.42,3815.91,Latin America & Caribbean
Eswatini,SWZ,1978,81.95,1127.63,Sub-Saharan Africa
Fiji,FJI,1978,91.11,3408.49,East Asia & Pacific
France,FRA,1978,98.6,22078.72,Europe & Central Asia
"Gambia, The",GMB,1978,76.88,696.18,Sub-Saharan Africa
Greece,GRC,1978,91.12,14993.69,Europe & Central Asia
Guatemala,GTM,1978,85.82,3181.47,Latin America & Caribbean
Guinea-Bissau,GNB,1978,69.52,502.5,Sub-Saharan Africa
Haiti,HTI,1978,62.69,1931.45,Latin America & Caribbean
Hungary,HUN,1978,99.76,7284.62,Europe & Central Asia
Italy,ITA,1978,99.06,20083.88,Europe & Central Asia
Jordan,JOR,1978,95.36,3415.77,Middle East & North Africa
Kenya,KEN,1978,91.78,1203.77,Sub-Saharan Africa
Kiribati,KIR,1978,21.9,2025.51,East Asia & Pacific
"Korea, Rep.",KOR,1978,90.37,3987.0,East Asia & Pacific
Kuwait,KWT,1978,99.57,36140.32,Middle East & North Africa
Libya,LBY,1978,90.46,19521.59,Middle East & North Africa
Luxembourg,LUX,1978,96.45,41623.6,Europe & Central Asia
Malawi,MWI,1978,82.85,445.99,Sub-Saharan Africa
Malta,MLT,1978,99.04,6628.11,Middle East & North Africa
Mauritania,MRT,1978,85.03,1579.02,Sub-Saharan Africa
Mexico,MEX,1978,79.96,7309.61,Latin America & Caribbean
Morocco,MAR,1978,70.75,1301.05,Middle East & North Africa
Netherlands,NLD,1978,69.79,26052.35,Europe & Central Asia
Niger,NER,1978,53.89,641.44,Sub-Saharan Africa
Oman,OMN,1978,84.08,12472.09,Middle East & North Africa
Panama,PAN,1978,66.38,4693.27,Latin America & Caribbean
Peru,PER,1978,80.15,3619.69,Latin America & Caribbean
Qatar,QAT,1978,97.36,60529.88,Middle East & North Africa
Senegal,SEN,1978,48.38,955.0,Sub-Saharan Africa
Singapore,SGP,1978,88.29,11863.69,East Asia & Pacific
Sri Lanka,LKA,1978,80.68,934.57,South Asia
Syrian Arab Republic,SYR,1978,82.67,1069.75,Middle East & North Africa
Togo,TGO,1978,92.7,842.4,Sub-Saharan Africa
Tunisia,TUN,1978,27.06,1717.12,Middle East & North Africa
"Venezuela, RB",VEN,1978,87.43,5106.88,Latin America & Caribbean
Zambia,ZMB,1978,21.78,1129.47,Sub-Saharan Africa
Algeria,DZA,1979,62.99,3830.81,Middle East & North Africa
Benin,BEN,1979,66.74,706.1,Sub-Saharan Africa
Brazil,BRA,1979,93.77,6069.05,Latin America & Caribbean
Brunei Darussalam,BRN,1979,92.43,96517.13,East Asia & Pacific
Burkina Faso,BFA,1979,31.66,315.72,Sub-Saharan Africa
Burundi,BDI,1979,14.32,317.61,Sub-Saharan Africa
Cameroon,CMR,1979,34.62,1375.92,Sub-Saharan Africa
Costa Rica,CRI,1979,59.03,6335.46,Latin America & Caribbean
Cote d'Ivoire,CIV,1979,56.43,3010.66,Sub-Saharan Africa
Cuba,CUB,1979,92.04,3806.65,Latin America & Caribbean
Cyprus,CYP,1979,88.97,10197.66,Europe & Central Asia
Eswatini,SWZ,1979,81.6,1124.89,Sub-Saharan Africa
Fiji,FJI,1979,91.15,3735.04,East Asia & Pacific
France,FRA,1979,97.86,22792.24,Europe & Central Asia
Gabon,GAB,1979,33.62,9187.36,Sub-Saharan Africa
"Gambia, The",GMB,1979,70.22,664.35,Sub-Saharan Africa
Greece,GRC,1979,94.1,15293.93,Europe & Central Asia
Guatemala,GTM,1979,82.86,3249.1,Latin America & Caribbean
Guinea,GIN,1979,91.01,510.94,Sub-Saharan Africa
Guyana,GUY,1979,94.89,3210.17,Latin America & Caribbean
Haiti,HTI,1979,62.17,2037.87,Latin America & Caribbean
"Hong Kong SAR, China",HKG,1979,89.08,11709.22,East Asia & Pacific
Hungary,HUN,1979,99.45,7467.8,Europe & Central Asia
Iraq,IRQ,1979,83.01,2419.12,Middle East & North Africa
Italy,ITA,1979,99.32,21219.27,Europe & Central Asia
Jordan,JOR,1979,95.67,3991.69,Middle East & North Africa
Kenya,KEN,1979,87.29,1251.32,Sub-Saharan Africa
Kiribati,KIR,1979,20.83,1781.69,East Asia & Pacific
"Korea, Rep.",KOR,1979,94.13,4270.07,East Asia & Pacific
Kuwait,KWT,1979,99.64,38757.81,Middle East & North Africa
Libya,LBY,1979,86.29,20077.74,Middle East & North Africa
Malawi,MWI,1979,89.85,448.72,Sub-Saharan Africa
Mexico,MEX,1979,80.79,7814.55,Latin America & Caribbean
Morocco,MAR,1979,69.23,1328.21,Middle East & North Africa
Netherlands,NLD,1979,70.18,26394.26,Europe & Central Asia
Peru,PER,1979,84.18,3674.96,Latin America & Caribbean
Qatar,QAT,1979,97.52,59542.17,Middle East & North Africa
Senegal,SEN,1979,43.86,997.71,Sub-Saharan Africa
Seychelles,SYC,1979,96.15,7226.37,Sub-Saharan Africa
Sri Lanka,LKA,1979,82.63,976.04,South Asia
Syrian Arab Republic,SYR,1979,80.89,1043.22,Middle East & North Africa
Togo,TGO,1979,81.28,778.7,Sub-Saharan Africa
Tunisia,TUN,1979,44.93,1788.22,Middle East & North Africa
United Arab Emirates,ARE,1979,94.35,105254.46,Middle East & North Africa
"Venezuela, RB",VEN,1979,89.52,5000.97,Latin America & Caribbean
Zambia,ZMB,1979,23.21,1062.96,Sub-Saharan Africa
Benin,BEN,1980,81.16,733.49,Sub-Saharan Africa
Brazil,BRA,1980,89.0,6472.85,Latin America & Caribbean
Brunei Darussalam,BRN,1980,95.75,84483.39,East Asia & Pacific
Bulgaria,BGR,1980,99.05,3427.24,Europe & Central Asia
Burkina Faso,BFA,1980,33.76,309.81,Sub-Saharan Africa
Burundi,BDI,1980,14.43,307.58,Sub-Saharan Africa
Cabo Verde,CPV,1980,51.43,581.76,Sub-Saharan Africa
Cameroon,CMR,1980,35.62,1305.68,Sub-Saharan Africa
Central African Republic,CAF,1980,53.11,549.85,Sub-Saharan Africa
"Congo, Rep.",COG,1980,99.35,1921.97,Sub-Saharan Africa
Costa Rica,CRI,1980,56.68,6211.83,Latin America & Caribbean
Cote d'Ivoire,CIV,1980,55.85,2576.92,Sub-Saharan Africa
Cuba,CUB,1980,92.36,3606.74,Latin America & Caribbean
Cyprus,CYP,1980,88.62,10667.84,Europe & Central Asia
Ecuador,ECU,1980,90.35,3889.18,Latin America & Caribbean
El Salvador,SLV,1980,72.1,2757.39,Latin America & Caribbean
Eswatini,SWZ,1980,82.65,1223.7,Sub-Saharan Africa
Fiji,FJI,1980,92.35,3588.63,East Asia & Pacific
Gabon,GAB,1980,31.39,9182.53,Sub-Saharan Africa
"Gambia, The",GMB,1980,72.39,682.14,Sub-Saharan Africa
Guinea,GIN,1980,75.48,515.08,Sub-Saharan Africa
Guinea-Bissau,GNB,1980,62.27,411.23,Sub-Saharan Africa
Guyana,GUY,1980,98.89,3247.67,Latin America & Caribbean
"Hong Kong SAR, China",HKG,1980,89.3,12553.13,East Asia & Pacific
Hungary,HUN,1980,99.85,7477.87,Europe & Central Asia
Italy,ITA,1980,99.28,21901.93,Europe & Central Asia
Jordan,JOR,1980,94.27,4278.63,Middle East & North Africa
Kenya,KEN,1980,85.61,1275.28,Sub-Saharan Africa
Kiribati,KIR,1980,21.05,1734.33,East Asia & Pacific
Libya,LBY,1980,87.23,19090.55,Middle East & North Africa
Malawi,MWI,1980,83.95,433.52,Sub-Saharan Africa
Mali,MLI,1980,69.9,667.11,Sub-Saharan Africa
Malta,MLT,1980,95.46,7679.72,Middle East & North Africa
Mauritania,MRT,1980,55.65,1616.07,Sub-Saharan Africa
Mexico,MEX,1980,79.41,8290.29,Latin America & Caribbean
Morocco,MAR,1980,71.25,1340.25,Middle East & North Africa
Netherlands,NLD,1980,70.04,26537.62,Europe & Central Asia
Niger,NER,1980,60.5,631.84,Sub-Saharan Africa
Peru,PER,1980,86.11,3797.44,Latin America & Caribbean
Qatar,QAT,1980,97.94,55253.74,Middle East & North Africa
Senegal,SEN,1980,43.91,1012.17,Sub-Saharan Africa
Seychelles,SYC,1980,98.17,6795.44,Sub-Saharan Africa
Singapore,SGP,1980,90.79,13953.89,East Asia & Pacific
Spain,ESP,1980,98.45,14886.41,Europe & Central Asia
Sri Lanka,LKA,1980,82.2,1014.42,South Asia
Syrian Arab Republic,SYR,1980,81.76,1155.13,Middle East & North Africa
Togo,TGO,1980,76.91,867.45,Sub-Saharan Africa
Tunisia,TUN,1980,42.03,1877.33,Middle East & North Africa
"Venezuela, RB",VEN,1980,88.26,4647.14,Latin America & Caribbean
Zambia,ZMB,1980,21.55,1062.94,Sub-Saharan Africa
Algeria,DZA,1981,71.05,3731.94,Middle East & North Africa
Angola,AGO,1981,67.56,2937.55,Sub-Saharan Africa
Bahrain,BHR,1981,87.6,20521.43,Middle East & North Africa
Brazil,BRA,1981,94.47,6055.1,Latin America & Caribbean
Brunei Darussalam,BRN,1981,92.51,63568.33,East Asia & Pacific
Bulgaria,BGR,1981,98.68,3583.22,Europe & Central Asia
Burkina Faso,BFA,1981,36.33,314.29,Sub-Saharan Africa
Burundi,BDI,1981,17.02,331.22,Sub-Saharan Africa
Cabo Verde,CPV,1981,48.41,622.18,Sub-Saharan Africa
Cameroon,CMR,1981,35.47,1475.99,Sub-Saharan Africa
Central African Republic,CAF,1981,66.37,535.27,Sub-Saharan Africa
Costa Rica,CRI,1981,53.39,5908.22,Latin America & Caribbean
Cuba,CUB,1981,93.72,4297.34,Latin America & Caribbean
Cyprus,CYP,1981,89.58,10756.26,Europe & Central Asia
Ecuador,ECU,1981,89.81,3999.22,Latin America & Caribbean
El Salvador,SLV,1981,98.55,2582.45,Latin America & Caribbean
Eswatini,SWZ,1981,81.09,1357.01,Sub-Saharan Africa
"Gambia, The",GMB,1981,66.84,680.76,Sub-Saharan Africa
Greece,GRC,1981,98.55,14876.12,Europe & Central Asia
Guinea-Bissau,GNB,1981,78.83,478.37,Sub-Saharan Africa
Guyana,GUY,1981,100.0,3287.41,Latin America & Caribbean
Haiti,HTI,1981,53.0,2045.46,Latin America & Caribbean
"Hong Kong SAR, China",HKG,1981,90.45,13397.32,East Asia & Pacific
Hungary,HUN,1981,99.83,7691.72,Europe & Central Asia
Italy,ITA,1981,99.28,22060.33,Europe & Central Asia
Jordan,JOR,1981,95.23,4816.74,Middle East & North Africa
Kiribati,KIR,1981,13.25,1811.68,East Asia & Pacific
"Korea, Rep.",KOR,1981,97.42,4377.64,East Asia & Pacific
Kuwait,KWT,1981,99.96,22766.1,Middle East & North Africa
Malawi,MWI,1981,82.42,394.77,Sub-Saharan Africa
Mexico,MEX,1981,85.81,8875.07,Latin America & Caribbean
Netherlands,NLD,1981,70.41,26149.65,Europe & Central Asia
Panama,PAN,1981,86.66,5640.29,Latin America & Caribbean
Qatar,QAT,1981,98.8,52401.38,Middle East & North Africa
Senegal,SEN,1981,45.16,1037.7,Sub-Saharan Africa
Seychelles,SYC,1981,98.43,6453.04,Sub-Saharan Africa
Singapore,SGP,1981,94.84,14737.3,East Asia & Pacific
Spain,ESP,1981,98.73,14761.38,Europe & Central Asia
Sri Lanka,LKA,1981,78.56,1054.39,South Asia
Suriname,SUR,1981,48.92,7613.42,Latin America & Caribbean
Syrian Arab Republic,SYR,1981,82.63,1204.05,Middle East & North Africa
Togo,TGO,1981,64.1,813.05,Sub-Saharan Africa
Tonga,TON,1981,88.58,2589.0,East Asia & Pacific
Tunisia,TUN,1981,41.23,1936.27,Middle East & North Africa
"Venezuela, RB",VEN,1981,88.19,4461.8,Latin America & Caribbean
Bahrain,BHR,1982,90.37,18310.99,Middle East & North Africa
Benin,BEN,1982,69.69,778.64,Sub-Saharan Africa
Brunei Darussalam,BRN,1982,99.56,63000.67,East Asia & Pacific
Bulgaria,BGR,1982,98.74,3656.04,Europe & Central Asia
Burkina Faso,BFA,1982,35.46,334.96,Sub-Saharan Africa
Burundi,BDI,1982,10.95,319.65,Sub-Saharan Africa
Cabo Verde,CPV,1982,49.97,630.37,Sub-Saharan Africa
Cameroon,CMR,1982,40.55,1549.61,Sub-Saharan Africa
Central African Republic,CAF,1982,70.95,569.91,Sub-Saharan Africa
Chile,CHL,1982,94.82,4244.1,Latin America & Caribbean
Colombia,COL,1982,94.49,3253.88,Latin America & Caribbean
"Congo, Rep.",COG,1982,95.22,2674.95,Sub-Saharan Africa
Costa Rica,CRI,1982,52.87,5329.87,Latin America & Caribbean
Cote d'Ivoire,CIV,1982,48.08,2466.3,Sub-Saharan Africa
Cuba,CUB,1982,95.46,4650.67,Latin America & Caribbean
Cyprus,CYP,1982,89.57,11269.82,Europe & Central Asia
Ecuador,ECU,1982,90.03,3918.96,Latin America & Caribbean
El Salvador,SLV,1982,97.44,2392.38,Latin America & Caribbean
Eswatini,SWZ,1982,81.26,1328.04,Sub-Saharan Africa
Gabon,GAB,1982,35.31,8866.93,Sub-Saharan Africa
"Gambia, The",GMB,1982,67.21,652.07,Sub-Saharan Africa
Greece,GRC,1982,98.73,14617.24,Europe & Central Asia
Guinea-Bissau,GNB,1982,80.96,490.62,Sub-Saharan Africa
Guyana,GUY,1982,100.0,2852.84,Latin America & Caribbean
Haiti,HTI,1982,74.88,1934.64,Latin America & Caribbean
"Hong Kong SAR, China",HKG,1982,91.49,13580.04,East Asia & Pacific
Hungary,HUN,1982,99.89,7914.91,Europe & Central Asia
Iraq,IRQ,1982,67.12,2833.01,Middle East & North Africa
Italy,ITA,1982,99.19,22135.16,Europe & Central Asia
Jordan,JOR,1982,95.05,4939.76,Middle East & North Africa
Kiribati,KIR,1982,15.03,1763.18,East Asia & Pacific
"Korea, Rep.",KOR,1982,97.0,4675.53,East Asia & Pacific
Kuwait,KWT,1982,99.06,19135.91,Middle East & North Africa
Malawi,MWI,1982,81.1,388.99,Sub-Saharan Africa
Mali,MLI,1982,69.8,598.55,Sub-Saharan Africa
Malta,MLT,1982,98.65,7884.89,Middle East & North Africa
Mexico,MEX,1982,84.61,8676.57,Latin America & Caribbean
Morocco,MAR,1982,71.19,1359.99,Middle East & North Africa
Mozambique,MOZ,1982,32.06,235.77,Sub-Saharan Africa
Netherlands,NLD,1982,70.71,25707.04,Europe & Central Asia
Oman,OMN,1982,90.57,14513.98,Middle East & North Africa
Panama,PAN,1982,88.24,5803.41,Latin America & Caribbean
Senegal,SEN,1982,50.66,1091.73,Sub-Saharan Africa
Seychelles,SYC,1982,98.05,6282.31,Sub-Saharan Africa
Singapore,SGP,1982,71.88,15106.25,East Asia & Pacific
Spain,ESP,1982,99.17,14855.91,Europe & Central Asia
Sri Lanka,LKA,1982,89.42,1084.61,South Asia
St. Lucia,LCA,1982,32.18,4768.47,Latin America & Caribbean
Suriname,SUR,1982,36.42,7272.42,Latin America & Caribbean
Syrian Arab Republic,SYR,1982,83.64,1197.25,Middle East & North Africa
Togo,TGO,1982,60.28,758.25,Sub-Saharan Africa
Tunisia,TUN,1982,45.66,1884.78,Middle East & North Africa
United Arab Emirates,ARE,1982,97.76,99530.38,Middle East & North Africa
"Venezuela, RB",VEN,1982,88.59,4456.35,Latin America & Caribbean
Zambia,ZMB,1982,24.17,1030.05,Sub-Saharan Africa
Algeria,DZA,1983,84.7,3912.94,Middle East & North Africa
Bahrain,BHR,1983,91.35,18811.44,Middle East & North Africa
Benin,BEN,1983,55.33,723.48,Sub-Saharan Africa
Brazil,BRA,1983,89.84,5664.96,Latin America & Caribbean
Brunei Darussalam,BRN,1983,85.8,61220.71,East Asia & Pacific
Bulgaria,BGR,1983,98.5,3772.03,Europe & Central Asia
Burkina Faso,BFA,1983,39.38,326.73,Sub-Saharan Africa
Burundi,BDI,1983,11.17,322.76,Sub-Saharan Africa
Cabo Verde,CPV,1983,51.88,680.31,Sub-Saharan Africa
Cameroon,CMR,1983,39.69,1622.47,Sub-Saharan Africa
Colombia,COL,1983,54.56,3228.36,Latin America & Caribbean
"Congo, Rep.",COG,1983,98.24,2773.63,Sub-Saharan Africa
Costa Rica,CRI,1983,54.06,5333.85,Latin America & Caribbean
Cote d'Ivoire,CIV,1983,45.55,2276.87,Sub-Saharan Africa
Cuba,CUB,1983,96.97,4863.89,Latin America & Caribbean
Cyprus,CYP,1983,98.0,11801.19,Europe & Central Asia
Ecuador,ECU,1983,75.13,3804.53,Latin America & Caribbean
El Salvador,SLV,1983,94.99,2385.4,Latin America & Caribbean
Eswatini,SWZ,1983,80.1,1300.55,Sub-Saharan Africa
Fiji,FJI,1983,93.03,3206.54,East Asia & Pacific
Gabon,GAB,1983,45.17,9113.44,Sub-Saharan Africa
"Gambia, The",GMB,1983,67.95,696.85,Sub-Saharan Africa
Greece,GRC,1983,98.44,14375.7,Europe & Central Asia
Guinea-Bissau,GNB,1983,92.3,466.48,Sub-Saharan Africa
Guyana,GUY,1983,100.0,2661.88,Latin America & Caribbean
"Hong Kong SAR, China",HKG,1983,91.36,14174.71,East Asia & Pacific
Hungary,HUN,1983,99.74,7984.12,Europe & Central Asia
Indonesia,IDN,1983,60.54,1139.01,East Asia & Pacific
"Iran, Islamic Rep.",IRN,1983,86.01,4236.72,Middle East & North Africa
Italy,ITA,1983,99.35,22385.84,Europe & Central Asia
Jamaica,JAM,1983,96.6,4169.47,Latin America & Caribbean
Kiribati,KIR,1983,17.81,1565.12,East Asia & Pacific
"Korea, Rep.",KOR,1983,97.99,5227.54,East Asia & Pacific
Kuwait,KWT,1983,99.58,19686.2,Middle East & North Africa
Malawi,MWI,1983,83.5,387.85,Sub-Saharan Africa
Mali,MLI,1983,72.48,572.09,Sub-Saharan Africa
Malta,MLT,1983,97.91,7726.93,Middle East & North Africa
Mauritius,MUS,1983,65.82,2549.56,Sub-Saharan Africa
Netherlands,NLD,1983,71.34,26139.85,Europe & Central Asia
Oman,OMN,1983,89.97,16018.85,Middle East & North Africa
Panama,PAN,1983,90.08,5413.93,Latin America & Caribbean
Qatar,QAT,1983,97.34,42654.73,Middle East & North Africa
Senegal,SEN,1983,44.84,1002.79,Sub-Saharan Africa
Seychelles,SYC,1983,98.96,6251.17,Sub-Saharan Africa
Singapore,SGP,1983,81.46,16186.91,East Asia & Pacific
Spain,ESP,1983,99.62,15045.4,Europe & Central Asia
Sri Lanka,LKA,1983,86.79,1129.27,South Asia
St. Lucia,LCA,1983,35.64,4926.91,Latin America & Caribbean
Suriname,SUR,1983,32.3,6948.37,Latin America & Caribbean
Syrian Arab Republic,SYR,1983,84.32,1183.93,Middle East & North Africa
Togo,TGO,1983,49.97,693.2,Sub-Saharan Africa
Tunisia,TUN,1983,57.31,1932.42,Middle East & North Africa
United Arab Emirates,ARE,1983,97.32,89516.25,Middle East & North Africa
"Venezuela, RB",VEN,1983,90.7,3910.35,Latin America & Caribbean
Zambia,ZMB,1983,25.74,977.76,Sub-Saharan Africa
Zimbabwe,ZWE,1983,83.02,1578.29,Sub-Saharan Africa
Algeria,DZA,1984,84.09,3993.4,Middle East & North Africa
Benin,BEN,1984,57.81,758.36,Sub-Saharan Africa
Botswana,BWA,1984,50.99,2603.45,Sub-Saharan Africa
Brazil,BRA,1984,91.96,5841.75,Latin America & Caribbean
Bulgaria,BGR,1984,98.56,3891.03,Europe & Central Asia
Burundi,BDI,1984,11.7,315.52,Sub-Saharan Africa
Cabo Verde,CPV,1984,43.23,696.05,Sub-Saharan Africa
Cameroon,CMR,1984,41.33,1695.95,Sub-Saharan Africa
Colombia,COL,1984,56.58,3260.28,Latin America & Caribbean
Costa Rica,CRI,1984,53.47,5605.38,Latin America & Caribbean
Cote d'Ivoire,CIV,1984,49.8,2128.64,Sub-Saharan Africa
Cuba,CUB,1984,96.97,5206.71,Latin America & Caribbean
Cyprus,CYP,1984,97.55,12669.5,Europe & Central Asia
Ecuador,ECU,1984,79.5,3803.58,Latin America & Caribbean
Eswatini,SWZ,1984,78.73,1336.43,Sub-Saharan Africa
Fiji,FJI,1984,93.47,3392.64,East Asia & Pacific
Gabon,GAB,1984,35.65,9533.32,Sub-Saharan Africa
"Gambia, The",GMB,1984,70.85,694.3,Sub-Saharan Africa
Greece,GRC,1984,99.05,14591.86,Europe & Central Asia
Guinea,GIN,1984,68.93,499.1,Sub-Saharan Africa
Haiti,HTI,1984,79.35,1882.82,Latin America & Caribbean
"Hong Kong SAR, China",HKG,1984,91.1,15435.98,East Asia & Pacific
Hungary,HUN,1984,99.79,8212.76,Europe & Central Asia
Indonesia,IDN,1984,58.39,1191.59,East Asia & Pacific
"Iran, Islamic Rep.",IRN,1984,86.53,3788.98,Middle East & North Africa
Iraq,IRQ,1984,83.63,2282.72,Middle East & North Africa
Italy,ITA,1984,99.29,23102.81,Europe & Central Asia
"Korea, Rep.",KOR,1984,98.45,5712.64,East Asia & Pacific
Kuwait,KWT,1984,99.25,19848.78,Middle East & North Africa
Malawi,MWI,1984,84.84,392.97,Sub-Saharan Africa
Mali,MLI,1984,59.16,544.22,Sub-Saharan Africa
Malta,MLT,1984,92.4,7798.11,Middle East & North Africa
Mauritius,MUS,1984,66.16,2641.58,Sub-Saharan Africa
Mexico,MEX,1984,79.93,8207.92,Latin America & Caribbean
Morocco,MAR,1984,51.06,1394.1,Middle East & North Africa
Mozambique,MOZ,1984,47.81,178.42,Sub-Saharan Africa
Netherlands,NLD,1984,72.78,26833.45,Europe & Central Asia
Oman,OMN,1984,91.87,17703.06,Middle East & North Africa
Panama,PAN,1984,83.57,5432.18,Latin America & Caribbean
Qatar,QAT,1984,96.3,42309.94,Middle East & North Africa
Seychelles,SYC,1984,98.86,6481.83,Sub-Saharan Africa
Spain,ESP,1984,99.11,15250.45,Europe & Central Asia
Sri Lanka,LKA,1984,85.1,1182.78,South Asia
Suriname,SUR,1984,46.89,6754.87,Latin America & Caribbean
Syrian Arab Republic,SYR,1984,84.35,1056.13,Middle East & North Africa
Togo,TGO,1984,50.82,707.57,Sub-Saharan Africa
Tonga,TON,1984,93.31,2811.26,East Asia & Pacific
Trinidad and Tobago,TTO,1984,87.78,7555.02,Latin America & Caribbean
Tunisia,TUN,1984,57.12,1996.46,Middle East & North Africa
United Arab Emirates,ARE,1984,95.05,88072.1,Middle East & North Africa
"Venezuela, RB",VEN,1984,91.2,4006.54,Latin America & Caribbean
Bahrain,BHR,1985,97.0,17516.64,Middle East & North Africa
Benin,BEN,1985,48.53,791.73,Sub-Saharan Africa
Botswana,BWA,1985,47.62,2693.78,Sub-Saharan Africa
Bulgaria,BGR,1985,98.94,3995.5,Europe & Central Asia
Burundi,BDI,1985,12.49,345.16,Sub-Saharan Africa
Cabo Verde,CPV,1985,63.24,745.62,Sub-Saharan Africa
Cameroon,CMR,1985,40.77,1778.88,Sub-Saharan Africa
Central African Republic,CAF,1985,56.76,574.32,Sub-Saharan Africa
Colombia,COL,1985,64.91,3289.71,Latin America & Caribbean
Costa Rica,CRI,1985,58.16,5492.84,Latin America & Caribbean
Cote d'Ivoire,CIV,1985,48.18,2138.06,Sub-Saharan Africa
Cuba,CUB,1985,96.06,5246.14,Latin America & Caribbean
Cyprus,CYP,1985,99.06,13127.53,Europe & Central Asia
Eswatini,SWZ,1985,78.72,1337.19,Sub-Saharan Africa
Fiji,FJI,1985,95.2,3159.91,East Asia & Pacific
France,FRA,1985,97.82,24358.14,Europe & Central Asia
"Gambia, The",GMB,1985,59.74,662.01,Sub-Saharan Africa
Greece,GRC,1985,98.78,14900.09,Europe & Central Asia
Guinea,GIN,1985,57.77,511.89,Sub-Saharan Africa
Haiti,HTI,1985,66.94,1856.97,Latin America & Caribbean
Hungary,HUN,1985,99.7,8206.88,Europe & Central Asia
Indonesia,IDN,1985,56.81,1195.12,East Asia & Pacific
"Iran, Islamic Rep.",IRN,1985,86.76,3720.53,Middle East & North Africa
Iraq,IRQ,1985,78.05,2260.88,Middle East & North Africa
Italy,ITA,1985,99.48,23742.39,Europe & Central Asia
Jamaica,JAM,1985,100.0,3887.22,Latin America & Caribbean
Kiribati,KIR,1985,22.85,1492.76,East Asia & Pacific
"Korea, Rep.",KOR,1985,98.84,6105.74,East Asia & Pacific
Lesotho,LSO,1985,63.65,462.89,Sub-Saharan Africa
Malawi,MWI,1985,82.0,395.42,Sub-Saharan Africa
Mali,MLI,1985,69.78,603.79,Sub-Saharan Africa
Malta,MLT,1985,88.19,7860.41,Middle East & North Africa
Mauritania,MRT,1985,51.27,1461.93,Sub-Saharan Africa
Mauritius,MUS,1985,64.17,2802.29,Sub-Saharan Africa
Mexico,MEX,1985,82.75,8194.16,Latin America & Caribbean
Morocco,MAR,1985,70.26,1442.96,Middle East & North Africa
Mozambique,MOZ,1985,45.29,176.85,Sub-Saharan Africa
Niger,NER,1985,31.59,478.49,Sub-Saharan Africa
Oman,OMN,1985,93.34,18998.67,Middle East & North Africa
Panama,PAN,1985,86.44,5570.8,Latin America & Caribbean
Qatar,QAT,1985,96.35,39368.85,Middle East & North Africa
Rwanda,RWA,1985,85.5,399.87,Sub-Saharan Africa
Senegal,SEN,1985,43.88,1020.46,Sub-Saharan Africa
Seychelles,SYC,1985,98.76,7091.31,Sub-Saharan Africa
Spain,ESP,1985,99.73,15548.04,Europe & Central Asia
Sri Lanka,LKA,1985,87.87,1233.73,South Asia
Syrian Arab Republic,SYR,1985,83.44,1114.96,Middle East & North Africa
Togo,TGO,1985,67.27,723.39,Sub-Saharan Africa
Tunisia,TUN,1985,58.81,2055.19,Middle East & North Africa
Turkiye,TUR,1985,47.74,4364.45,Europe & Central Asia
United Arab Emirates,ARE,1985,97.27,80474.99,Middle East & North Africa
"Venezuela, RB",VEN,1985,90.46,3936.55,Latin America & Caribbean
Benin,BEN,1986,59.74,785.14,Sub-Saharan Africa
Botswana,BWA,1986,49.48,2816.77,Sub-Saharan Africa
Bulgaria,BGR,1986,99.8,4164.72,Europe & Central Asia
Burundi,BDI,1986,13.9,349.76,Sub-Saharan Africa
Cameroon,CMR,1986,44.36,1842.96,Sub-Saharan Africa
Central African Republic,CAF,1986,43.38,587.35,Sub-Saharan Africa
Colombia,COL,1986,61.59,3410.16,Latin America & Caribbean
Comoros,COM,1986,54.06,1224.92,Sub-Saharan Africa
"Congo, Rep.",COG,1986,83.55,2511.49,Sub-Saharan Africa
Costa Rica,CRI,1986,59.12,5641.94,Latin America & Caribbean
Cote d'Ivoire,CIV,1986,46.05,2123.07,Sub-Saharan Africa
Cuba,CUB,1986,95.28,5206.53,Latin America & Caribbean
Cyprus,CYP,1986,98.29,13458.53,Europe & Central Asia
Eswatini,SWZ,1986,80.98,1442.89,Sub-Saharan Africa
Ethiopia,ETH,1986,89.11,264.54,Sub-Saharan Africa
Finland,FIN,1986,99.17,27513.39,Europe & Central Asia
France,FRA,1986,96.14,24813.03,Europe & Central Asia
Gabon,GAB,1986,57.38,8741.05,Sub-Saharan Africa
"Gambia, The",GMB,1986,52.63,662.0,Sub-Saharan Africa
Greece,GRC,1986,99.04,14927.76,Europe & Central Asia
Guinea,GIN,1986,42.7,514.95,Sub-Saharan Africa
Haiti,HTI,1986,73.36,1811.09,Latin America & Caribbean
Hungary,HUN,1986,99.78,8347.08,Europe & Central Asia
India,IND,1986,86.84,461.73,South Asia
"Iran, Islamic Rep.",IRN,1986,83.11,3234.89,Middle East & North Africa
Iraq,IRQ,1986,73.08,2308.44,Middle East & North Africa
Italy,ITA,1986,99.45,24420.08,Europe & Central Asia
Jordan,JOR,1986,95.75,4312.61,Middle East & North Africa
"Korea, Rep.",KOR,1986,98.97,6740.7,East Asia & Pacific
Lesotho,LSO,1986,67.68,472.43,Sub-Saharan Africa
Malawi,MWI,1986,85.93,380.3,Sub-Saharan Africa
Mali,MLI,1986,66.23,588.19,Sub-Saharan Africa
Malta,MLT,1986,89.4,8030.49,Middle East & North Africa
Mauritania,MRT,1986,47.67,1501.59,Sub-Saharan Africa
Mauritius,MUS,1986,67.19,3051.86,Sub-Saharan Africa
Mexico,MEX,1986,82.03,7713.61,Latin America & Caribbean
Morocco,MAR,1986,74.55,1542.62,Middle East & North Africa
Oman,OMN,1986,95.74,18173.34,Middle East & North Africa
Panama,PAN,1986,85.47,5640.37,Latin America & Caribbean
Qatar,QAT,1986,94.1,39682.19,Middle East & North Africa
Rwanda,RWA,1986,88.2,407.89,Sub-Saharan Africa
Seychelles,SYC,1986,97.03,7100.94,Sub-Saharan Africa
Spain,ESP,1986,99.69,16005.97,Europe & Central Asia
Sri Lanka,LKA,1986,94.44,1272.16,South Asia
Syrian Arab Republic,SYR,1986,80.74,991.11,Middle East & North Africa
Togo,TGO,1986,65.63,712.73,Sub-Saharan Africa
Tunisia,TUN,1986,51.41,1974.71,Middle East & North Africa
Turkiye,TUR,1986,47.13,4572.11,Europe & Central Asia
United Arab Emirates,ARE,1986,96.8,64264.54,Middle East & North Africa
"Venezuela, RB",VEN,1986,92.15,4068.22,Latin America & Caribbean
Bahrain,BHR,1987,96.46,18193.21,Middle East & North Africa
Botswana,BWA,1987,57.25,3050.23,Sub-Saharan Africa
Bulgaria,BGR,1987,98.72,4410.38,Europe & Central Asia
Burkina Faso,BFA,1987,55.6,334.89,Sub-Saharan Africa
Burundi,BDI,1987,17.9,360.68,Sub-Saharan Africa
Cabo Verde,CPV,1987,57.35,777.83,Sub-Saharan Africa
Cameroon,CMR,1987,44.9,1749.42,Sub-Saharan Africa
Central African Republic,CAF,1987,52.25,551.04,Sub-Saharan Africa
Chad,TCD,1987,81.57,571.26,Sub-Saharan Africa
Colombia,COL,1987,62.78,3520.16,Latin America & Caribbean
Costa Rica,CRI,1987,62.29,5756.52,Latin America & Caribbean
Cote d'Ivoire,CIV,1987,46.91,2035.62,Sub-Saharan Africa
Cuba,CUB,1987,98.18,5036.67,Latin America & Caribbean
Cyprus,CYP,1987,99.07,14253.56,Europe & Central Asia
Dominica,DMA,1987,86.03,4784.91,Latin America & Caribbean
El Salvador,SLV,1987,88.83,2309.06,Latin America & Caribbean
Eswatini,SWZ,1987,80.5,1590.69,Sub-Saharan Africa
Ethiopia,ETH,1987,87.41,291.11,Sub-Saharan Africa
Finland,FIN,1987,99.06,28412.45,Europe & Central Asia
Gabon,GAB,1987,58.08,7044.16,Sub-Saharan Africa
Greece,GRC,1987,98.78,14541.86,Europe & Central Asia
Guinea,GIN,1987,57.94,518.46,Sub-Saharan Africa
Hungary,HUN,1987,99.54,8699.83,Europe & Central Asia
India,IND,1987,89.83,469.21,South Asia
Indonesia,IDN,1987,56.26,1276.13,East Asia & Pacific
"Iran, Islamic Rep.",IRN,1987,84.79,3115.62,Middle East & North Africa
Iraq,IRQ,1987,70.86,2455.0,Middle East & North Africa
Italy,ITA,1987,97.6,25196.99,Europe & Central Asia
Jordan,JOR,1987,97.85,4213.35,Middle East & North Africa
"Korea, Rep.",KOR,1987,98.94,7535.13,East Asia & Pacific
Malawi,MWI,1987,80.31,368.46,Sub-Saharan Africa
Mali,MLI,1987,68.01,573.57,Sub-Saharan Africa
Malta,MLT,1987,88.19,8303.21,Middle East & North Africa
Mauritania,MRT,1987,45.26,1486.7,Sub-Saharan Africa
Mauritius,MUS,1987,63.05,3298.44,Sub-Saharan Africa
Mexico,MEX,1987,81.36,7716.5,Latin America & Caribbean
Morocco,MAR,1987,75.97,1507.2,Middle East & North Africa
Nicaragua,NIC,1987,93.77,1572.33,Latin America & Caribbean
Oman,OMN,1987,94.24,16524.18,Middle East & North Africa
Panama,PAN,1987,87.11,5416.49,Latin America & Caribbean
Qatar,QAT,1987,99.17,38241.76,Middle East & North Africa
Rwanda,RWA,1987,87.76,394.65,Sub-Saharan Africa
Senegal,SEN,1987,43.06,1055.32,Sub-Saharan Africa
Seychelles,SYC,1987,99.03,7137.56,Sub-Saharan Africa
Spain,ESP,1987,98.93,16850.09,Europe & Central Asia
Syrian Arab Republic,SYR,1987,78.01,973.62,Middle East & North Africa
Togo,TGO,1987,76.23,694.91,Sub-Saharan Africa
Trinidad and Tobago,TTO,1987,83.82,6442.89,Latin America & Caribbean
Tunisia,TUN,1987,54.65,2055.74,Middle East & North Africa
Turkiye,TUR,1987,49.28,4904.82,Europe & Central Asia
United Arab Emirates,ARE,1987,98.79,61928.09,Middle East & North Africa
"Venezuela, RB",VEN,1987,90.35,4154.27,Latin America & Caribbean
Algeria,DZA,1988,90.79,3606.27,Middle East & North Africa
Botswana,BWA,1988,61.74,3536.42,Sub-Saharan Africa
Bulgaria,BGR,1988,99.28,4887.59,Europe & Central Asia
Burkina Faso,BFA,1988,58.66,344.9,Sub-Saharan Africa
Burundi,BDI,1988,17.47,370.53,Sub-Saharan Africa
Central African Republic,CAF,1988,53.55,551.21,Sub-Saharan Africa
Chad,TCD,1988,75.1,637.74,Sub-Saharan Africa
Colombia,COL,1988,63.41,3588.97,Latin America & Caribbean
"Congo, Rep.",COG,1988,81.63,2415.94,Sub-Saharan Africa
Costa Rica,CRI,1988,63.18,5802.83,Latin America & Caribbean
Cote d'Ivoire,CIV,1988,52.07,1981.39,Sub-Saharan Africa
Cuba,CUB,1988,97.28,5174.62,Latin America & Caribbean
El Salvador,SLV,1988,84.84,2305.62,Latin America & Caribbean
Eswatini,SWZ,1988,88.1,1618.92,Sub-Saharan Africa
Finland,FIN,1988,99.26,29811.95,Europe & Central Asia
France,FRA,1988,97.71,26374.12,Europe & Central Asia
Greece,GRC,1988,99.09,15110.41,Europe & Central Asia
Guinea,GIN,1988,74.13,536.94,Sub-Saharan Africa
Hungary,HUN,1988,99.87,8707.48,Europe & Central Asia
"Iran, Islamic Rep.",IRN,1988,86.44,2833.19,Middle East & North Africa
Iraq,IRQ,1988,71.43,2398.24,Middle East & North Africa
Italy,ITA,1988,98.21,26241.16,Europe & Central Asia
Jordan,JOR,1988,94.07,4080.29,Middle East & North Africa
Kiribati,KIR,1988,27.84,1675.64,East Asia & Pacific
Madagascar,MDG,1988,59.85,532.03,Sub-Saharan Africa
Malawi,MWI,1988,89.35,360.18,Sub-Saharan Africa
Malta,MLT,1988,98.8,8928.26,Middle East & North Africa
Mauritania,MRT,1988,38.89,1469.21,Sub-Saharan Africa
Mauritius,MUS,1988,71.03,3498.28,Sub-Saharan Africa
Mexico,MEX,1988,81.59,7657.73,Latin America & Caribbean
Morocco,MAR,1988,75.0,1654.01,Middle East & North Africa
Nicaragua,NIC,1988,97.59,1345.34,Latin America & Caribbean
Niger,NER,1988,49.71,497.16,Sub-Saharan Africa
Oman,OMN,1988,95.35,16544.44,Middle East & North Africa
Qatar,QAT,1988,92.9,39095.56,Middle East & North Africa
Rwanda,RWA,1988,86.57,399.47,Sub-Saharan Africa
Senegal,SEN,1988,61.01,1016.83,Sub-Saharan Africa
Seychelles,SYC,1988,99.1,7489.74,Sub-Saharan Africa
Spain,ESP,1988,97.25,17670.97,Europe & Central Asia
Sri Lanka,LKA,1988,96.03,1297.46,South Asia
Syrian Arab Republic,SYR,1988,76.14,1110.62,Middle East & North Africa
Togo,TGO,1988,62.44,719.0,Sub-Saharan Africa
Turkiye,TUR,1988,49.38,4919.42,Europe & Central Asia
United Arab Emirates,ARE,1988,99.49,56449.89,Middle East & North Africa
"Venezuela, RB",VEN,1988,93.13,4313.11,Latin America & Caribbean
Algeria,DZA,1989,91.0,3666.85,Middle East & North Africa
Benin,BEN,1989,34.52,709.19,Sub-Saharan Africa
Botswana,BWA,1989,73.23,3888.73,Sub-Saharan Africa
Bulgaria,BGR,1989,93.54,4782.42,Europe & Central Asia
Burkina Faso,BFA,1989,59.56,343.09,Sub-Saharan Africa
Burundi,BDI,1989,11.12,368.23,Sub-Saharan Africa
Cabo Verde,CPV,1989,55.86,846.57,Sub-Saharan Africa
Central African Republic,CAF,1989,49.88,547.97,Sub-Saharan Africa
Chad,TCD,1989,82.03,646.59,Sub-Saharan Africa
China,CHN,1989,63.73,895.53,East Asia & Pacific
Costa Rica,CRI,1989,64.74,5979.07,Latin America & Caribbean
Cote d'Ivoire,CIV,1989,53.26,1962.42,Sub-Saharan Africa
Cuba,CUB,1989,98.21,5160.03,Latin America & Caribbean
Cyprus,CYP,1989,99.63,16306.33,Europe & Central Asia
Eswatini,SWZ,1989,85.0,1745.03,Sub-Saharan Africa
Finland,FIN,1989,98.86,31214.68,Europe & Central Asia
France,FRA,1989,97.88,27372.05,Europe & Central Asia
Guinea,GIN,1989,65.08,544.13,Sub-Saharan Africa
Hungary,HUN,1989,99.76,8867.65,Europe & Central Asia
"Iran, Islamic Rep.",IRN,1989,86.34,2920.37,Middle East & North Africa
Italy,ITA,1989,97.56,27109.97,Europe & Central Asia
Jamaica,JAM,1989,97.93,4616.03,Latin America & Caribbean
Kiribati,KIR,1989,32.88,1516.92,East Asia & Pacific
Madagascar,MDG,1989,62.97,537.84,Sub-Saharan Africa
Malawi,MWI,1989,90.7,348.2,Sub-Saharan Africa
Malta,MLT,1989,94.04,9564.96,Middle East & North Africa
Mauritius,MUS,1989,66.7,3626.6,Sub-Saharan Africa
Mexico,MEX,1989,80.62,7783.81,Latin America & Caribbean
Morocco,MAR,1989,83.98,1669.73,Middle East & North Africa
Mozambique,MOZ,1989,53.82,222.04,Sub-Saharan Africa
Niger,NER,1989,42.94,486.87,Sub-Saharan Africa
Oman,OMN,1989,96.82,17522.62,Middle East & North Africa
Philippines,PHL,1989,93.99,1696.0,East Asia & Pacific
Qatar,QAT,1989,94.7,40124.98,Middle East & North Africa
Rwanda,RWA,1989,83.28,387.28,Sub-Saharan Africa
Senegal,SEN,1989,38.83,1027.28,Sub-Saharan Africa
Spain,ESP,1989,99.76,18494.94,Europe & Central Asia
Sri Lanka,LKA,1989,96.35,1313.41,South Asia
Syrian Arab Republic,SYR,1989,74.83,927.81,Middle East & North Africa
Togo,TGO,1989,78.62,726.29,Sub-Saharan Africa
Tunisia,TUN,1989,69.26,2000.29,Middle East & North Africa
Turkiye,TUR,1989,48.43,4837.93,Europe & Central Asia
United Arab Emirates,ARE,1989,98.8,59585.93,Middle East & North Africa
"Venezuela, RB",VEN,1989,92.74,3621.03,Latin America & Caribbean
Algeria,DZA,1990,90.0,3605.69,Middle East & North Africa
Bahrain,BHR,1990,97.58,18345.84,Middle East & North Africa
Botswana,BWA,1990,89.7,4039.47,Sub-Saharan Africa
Bulgaria,BGR,1990,98.31,4425.5,Europe & Central Asia
Burkina Faso,BFA,1990,56.43,332.15,Sub-Saharan Africa
Cameroon,CMR,1990,45.09,1360.48,Sub-Saharan Africa
Central African Republic,CAF,1990,56.13,519.79,Sub-Saharan Africa
Chad,TCD,1990,65.14,602.67,Sub-Saharan Africa
China,CHN,1990,69.39,917.27,East Asia & Pacific
Costa Rica,CRI,1990,64.19,6037.05,Latin America & Caribbean
Cote d'Ivoire,CIV,1990,51.0,1866.08,Sub-Saharan Africa
Cuba,CUB,1990,97.62,4961.46,Latin America & Caribbean
Eswatini,SWZ,1990,85.67,2027.97,Sub-Saharan Africa
Finland,FIN,1990,99.12,31291.52,Europe & Central Asia
France,FRA,1990,97.85,27992.98,Europe & Central Asia
Guinea,GIN,1990,67.69,548.37,Sub-Saharan Africa
"Hong Kong SAR, China",HKG,1990,98.43,21357.26,East Asia & Pacific
Hungary,HUN,1990,100.0,8646.45,Europe & Central Asia
"Iran, Islamic Rep.",IRN,1990,87.75,3222.2,Middle East & North Africa
Italy,ITA,1990,98.12,27625.18,Europe & Central Asia
Kiribati,KIR,1990,34.48,1387.65,East Asia & Pacific
Madagascar,MDG,1990,63.67,538.54,Sub-Saharan Africa
Malawi,MWI,1990,91.02,353.77,Sub-Saharan Africa
Malta,MLT,1990,96.13,10067.75,Middle East & North Africa
Mauritania,MRT,1990,45.24,1437.75,Sub-Saharan Africa
Mauritius,MUS,1990,74.78,3859.64,Sub-Saharan Africa
Mexico,MEX,1990,80.72,8036.86,Latin America & Caribbean
Morocco,MAR,1990,67.61,1695.64,Middle East & North Africa
Niger,NER,1990,68.41,465.92,Sub-Saharan Africa
Poland,POL,1990,97.9,5111.35,Europe & Central Asia
Qatar,QAT,1990,98.83,40125.4,Middle East & North Africa
Rwanda,RWA,1990,82.75,368.22,Sub-Saharan Africa
South Africa,ZAF,1990,98.77,4544.23,Sub-Saharan Africa
Sri Lanka,LKA,1990,97.5,1388.59,South Asia
Syrian Arab Republic,SYR,1990,72.94,931.89,Middle East & North Africa
Togo,TGO,1990,71.47,703.62,Sub-Saharan Africa
Tunisia,TUN,1990,69.66,2114.47,Middle East & North Africa
Turkiye,TUR,1990,51.38,5188.18,Europe & Central Asia
Ukraine,UKR,1990,89.23,3102.31,Europe & Central Asia
United Arab Emirates,ARE,1990,98.27,66481.61,Middle East & North Africa
"Venezuela, RB",VEN,1990,94.22,3762.28,Latin America & Caribbean
Algeria,DZA,1991,90.91,3478.51,Middle East & North Africa
Bahrain,BHR,1991,99.08,20882.51,Middle East & North Africa
Belarus,BLR,1991,100.0,2852.83,Europe & Central Asia
Belize,BLZ,1991,92.71,4499.58,Latin America & Caribbean
Botswana,BWA,1991,82.4,4224.1,Sub-Saharan Africa
Brazil,BRA,1991,100.0,6107.65,Latin America & Caribbean
Brunei Darussalam,BRN,1991,90.59,44201.14,East Asia & Pacific
Bulgaria,BGR,1991,98.27,4092.08,Europe & Central Asia
Burkina Faso,BFA,1991,53.33,353.21,Sub-Saharan Africa
Burundi,BDI,1991,15.63,383.87,Sub-Saharan Africa
China,CHN,1991,71.81,989.55,East Asia & Pacific
"Congo, Dem. Rep.",COD,1991,31.2,736.69,Sub-Saharan Africa
Costa Rica,CRI,1991,66.77,6018.68,Latin America & Caribbean
Cote d'Ivoire,CIV,1991,62.54,1794.12,Sub-Saharan Africa
Cuba,CUB,1991,96.47,4395.45,Latin America & Caribbean
El Salvador,SLV,1991,87.14,2341.93,Latin America & Caribbean
Eswatini,SWZ,1991,97.61,1982.42,Sub-Saharan Africa
Finland,FIN,1991,98.5,29290.98,Europe & Central Asia
France,FRA,1991,97.73,28197.24,Europe & Central Asia
Greece,GRC,1991,98.63,15727.47,Europe & Central Asia
Guinea,GIN,1991,80.32,540.62,Sub-Saharan Africa
Guyana,GUY,1991,95.55,2528.08,Latin America & Caribbean
"Hong Kong SAR, China",HKG,1991,98.73,22388.62,East Asia & Pacific
Hungary,HUN,1991,99.96,7618.64,Europe & Central Asia
Italy,ITA,1991,99.69,28030.77,Europe & Central Asia
Jordan,JOR,1991,97.9,3010.14,Middle East & North Africa
Kiribati,KIR,1991,34.98,1283.35,East Asia & Pacific
Malawi,MWI,1991,88.77,373.0,Sub-Saharan Africa
Malta,MLT,1991,99.94,10413.18,Middle East & North Africa
Mauritania,MRT,1991,49.62,1421.33,Sub-Saharan Africa
Mauritius,MUS,1991,67.32,3987.56,Sub-Saharan Africa
Mexico,MEX,1991,80.99,8197.01,Latin America & Caribbean
Morocco,MAR,1991,97.83,1786.76,Middle East & North Africa
Mozambique,MOZ,1991,48.99,227.46,Sub-Saharan Africa
Namibia,NAM,1991,89.85,2989.4,Sub-Saharan Africa
Nepal,NPL,1991,88.88,438.16,South Asia
Niger,NER,1991,44.65,449.72,Sub-Saharan Africa
Oman,OMN,1991,97.7,16805.72,Middle East & North Africa
Poland,POL,1991,98.33,4735.93,Europe & Central Asia
Qatar,QAT,1991,93.51,38185.11,Middle East & North Africa
Rwanda,RWA,1991,85.24,351.73,Sub-Saharan Africa
Senegal,SEN,1991,39.32,988.63,Sub-Saharan Africa
Seychelles,SYC,1991,99.07,8902.84,Sub-Saharan Africa
Sri Lanka,LKA,1991,96.52,1441.63,South Asia
Syrian Arab Republic,SYR,1991,72.0,972.29,Middle East & North Africa
Togo,TGO,1991,66.51,678.87,Sub-Saharan Africa
Tunisia,TUN,1991,72.29,2151.21,Middle East & North Africa
Turkiye,TUR,1991,55.19,5134.42,Europe & Central Asia
Ukraine,UKR,1991,89.98,2826.06,Europe & Central Asia
United Arab Emirates,ARE,1991,94.02,63430.92,Middle East & North Africa
"Venezuela, RB",VEN,1991,94.11,4031.18,Latin America & Caribbean
Algeria,DZA,1992,91.14,3455.93,Middle East & North Africa
Azerbaijan,AZE,1992,95.86,2141.34,Europe & Central Asia
Bahrain,BHR,1992,99.34,21701.22,Middle East & North Africa
Belarus,BLR,1992,100.0,2573.3,Europe & Central Asia
Botswana,BWA,1992,88.37,4226.74,Sub-Saharan Africa
Brazil,BRA,1992,99.08,5973.98,Latin America & Caribbean
Brunei Darussalam,BRN,1992,95.65,41672.37,East Asia & Pacific
Bulgaria,BGR,1992,96.68,3835.45,Europe & Central Asia
Burkina Faso,BFA,1992,41.74,345.4,Sub-Saharan Africa
Burundi,BDI,1992,17.18,377.52,Sub-Saharan Africa
China,CHN,1992,76.84,1117.27,East Asia & Pacific
Comoros,COM,1992,42.16,1207.29,Sub-Saharan Africa
"Congo, Dem. Rep.",COD,1992,36.13,637.44,Sub-Saharan Africa
"Congo, Rep.",COG,1992,71.75,2346.68,Sub-Saharan Africa
Costa Rica,CRI,1992,67.09,6408.21,Latin America & Caribbean
Cote d'Ivoire,CIV,1992,56.61,1719.71,Sub-Saharan Africa
Cuba,CUB,1992,96.68,3861.87,Latin America & Caribbean
Cyprus,CYP,1992,99.9,17928.54,Europe & Central Asia
El Salvador,SLV,1992,88.79,2465.76,Latin America & Caribbean
Eswatini,SWZ,1992,91.43,1969.96,Sub-Saharan Africa
Finland,FIN,1992,99.41,28162.35,Europe & Central Asia
Guinea,GIN,1992,78.68,540.77,Sub-Saharan Africa
Guyana,GUY,1992,93.24,2716.76,Latin America & Caribbean
"Hong Kong SAR, China",HKG,1992,98.86,23585.67,East Asia & Pacific
Hungary,HUN,1992,100.0,7388.08,Europe & Central Asia
"Iran, Islamic Rep.",IRN,1992,90.68,3579.73,Middle East & North Africa
Jordan,JOR,1992,98.67,3264.84,Middle East & North Africa
Lao PDR,LAO,1992,78.25,660.63,East Asia & Pacific
"Macao SAR, China",MAC,1992,90.68,33280.85,East Asia & Pacific
Malawi,MWI,1992,83.86,335.73,Sub-Saharan Africa
Malta,MLT,1992,99.04,10789.77,Middle East & North Africa
Mauritania,MRT,1992,50.96,1393.6,Sub-Saharan Africa
Mauritius,MUS,1992,71.97,4191.74,Sub-Saharan Africa
Mexico,MEX,1992,82.12,8330.26,Latin America & Caribbean
Morocco,MAR,1992,91.97,1720.42,Middle East & North Africa
Mozambique,MOZ,1992,48.76,206.19,Sub-Saharan Africa
Poland,POL,1992,100.0,4840.17,Europe & Central Asia
Qatar,QAT,1992,98.58,41171.67,Middle East & North Africa
Romania,ROU,1992,98.23,4059.1,Europe & Central Asia
Seychelles,SYC,1992,96.8,9497.76,Sub-Saharan Africa
Slovak Republic,SVK,1992,96.89,6843.3,Europe & Central Asia
Spain,ESP,1992,99.78,19698.51,Europe & Central Asia
Syrian Arab Republic,SYR,1992,67.96,1065.2,Middle East & North Africa
Trinidad and Tobago,TTO,1992,74.05,6771.98,Latin America & Caribbean
Tunisia,TUN,1992,80.79,2270.86,Middle East & North Africa
Ukraine,UKR,1992,99.58,2538.85,Europe & Central Asia
United Arab Emirates,ARE,1992,96.95,62201.62,Middle East & North Africa
"Venezuela, RB",VEN,1992,92.28,4177.54,Latin America & Caribbean
Algeria,DZA,1993,90.13,3302.92,Middle East & North Africa
Azerbaijan,AZE,1993,96.79,1621.92,Europe & Central Asia
Belarus,BLR,1993,99.52,2372.49,Europe & Central Asia
Bhutan,BTN,1993,89.52,917.29,South Asia
Botswana,BWA,1993,86.45,4186.15,Sub-Saharan Africa
Brazil,BRA,1993,95.71,6167.46,Latin America & Caribbean
Brunei Darussalam,BRN,1993,96.58,40342.05,East Asia & Pacific
Bulgaria,BGR,1993,95.31,3808.94,Europe & Central Asia
Burkina Faso,BFA,1993,42.23,348.58,Sub-Saharan Africa
China,CHN,1993,75.36,1258.35,East Asia & Pacific
"Congo, Dem. Rep.",COD,1993,31.19,532.21,Sub-Saharan Africa
"Congo, Rep.",COG,1993,69.91,2255.94,Sub-Saharan Africa
Costa Rica,CRI,1993,67.9,6693.49,Latin America & Caribbean
Cote d'Ivoire,CIV,1993,66.68,1649.47,Sub-Saharan Africa
Croatia,HRV,1993,100.0,6490.83,Europe & Central Asia
Cuba,CUB,1993,95.38,3270.55,Latin America & Caribbean
Cyprus,CYP,1993,99.22,17623.29,Europe & Central Asia
Czechia,CZE,1993,100.0,10475.08,Europe & Central Asia
Dominican Republic,DOM,1993,84.77,3147.67,Latin America & Caribbean
Ecuador,ECU,1993,60.7,3996.99,Latin America & Caribbean
Eritrea,ERI,1993,96.63,705.99,Sub-Saharan Africa
Eswatini,SWZ,1993,89.7,1972.8,Sub-Saharan Africa
Ethiopia,ETH,1993,89.46,227.17,Sub-Saharan Africa
Finland,FIN,1993,99.27,27807.86,Europe & Central Asia
Germany,DEU,1993,99.97,30932.02,Europe & Central Asia
Guinea,GIN,1993,76.38,551.01,Sub-Saharan Africa
"Hong Kong SAR, China",HKG,1993,99.18,24621.65,East Asia & Pacific
"Iran, Islamic Rep.",IRN,1993,91.72,3514.52,Middle East & North Africa
Jordan,JOR,1993,98.92,3238.48,Middle East & North Africa
Lao PDR,LAO,1993,80.61,680.96,East Asia & Pacific
Madagascar,MDG,1993,55.45,476.16,Sub-Saharan Africa
Malawi,MWI,1993,81.61,362.93,Sub-Saharan Africa
Malta,MLT,1993,94.73,11161.2,Middle East & North Africa
Mauritania,MRT,1993,50.6,1416.97,Sub-Saharan Africa
Mauritius,MUS,1993,69.95,4352.86,Sub-Saharan Africa
Mexico,MEX,1993,84.03,8411.8,Latin America & Caribbean
Morocco,MAR,1993,92.29,1680.71,Middle East & North Africa
Mozambique,MOZ,1993,50.63,221.62,Sub-Saharan Africa
Namibia,NAM,1993,91.76,2959.28,Sub-Saharan Africa
North Macedonia,MKD,1993,97.38,2948.27,Europe & Central Asia
Oman,OMN,1993,97.66,17694.16,Middle East & North Africa
Poland,POL,1993,99.2,5008.35,Europe & Central Asia
Qatar,QAT,1993,99.06,39377.83,Middle East & North Africa
Seychelles,SYC,1993,95.89,9981.24,Sub-Saharan Africa
Slovak Republic,SVK,1993,99.84,6946.85,Europe & Central Asia
Slovenia,SVN,1993,99.9,12098.34,Europe & Central Asia
Spain,ESP,1993,99.04,19394.49,Europe & Central Asia
Syrian Arab Republic,SYR,1993,68.91,1097.11,Middle East & North Africa
Tunisia,TUN,1993,80.43,2274.64,Middle East & North Africa
Ukraine,UKR,1993,98.81,2177.23,Europe & Central Asia
United Arab Emirates,ARE,1993,99.49,59942.86,Middle East & North Africa
Vanuatu,VUT,1993,38.08,2610.16,East Asia & Pacific
Algeria,DZA,1994,90.01,3201.57,Middle East & North Africa
Belarus,BLR,1994,98.11,2097.38,Europe & Central Asia
Belize,BLZ,1994,94.23,5056.95,Latin America & Caribbean
Botswana,BWA,1994,92.87,4219.44,Sub-Saharan Africa
Bulgaria,BGR,1994,98.6,3891.38,Europe & Central Asia
Chad,TCD,1994,67.7,578.42,Sub-Saharan Africa
China,CHN,1994,79.79,1406.86,East Asia & Pacific
Costa Rica,CRI,1994,68.73,6826.32,Latin America & Caribbean
Cote d'Ivoire,CIV,1994,65.04,1598.69,Sub-Saharan Africa
Croatia,HRV,1994,99.59,6795.71,Europe & Central Asia
Cuba,CUB,1994,95.49,3280.38,Latin America & Caribbean
Cyprus,CYP,1994,99.66,18281.02,Europe & Central Asia
Czechia,CZE,1994,100.0,10775.94,Europe & Central Asia
Eritrea,ERI,1994,92.74,829.92,Sub-Saharan Africa
Eswatini,SWZ,1994,87.61,2020.38,Sub-Saharan Africa
Ethiopia,ETH,1994,88.98,226.4,Sub-Saharan Africa
Germany,DEU,1994,99.99,31625.39,Europe & Central Asia
"Hong Kong SAR, China",HKG,1994,99.28,25526.44,East Asia & Pacific
Indonesia,IDN,1994,68.36,1790.33,East Asia & Pacific
Italy,ITA,1994,97.61,28583.63,Europe & Central Asia
"Korea, Rep.",KOR,1994,99.4,12817.24,East Asia & Pacific
Kuwait,KWT,1994,99.72,31946.49,Middle East & North Africa
Malta,MLT,1994,99.96,11682.16,Middle East & North Africa
Mauritania,MRT,1994,53.73,1327.72,Sub-Saharan Africa
Mauritius,MUS,1994,74.01,4469.87,Sub-Saharan Africa
Mexico,MEX,1994,85.95,8623.48,Latin America & Caribbean
Moldova,MDA,1994,98.05,1526.43,Europe & Central Asia
Morocco,MAR,1994,91.27,1830.88,Middle East & North Africa
Mozambique,MOZ,1994,54.03,220.48,Sub-Saharan Africa
Namibia,NAM,1994,89.18,2918.38,Sub-Saharan Africa
Nicaragua,NIC,1994,97.8,1189.84,Latin America & Caribbean
North Macedonia,MKD,1994,98.25,2917.06,Europe & Central Asia
Oman,OMN,1994,99.23,17848.82,Middle East & North Africa
Poland,POL,1994,96.28,5262.32,Europe & Central Asia
Qatar,QAT,1994,99.87,38743.97,Middle East & North Africa
Samoa,WSM,1994,98.39,2447.2,East Asia & Pacific
Slovenia,SVN,1994,100.0,12757.63,Europe & Central Asia
Togo,TGO,1994,81.85,620.18,Sub-Saharan Africa
Tunisia,TUN,1994,81.63,2305.16,Middle East & North Africa
United Arab Emirates,ARE,1994,98.73,61156.65,Middle East & North Africa
Albania,ALB,1995,99.52,1558.97,Europe & Central Asia
Algeria,DZA,1995,89.64,3255.19,Middle East & North Africa
Azerbaijan,AZE,1995,49.33,1120.31,Europe & Central Asia
Belarus,BLR,1995,98.54,1885.36,Europe & Central Asia
Belize,BLZ,1995,94.27,4967.96,Latin America & Caribbean
Bulgaria,BGR,1995,99.41,4022.0,Europe & Central Asia
Chad,TCD,1995,74.05,560.33,Sub-Saharan Africa
China,CHN,1995,88.36,1545.19,East Asia & Pacific
"Congo, Rep.",COG,1995,66.33,2092.54,Sub-Saharan Africa
Costa Rica,CRI,1995,68.68,6940.84,Latin America & Caribbean
Cote d'Ivoire,CIV,1995,66.76,1647.09,Sub-Saharan Africa
Croatia,HRV,1995,99.79,7304.71,Europe & Central Asia
Cuba,CUB,1995,97.15,3348.89,Latin America & Caribbean
Cyprus,CYP,1995,99.95,19453.85,Europe & Central Asia
Czechia,CZE,1995,97.79,11453.38,Europe & Central Asia
El Salvador,SLV,1995,91.37,2773.33,Latin America & Caribbean
Eritrea,ERI,1995,93.7,806.7,Sub-Saharan Africa
Estonia,EST,1995,99.2,7170.95,Europe & Central Asia
Eswatini,SWZ,1995,85.96,2119.58,Sub-Saharan Africa
Ethiopia,ETH,1995,94.02,232.23,Sub-Saharan Africa
Georgia,GEO,1995,98.2,1029.48,Europe & Central Asia
Germany,DEU,1995,99.92,32007.15,Europe & Central Asia
Guyana,GUY,1995,98.22,3312.65,Latin America & Caribbean
"Hong Kong SAR, China",HKG,1995,99.24,25620.02,East Asia & Pacific
Italy,ITA,1995,99.82,29408.32,Europe & Central Asia
Latvia,LVA,1995,100.0,4661.67,Europe & Central Asia
Lithuania,LTU,1995,100.0,4924.1,Europe & Central Asia
Madagascar,MDG,1995,62.75,454.54,Sub-Saharan Africa
Malawi,MWI,1995,86.66,385.28,Sub-Saharan Africa
Malta,MLT,1995,99.01,12336.79,Middle East & North Africa
Mauritius,MUS,1995,77.61,4621.62,Sub-Saharan Africa
Mongolia,MNG,1995,95.74,1499.26,East Asia & Pacific
Namibia,NAM,1995,89.98,2945.36,Sub-Saharan Africa
North Macedonia,MKD,1995,98.8,2876.07,Europe & Central Asia
Oman,OMN,1995,99.27,18398.72,Middle East & North Africa
Poland,POL,1995,99.18,5671.9,Europe & Central Asia
Qatar,QAT,1995,99.59,38526.81,Middle East & North Africa
Romania,ROU,1995,100.0,4572.26,Europe & Central Asia
Samoa,WSM,1995,95.92,2589.41,East Asia & Pacific
Senegal,SEN,1995,44.36,960.85,Sub-Saharan Africa
Slovenia,SVN,1995,99.31,13278.74,Europe & Central Asia
Togo,TGO,1995,69.92,640.35,Sub-Saharan Africa
Trinidad and Tobago,TTO,1995,75.28,7100.85,Latin America & Caribbean
Tunisia,TUN,1995,81.7,2322.59,Middle East & North Africa
West Bank and Gaza,PSE,1995,99.88,2189.27,Middle East & North Africa
Algeria,DZA,1996,91.35,3322.96,Middle East & North Africa
Azerbaijan,AZE,1996,96.24,1123.45,Europe & Central Asia
Belarus,BLR,1996,99.71,1944.69,Europe & Central Asia
Bulgaria,BGR,1996,97.67,4253.23,Europe & Central Asia
Chile,CHL,1996,98.57,7605.29,Latin America & Caribbean
China,CHN,1996,88.44,1681.63,East Asia & Pacific
Cote d'Ivoire,CIV,1996,65.65,1706.98,Sub-Saharan Africa
Croatia,HRV,1996,99.91,7857.99,Europe & Central Asia
Cyprus,CYP,1996,99.25,19385.29,Europe & Central Asia
Eritrea,ERI,1996,89.08,838.66,Sub-Saharan Africa
Georgia,GEO,1996,98.42,1187.12,Europe & Central Asia
Germany,DEU,1996,99.99,32245.86,Europe & Central Asia
Guyana,GUY,1996,97.59,3566.13,Latin America & Caribbean
Hungary,HUN,1996,99.43,7725.7,Europe & Central Asia
Italy,ITA,1996,99.63,29795.66,Europe & Central Asia
Kazakhstan,KAZ,1996,99.96,3583.37,Europe & Central Asia
Kuwait,KWT,1996,97.18,32417.96,Middle East & North Africa
Lao PDR,LAO,1996,74.74,782.68,East Asia & Pacific
Latvia,LVA,1996,99.57,4822.9,Europe & Central Asia
Lithuania,LTU,1996,99.59,5211.1,Europe & Central Asia
Malta,MLT,1996,99.98,12719.02,Middle East & North Africa
Mauritius,MUS,1996,77.56,4830.21,Sub-Saharan Africa
Mexico,MEX,1996,85.51,8320.65,Latin America & Caribbean
Mongolia,MNG,1996,82.64,1509.33,East Asia & Pacific
Morocco,MAR,1996,87.55,1886.67,Middle East & North Africa
Niger,NER,1996,47.37,409.04,Sub-Saharan Africa
North Macedonia,MKD,1996,98.21,2889.89,Europe & Central Asia
Oman,OMN,1996,99.07,18639.2,Middle East & North Africa
Poland,POL,1996,100.0,6012.96,Europe & Central Asia
Romania,ROU,1996,99.96,4764.64,Europe & Central Asia
Samoa,WSM,1996,98.03,2751.65,East Asia & Pacific
Senegal,SEN,1996,42.5,956.59,Sub-Saharan Africa
Slovak Republic,SVK,1996,99.47,8212.83,Europe & Central Asia
Trinidad and Tobago,TTO,1996,74.73,7573.79,Latin America & Caribbean
Tunisia,TUN,1996,84.48,2452.91,Middle East & North Africa
United Arab Emirates,ARE,1996,98.04,61871.37,Middle East & North Africa
"Venezuela, RB",VEN,1996,91.21,3891.58,Latin America & Caribbean
West Bank and Gaza,PSE,1996,99.79,2118.82,Middle East & North Africa
Bhutan,BTN,1997,94.94,1138.4,South Asia
Cote d'Ivoire,CIV,1997,61.17,1801.13,Sub-Saharan Africa
Eswatini,SWZ,1997,86.64,2187.7,Sub-Saharan Africa
Finland,FIN,1997,99.97,32762.12,Europe & Central Asia
Hungary,HUN,1997,99.4,7971.81,Europe & Central Asia
Iceland,ISL,1997,99.04,38657.28,Europe & Central Asia
"Korea, Rep.",KOR,1997,99.77,15682.27,East Asia & Pacific
Lesotho,LSO,1997,66.8,689.81,Sub-Saharan Africa
Malta,MLT,1997,98.05,13286.72,Middle East & North Africa
Mauritius,MUS,1997,78.97,5041.41,Sub-Saharan Africa
Namibia,NAM,1997,91.79,3004.31,Sub-Saharan Africa
Papua New Guinea,PNG,1997,67.6,2310.99,East Asia & Pacific
Philippines,PHL,1997,97.24,1800.26,East Asia & Pacific
Poland,POL,1997,97.37,6391.13,Europe & Central Asia
Samoa,WSM,1997,94.88,2746.34,East Asia & Pacific
Seychelles,SYC,1997,99.26,11284.85,Sub-Saharan Africa
Slovak Republic,SVK,1997,99.47,8647.39,Europe & Central Asia
Uruguay,URY,1997,75.57,11138.87,Latin America & Caribbean
Vanuatu,VUT,1997,47.65,2819.05,East Asia & Pacific
Algeria,DZA,1998,90.84,3410.88,Middle East & North Africa
Argentina,ARG,1998,97.21,11348.2,Latin America & Caribbean
Austria,AUT,1998,94.5,36180.75,Europe & Central Asia
Azerbaijan,AZE,1998,97.92,1282.68,Europe & Central Asia
Belarus,BLR,1998,98.71,2368.78,Europe & Central Asia
Bhutan,BTN,1998,93.53,1182.99,South Asia
Botswana,BWA,1998,96.26,4724.94,Sub-Saharan Africa
Bulgaria,BGR,1998,98.56,3839.98,Europe & Central Asia
Burkina Faso,BFA,1998,64.84,415.27,Sub-Saharan Africa
Cambodia,KHM,1998,79.75,499.02,East Asia & Pacific
Chad,TCD,1998,71.38,577.91,Sub-Saharan Africa
Colombia,COL,1998,96.31,4213.83,Latin America & Caribbean
Cote d'Ivoire,CIV,1998,62.36,1808.42,Sub-Saharan Africa
Croatia,HRV,1998,99.74,8577.51,Europe & Central Asia
Denmark,DNK,1998,95.97,46437.19,Europe & Central Asia
Dominican Republic,DOM,1998,89.59,3840.87,Latin America & Caribbean
Ecuador,ECU,1998,67.81,4252.04,Latin America & Caribbean
Estonia,EST,1998,99.41,9199.94,Europe & Central Asia
Eswatini,SWZ,1998,90.73,2216.01,Sub-Saharan Africa
Ethiopia,ETH,1998,96.22,236.06,Sub-Saharan Africa
Finland,FIN,1998,99.91,34457.46,Europe & Central Asia
"Gambia, The",GMB,1998,85.48,621.23,Sub-Saharan Africa
Hungary,HUN,1998,99.25,8297.85,Europe & Central Asia
Iceland,ISL,1998,99.93,40926.72,Europe & Central Asia
"Korea, Rep.",KOR,1998,99.9,14800.51,East Asia & Pacific
Kuwait,KWT,1998,97.05,32306.67,Middle East & North Africa
Lao PDR,LAO,1998,77.0,836.09,East Asia & Pacific
Lebanon,LBN,1998,97.75,6120.46,Middle East & North Africa
Lesotho,LSO,1998,67.24,696.94,Sub-Saharan Africa
Lithuania,LTU,1998,99.96,6154.17,Europe & Central Asia
Madagascar,MDG,1998,63.17,453.89,Sub-Saharan Africa
Malawi,MWI,1998,87.92,419.31,Sub-Saharan Africa
Malaysia,MYS,1998,99.05,5857.97,East Asia & Pacific
Malta,MLT,1998,99.8,13877.25,Middle East & North Africa
Mauritania,MRT,1998,54.61,1383.19,Sub-Saharan Africa
Mauritius,MUS,1998,81.35,5291.59,Sub-Saharan Africa
Mongolia,MNG,1998,95.04,1575.68,East Asia & Pacific
Morocco,MAR,1998,84.58,1931.74,Middle East & North Africa
Mozambique,MOZ,1998,50.91,266.67,Sub-Saharan Africa
Namibia,NAM,1998,88.72,3025.33,Sub-Saharan Africa
Niger,NER,1998,49.02,427.09,Sub-Saharan Africa
North Macedonia,MKD,1998,99.36,3038.14,Europe & Central Asia
Norway,NOR,1998,99.7,65197.95,Europe & Central Asia
Paraguay,PRY,1998,91.13,4402.11,Latin America & Caribbean
Peru,PER,1998,95.86,3258.3,Latin America & Caribbean
Philippines,PHL,1998,97.24,1746.53,East Asia & Pacific
Poland,POL,1998,100.0,6684.11,Europe & Central Asia
Romania,ROU,1998,99.81,4463.61,Europe & Central Asia
Samoa,WSM,1998,92.29,2785.31,East Asia & Pacific
Senegal,SEN,1998,45.41,995.98,Sub-Saharan Africa
Seychelles,SYC,1998,98.6,11339.35,Sub-Saharan Africa
Slovak Republic,SVK,1998,99.96,8966.22,Europe & Central Asia
Slovenia,SVN,1998,99.8,14874.29,Europe & Central Asia
South Africa,ZAF,1998,99.88,4494.86,Sub-Saharan Africa
Syrian Arab Republic,SYR,1998,71.7,1352.13,Middle East & North Africa
Tajikistan,TJK,1998,97.12,389.09,Europe & Central Asia
Tunisia,TUN,1998,88.63,2639.87,Middle East & North Africa
Ukraine,UKR,1998,99.89,1311.59,Europe & Central Asia
Algeria,DZA,1999,97.11,3471.49,Middle East & North Africa
Argentina,ARG,1999,98.2,10838.32,Latin America & Caribbean
Aruba,ABW,1999,99.7,26384.81,Latin America & Caribbean
Azerbaijan,AZE,1999,97.96,1365.57,Europe & Central Asia
Bahrain,BHR,1999,99.84,24773.85,Middle East & North Africa
Barbados,BRB,1999,98.82,20571.33,Latin America & Caribbean
Belarus,BLR,1999,99.85,2460.37,Europe & Central Asia
Belize,BLZ,1999,94.45,5213.57,Latin America & Caribbean
Bhutan,BTN,1999,93.35,1248.62,South Asia
Botswana,BWA,1999,96.44,5070.95,Sub-Saharan Africa
Burkina Faso,BFA,1999,60.54,433.1,Sub-Saharan Africa
Cameroon,CMR,1999,30.91,1138.36,Sub-Saharan Africa
Chad,TCD,1999,66.15,554.15,Sub-Saharan Africa
Costa Rica,CRI,1999,84.76,7584.42,Latin America & Caribbean
Cote d'Ivoire,CIV,1999,61.51,1770.87,Sub-Saharan Africa
Croatia,HRV,1999,99.86,8541.53,Europe & Central Asia
Cuba,CUB,1999,97.1,3895.55,Latin America & Caribbean
Cyprus,CYP,1999,99.82,21349.75,Europe & Central Asia
Czechia,CZE,1999,99.95,12026.47,Europe & Central Asia
Denmark,DNK,1999,99.94,47657.17,Europe & Central Asia
Dominica,DMA,1999,97.97,6687.24,Latin America & Caribbean
Dominican Republic,DOM,1999,91.23,4004.2,Latin America & Caribbean
Ecuador,ECU,1999,68.71,3979.19,Latin America & Caribbean
"Egypt, Arab Rep.",EGY,1999,93.09,2361.86,Middle East & North Africa
Eritrea,ERI,1999,98.18,886.05,Sub-Saharan Africa
Estonia,EST,1999,99.68,9133.9,Europe & Central Asia
Eswatini,SWZ,1999,84.16,2256.77,Sub-Saharan Africa
Fiji,FJI,1999,99.64,4073.38,East Asia & Pacific
Finland,FIN,1999,99.77,35886.49,Europe & Central Asia
"Gambia, The",GMB,1999,68.69,642.87,Sub-Saharan Africa
Georgia,GEO,1999,98.56,1503.46,Europe & Central Asia
Germany,DEU,1999,99.87,34168.83,Europe & Central Asia
Ghana,GHA,1999,96.87,1010.88,Sub-Saharan Africa
Guatemala,GTM,1999,95.83,3129.12,Latin America & Caribbean
Guinea,GIN,1999,77.71,611.01,Sub-Saharan Africa
Guyana,GUY,1999,69.0,3813.33,Latin America & Caribbean
Hungary,HUN,1999,99.37,8578.2,Europe & Central Asia
Iceland,ISL,1999,99.75,42010.94,Europe & Central Asia
India,IND,1999,92.59,742.54,South Asia
Iraq,IRQ,1999,77.28,3691.74,Middle East & North Africa
Italy,ITA,1999,96.7,31405.26,Europe & Central Asia
Jordan,JOR,1999,98.52,3341.66,Middle East & North Africa
"Korea, Rep.",KOR,1999,99.62,16402.92,East Asia & Pacific
Kuwait,KWT,1999,99.05,30798.09,Middle East & North Africa
Lao PDR,LAO,1999,76.24,881.63,East Asia & Pacific
Latvia,LVA,1999,99.32,5929.27,Europe & Central Asia
Lebanon,LBN,1999,93.31,5982.42,Middle East & North Africa
Lesotho,LSO,1999,64.2,698.44,Sub-Saharan Africa
Lithuania,LTU,1999,99.83,6130.0,Europe & Central Asia
"Macao SAR, China",MAC,1999,92.37,30270.81,East Asia & Pacific
Madagascar,MDG,1999,66.05,460.03,Sub-Saharan Africa
Malawi,MWI,1999,83.91,422.1,Sub-Saharan Africa
Malaysia,MYS,1999,99.18,6070.96,East Asia & Pacific
Mali,MLI,1999,76.43,707.88,Sub-Saharan Africa
Malta,MLT,1999,97.97,14446.36,Middle East & North Africa
Mauritius,MUS,1999,78.0,5361.16,Sub-Saharan Africa
Mexico,MEX,1999,90.08,9264.98,Latin America & Caribbean
Moldova,MDA,1999,99.85,1316.43,Europe & Central Asia
Mongolia,MNG,1999,94.92,1601.31,East Asia & Pacific
Morocco,MAR,1999,87.55,1935.48,Middle East & North Africa
Mozambique,MOZ,1999,60.39,291.56,Sub-Saharan Africa
Myanmar,MMR,1999,68.33,265.46,East Asia & Pacific
Namibia,NAM,1999,98.06,3050.46,Sub-Saharan Africa
Nepal,NPL,1999,80.44,524.27,South Asia
Nicaragua,NIC,1999,98.83,1420.32,Latin America & Caribbean
Niger,NER,1999,48.0,411.74,Sub-Saharan Africa
Nigeria,NGA,1999,33.73,1390.47,Sub-Saharan Africa
North Macedonia,MKD,1999,99.07,3154.85,Europe & Central Asia
Norway,NOR,1999,99.87,66094.74,Europe & Central Asia
Oman,OMN,1999,99.51,18965.21,Middle East & North Africa
Paraguay,PRY,1999,95.09,4252.49,Latin America & Caribbean
Peru,PER,1999,97.04,3250.38,Latin America & Caribbean
Russian Federation,RUS,1999,100.0,4819.38,Europe & Central Asia
Samoa,WSM,1999,93.19,2824.55,East Asia & Pacific
Senegal,SEN,1999,48.47,1033.76,Sub-Saharan Africa
Seychelles,SYC,1999,99.01,11326.94,Sub-Saharan Africa
Slovenia,SVN,1999,97.17,15646.69,Europe & Central Asia
South Africa,ZAF,1999,97.38,4552.85,Sub-Saharan Africa
Sweden,SWE,1999,99.99,39786.03,Europe & Central Asia
Switzerland,CHE,1999,99.99,71341.34,Europe & Central Asia
Syrian Arab Republic,SYR,1999,71.18,1271.32,Middle East & North Africa
Tajikistan,TJK,1999,97.55,401.41,Europe & Central Asia
Togo,TGO,1999,79.18,704.04,Sub-Saharan Africa
Trinidad and Tobago,TTO,1999,92.21,9412.08,Latin America & Caribbean
Tunisia,TUN,1999,90.39,2766.57,Middle East & North Africa
Ukraine,UKR,1999,99.78,1319.53,Europe & Central Asia
United Arab Emirates,ARE,1999,98.71,54943.75,Middle East & North Africa
Uruguay,URY,1999,87.34,11357.09,Latin America & Caribbean
Vanuatu,VUT,1999,53.49,2745.17,East Asia & Pacific
"Venezuela, RB",VEN,1999,96.1,3675.99,Latin America & Caribbean
Viet Nam,VNM,1999,93.37,1148.04,East Asia & Pacific
West Bank and Gaza,PSE,1999,99.42,2732.87,Middle East & North Africa
Zambia,ZMB,1999,49.93,796.38,Sub-Saharan Africa
Zimbabwe,ZWE,1999,74.6,1746.23,Sub-Saharan Africa
Albania,ALB,2000,97.25,1991.91,Europe & Central Asia
Algeria,DZA,2000,93.26,3553.32,Middle East & North Africa
Argentina,ARG,2000,97.69,10631.65,Latin America & Caribbean
Azerbaijan,AZE,2000,98.23,1504.73,Europe & Central Asia
Bahrain,BHR,2000,99.28,25407.97,Middle East & North Africa
Barbados,BRB,2000,99.2,21523.4,Latin America & Caribbean
Belarus,BLR,2000,99.89,2615.36,Europe & Central Asia
Belize,BLZ,2000,94.41,5663.65,Latin America & Caribbean
Benin,BEN,2000,98.97,861.21,Sub-Saharan Africa
Bhutan,BTN,2000,93.51,1259.62,South Asia
Botswana,BWA,2000,95.92,5062.64,Sub-Saharan Africa
Brazil,BRA,2000,97.88,6817.78,Latin America & Caribbean
Bulgaria,BGR,2000,99.34,3717.93,Europe & Central Asia
Burkina Faso,BFA,2000,61.96,428.31,Sub-Saharan Africa
Cambodia,KHM,2000,78.61,598.56,East Asia & Pacific
Chad,TCD,2000,75.69,530.6,Sub-Saharan Africa
Colombia,COL,2000,92.34,4016.81,Latin America & Caribbean
Costa Rica,CRI,2000,82.92,7726.52,Latin America & Caribbean
Cote d'Ivoire,CIV,2000,67.47,1717.95,Sub-Saharan Africa
Croatia,HRV,2000,99.74,8880.27,Europe & Central Asia
Cuba,CUB,2000,97.4,4112.26,Latin America & Caribbean
Cyprus,CYP,2000,99.53,22383.96,Europe & Central Asia
Czechia,CZE,2000,99.97,12543.94,Europe & Central Asia
Dominica,DMA,2000,90.69,6879.6,Latin America & Caribbean
Ecuador,ECU,2000,70.25,3953.4,Latin America & Caribbean
"Egypt, Arab Rep.",EGY,2000,93.33,2458.61,Middle East & North Africa
El Salvador,SLV,2000,93.21,2964.89,Latin America & Caribbean
Eritrea,ERI,2000,86.32,845.13,Sub-Saharan Africa
Estonia,EST,2000,99.85,10006.77,Europe & Central Asia
Eswatini,SWZ,2000,83.88,2273.05,Sub-Saharan Africa
Fiji,FJI,2000,98.36,3960.89,East Asia & Pacific
Finland,FIN,2000,99.84,37872.6,Europe & Central Asia
"Gambia, The",GMB,2000,71.71,659.91,Sub-Saharan Africa
Georgia,GEO,2000,98.42,1561.2,Europe & Central Asia
Germany,DEU,2000,99.9,35104.13,Europe & Central Asia
Ghana,GHA,2000,85.34,1022.28,Sub-Saharan Africa
Guatemala,GTM,2000,94.43,3165.93,Latin America & Caribbean
Guinea,GIN,2000,76.98,614.14,Sub-Saharan Africa
Hungary,HUN,2000,99.99,8979.74,Europe & Central Asia
Iceland,ISL,2000,99.88,43472.34,Europe & Central Asia
India,IND,2000,90.55,756.7,South Asia
"Iran, Islamic Rep.",IRN,2000,92.32,3885.3,Middle East & North Africa
Italy,ITA,2000,99.78,32609.67,Europe & Central Asia
Jamaica,JAM,2000,97.97,5197.4,Latin America & Caribbean
Kazakhstan,KAZ,2000,98.93,4269.33,Europe & Central Asia
"Korea, Rep.",KOR,2000,99.34,17763.14,East Asia & Pacific
Kuwait,KWT,2000,99.62,31341.98,Middle East & North Africa
Kyrgyz Republic,KGZ,2000,98.59,718.34,Europe & Central Asia
Lao PDR,LAO,2000,77.86,917.23,East Asia & Pacific
Latvia,LVA,2000,99.47,6336.38,Europe & Central Asia
Lebanon,LBN,2000,96.47,5958.98,Middle East & North Africa
Lesotho,LSO,2000,68.5,725.26,Sub-Saharan Africa
Lithuania,LTU,2000,99.77,6384.31,Europe & Central Asia
"Macao SAR, China",MAC,2000,92.79,31772.63,East Asia & Pacific
Madagascar,MDG,2000,62.6,465.53,Sub-Saharan Africa
Malawi,MWI,2000,87.62,418.59,Sub-Saharan Africa
Malaysia,MYS,2000,99.25,6455.61,East Asia & Pacific
Mali,MLI,2000,77.94,682.5,Sub-Saharan Africa
Malta,MLT,2000,98.47,17178.38,Middle East & North Africa
Mauritius,MUS,2000,80.76,5744.2,Sub-Saharan Africa
Mexico,MEX,2000,90.63,9581.97,Latin America & Caribbean
Moldova,MDA,2000,98.05,1346.92,Europe & Central Asia
Mongolia,MNG,2000,97.21,1598.31,East Asia & Pacific
Morocco,MAR,2000,87.85,1957.14,Middle East & North Africa
Myanmar,MMR,2000,66.13,298.59,East Asia & Pacific
Nepal,NPL,2000,79.65,547.22,South Asia
Niger,NER,2000,49.91,392.9,Sub-Saharan Africa
North Macedonia,MKD,2000,98.82,3283.38,Europe & Central Asia
Norway,NOR,2000,99.92,67846.6,Europe & Central Asia
Oman,OMN,2000,99.91,19881.74,Middle East & North Africa
Paraguay,PRY,2000,92.84,4074.49,Latin America & Caribbean
Peru,PER,2000,97.55,3286.27,Latin America & Caribbean
Poland,POL,2000,100.0,7401.58,Europe & Central Asia
Romania,ROU,2000,99.46,4569.31,Europe & Central Asia
Russian Federation,RUS,2000,99.31,5323.67,Europe & Central Asia
Samoa,WSM,2000,97.77,2945.37,East Asia & Pacific
Senegal,SEN,2000,55.19,1048.37,Sub-Saharan Africa
Seychelles,SYC,2000,98.8,11703.75,Sub-Saharan Africa
Slovak Republic,SVK,2000,99.49,8997.21,Europe & Central Asia
Slovenia,SVN,2000,99.63,16146.12,Europe & Central Asia
St. Kitts and Nevis,KNA,2000,91.49,14039.03,Latin America & Caribbean
Sweden,SWE,2000,99.92,41561.77,Europe & Central Asia
Switzerland,CHE,2000,99.94,73749.94,Europe & Central Asia
Syrian Arab Republic,SYR,2000,73.49,1248.38,Middle East & North Africa
Tajikistan,TJK,2000,97.39,429.54,Europe & Central Asia
Tanzania,TZA,2000,19.77,555.35,Sub-Saharan Africa
Togo,TGO,2000,81.94,679.53,Sub-Saharan Africa
Trinidad and Tobago,TTO,2000,97.41,10023.02,Latin America & Caribbean
Tunisia,TUN,2000,91.92,2864.55,Middle East & North Africa
Uganda,UGA,2000,43.94,509.2,Sub-Saharan Africa
United Arab Emirates,ARE,2000,99.95,56939.27,Middle East & North Africa
Uruguay,URY,2000,81.47,11096.33,Latin America & Caribbean
Uzbekistan,UZB,2000,98.56,1269.72,Europe & Central Asia
Vanuatu,VUT,2000,44.93,2841.74,East Asia & Pacific
"Venezuela, RB",VEN,2000,98.71,3740.02,Latin America & Caribbean
Viet Nam,VNM,2000,93.42,1212.2,East Asia & Pacific
West Bank and Gaza,PSE,2000,99.34,2436.01,Middle East & North Africa
Algeria,DZA,2001,94.47,3610.01,Middle East & North Africa
Argentina,ARG,2001,97.4,10051.94,Latin America & Caribbean
Aruba,ABW,2001,99.4,29007.74,Latin America & Caribbean
Azerbaijan,AZE,2001,98.26,1640.94,Europe & Central Asia
Bahrain,BHR,2001,99.19,25106.29,Middle East & North Africa
Barbados,BRB,2001,97.98,20985.28,Latin America & Caribbean
Belarus,BLR,2001,99.55,2753.03,Europe & Central Asia
Bermuda,BMU,2001,93.52,116809.93,North America
Botswana,BWA,2001,96.83,4971.96,Sub-Saharan Africa
Brazil,BRA,2001,97.91,6823.03,Latin America & Caribbean
Bulgaria,BGR,2001,98.28,3937.7,Europe & Central Asia
Cabo Verde,CPV,2001,87.76,2051.22,Sub-Saharan Africa
Cambodia,KHM,2001,84.96,632.83,East Asia & Pacific
Chad,TCD,2001,77.2,572.81,Sub-Saharan Africa
Colombia,COL,2001,100.0,4020.51,Latin America & Caribbean
"Congo, Rep.",COG,2001,73.52,2056.17,Sub-Saharan Africa
Costa Rica,CRI,2001,87.88,7854.23,Latin America & Caribbean
Croatia,HRV,2001,99.92,9515.74,Europe & Central Asia
Cuba,CUB,2001,97.73,4229.9,Latin America & Caribbean
Cyprus,CYP,2001,99.28,23019.25,Europe & Central Asia
Czechia,CZE,2001,99.79,12958.47,Europe & Central Asia
Denmark,DNK,2001,99.95,49557.15,Europe & Central Asia
Ecuador,ECU,2001,73.06,4049.0,Latin America & Caribbean
"Egypt, Arab Rep.",EGY,2001,96.59,2492.03,Middle East & North Africa
El Salvador,SLV,2001,95.83,2978.6,Latin America & Caribbean
Eritrea,ERI,2001,93.74,893.27,Sub-Saharan Africa
Estonia,EST,2001,99.54,10662.95,Europe & Central Asia
Eswatini,SWZ,2001,85.33,2283.98,Sub-Saharan Africa
Fiji,FJI,2001,99.78,3998.8,East Asia & Pacific
Finland,FIN,2001,99.99,38784.13,Europe & Central Asia
"Gambia, The",GMB,2001,70.47,679.54,Sub-Saharan Africa
Georgia,GEO,2001,97.83,1661.83,Europe & Central Asia
Germany,DEU,2001,99.78,35618.51,Europe & Central Asia
Ghana,GHA,2001,96.93,1035.23,Sub-Saharan Africa
Guatemala,GTM,2001,95.95,3166.2,Latin America & Caribbean
"Hong Kong SAR, China",HKG,2001,99.03,26885.43,East Asia & Pacific
Hungary,HUN,2001,99.47,9365.95,Europe & Central Asia
Iceland,ISL,2001,99.78,44545.98,Europe & Central Asia
India,IND,2001,93.11,778.51,South Asia
Indonesia,IDN,2001,78.36,1868.59,East Asia & Pacific
"Iran, Islamic Rep.",IRN,2001,92.57,3917.3,Middle East & North Africa
Israel,ISR,2001,99.9,28808.13,Middle East & North Africa
Italy,ITA,2001,99.8,33243.6,Europe & Central Asia
Kazakhstan,KAZ,2001,98.89,4822.53,Europe & Central Asia
"Korea, Rep.",KOR,2001,99.31,18460.43,East Asia & Pacific
Kuwait,KWT,2001,99.58,30573.43,Middle East & North Africa
Kyrgyz Republic,KGZ,2001,99.65,749.42,Europe & Central Asia
Lao PDR,LAO,2001,81.19,954.12,East Asia & Pacific
Latvia,LVA,2001,99.71,6833.44,Europe & Central Asia
Lebanon,LBN,2001,95.39,6085.76,Middle East & North Africa
Lesotho,LSO,2001,75.88,752.24,Sub-Saharan Africa
Lithuania,LTU,2001,99.67,6854.53,Europe & Central Asia
"Macao SAR, China",MAC,2001,93.54,32441.68,East Asia & Pacific
Madagascar,MDG,2001,70.93,478.41,Sub-Saharan Africa
Malawi,MWI,2001,85.69,388.26,Sub-Saharan Africa
Mali,MLI,2001,71.62,766.96,Sub-Saharan Africa
Malta,MLT,2001,98.71,16920.73,Middle East & North Africa
Mauritania,MRT,2001,51.67,1262.66,Sub-Saharan Africa
Mauritius,MUS,2001,80.92,5889.77,Sub-Saharan Africa
Mexico,MEX,2001,92.75,9398.35,Latin America & Caribbean
Moldova,MDA,2001,98.28,1432.28,Europe & Central Asia
Mongolia,MNG,2001,97.48,1625.46,East Asia & Pacific
Morocco,MAR,2001,88.58,2078.97,Middle East & North Africa
Mozambique,MOZ,2001,61.85,317.19,Sub-Saharan Africa
Myanmar,MMR,2001,69.94,328.97,East Asia & Pacific
Nepal,NPL,2001,89.72,564.29,South Asia
Niger,NER,2001,58.72,406.92,Sub-Saharan Africa
North Macedonia,MKD,2001,98.46,3169.33,Europe & Central Asia
Norway,NOR,2001,99.88,68899.53,Europe & Central Asia
Oman,OMN,2001,99.51,20546.06,Middle East & North Africa
Paraguay,PRY,2001,91.74,3972.88,Latin America & Caribbean
Peru,PER,2001,97.8,3261.66,Latin America & Caribbean
Philippines,PHL,2001,98.26,1807.71,East Asia & Pacific
Poland,POL,2001,100.0,7494.96,Europe & Central Asia
Romania,ROU,2001,99.56,4875.3,Europe & Central Asia
Samoa,WSM,2001,98.73,3137.46,East Asia & Pacific
Senegal,SEN,2001,52.99,1067.37,Sub-Saharan Africa
Seychelles,SYC,2001,99.04,11427.94,Sub-Saharan Africa
Slovak Republic,SVK,2001,99.69,9277.36,Europe & Central Asia
Slovenia,SVN,2001,99.79,16576.72,Europe & Central Asia
South Africa,ZAF,2001,97.78,4786.48,Sub-Saharan Africa
Sri Lanka,LKA,2001,98.42,1896.48,South Asia
St. Lucia,LCA,2001,68.08,8795.55,Latin America & Caribbean
Sweden,SWE,2001,99.95,42014.4,Europe & Central Asia
Switzerland,CHE,2001,99.89,74439.46,Europe & Central Asia
Syrian Arab Republic,SYR,2001,75.01,1230.87,Middle East & North Africa
Tajikistan,TJK,2001,98.88,461.68,Europe & Central Asia
Tanzania,TZA,2001,20.38,573.4,Sub-Saharan Africa
Tunisia,TUN,2001,95.85,2941.74,Middle East & North Africa
Tuvalu,TUV,2001,69.29,3043.16,East Asia & Pacific
Uganda,UGA,2001,46.3,519.46,Sub-Saharan Africa
Ukraine,UKR,2001,99.41,1547.28,Europe & Central Asia
United Arab Emirates,ARE,2001,98.99,54169.42,Middle East & North Africa
Uruguay,URY,2001,83.55,10643.56,Latin America & Caribbean
Uzbekistan,UZB,2001,99.6,1306.61,Europe & Central Asia
"Venezuela, RB",VEN,2001,98.8,3796.81,Latin America & Caribbean
Viet Nam,VNM,2001,94.8,1273.81,East Asia & Pacific
West Bank and Gaza,PSE,2001,99.23,2153.46,Middle East & North Africa
Zambia,ZMB,2001,65.11,822.02,Sub-Saharan Africa
Algeria,DZA,2002,94.47,3754.66,Middle East & North Africa
Argentina,ARG,2002,96.52,8861.56,Latin America & Caribbean
Armenia,ARM,2002,98.21,1535.2,Europe & Central Asia
Aruba,ABW,2002,99.83,28535.46,Latin America & Caribbean
Azerbaijan,AZE,2002,98.1,1782.47,Europe & Central Asia
Bahrain,BHR,2002,99.36,24149.02,Middle East & North Africa
Barbados,BRB,2002,99.46,21012.56,Latin America & Caribbean
Belarus,BLR,2002,99.9,2910.4,Europe & Central Asia
Belize,BLZ,2002,98.62,5895.15,Latin America & Caribbean
Benin,BEN,2002,78.07,893.14,Sub-Saharan Africa
Bermuda,BMU,2002,96.83,114574.43,North America
Botswana,BWA,2002,97.77,5175.48,Sub-Saharan Africa
Brazil,BRA,2002,96.9,6944.62,Latin America & Caribbean
Brunei Darussalam,BRN,2002,90.17,37976.26,East Asia & Pacific
Bulgaria,BGR,2002,98.22,4260.4,Europe & Central Asia
Burkina Faso,BFA,2002,61.23,448.13,Sub-Saharan Africa
Cabo Verde,CPV,2002,87.73,2127.71,Sub-Saharan Africa
Cambodia,KHM,2002,84.81,662.19,East Asia & Pacific
Chad,TCD,2002,83.55,600.17,Sub-Saharan Africa
Comoros,COM,2002,80.22,1217.12,Sub-Saharan Africa
"Congo, Rep.",COG,2002,68.66,2100.17,Sub-Saharan Africa
Croatia,HRV,2002,99.89,10062.04,Europe & Central Asia
Cuba,CUB,2002,98.18,4277.4,Latin America & Caribbean
Cyprus,CYP,2002,99.44,23604.19,Europe & Central Asia
Czechia,CZE,2002,99.84,13179.99,Europe & Central Asia
Dominica,DMA,2002,97.82,6676.97,Latin America & Caribbean
Ecuador,ECU,2002,73.29,4174.9,Latin America & Caribbean
"Egypt, Arab Rep.",EGY,2002,93.29,2498.48,Middle East & North Africa
El Salvador,SLV,2002,97.18,3016.06,Latin America & Caribbean
Eritrea,ERI,2002,96.56,889.01,Sub-Saharan Africa
Eswatini,SWZ,2002,84.81,2358.57,Sub-Saharan Africa
Finland,FIN,2002,99.84,39343.07,Europe & Central Asia
"Gambia, The",GMB,2002,91.61,640.04,Sub-Saharan Africa
Georgia,GEO,2002,98.53,1768.6,Europe & Central Asia
Germany,DEU,2002,99.76,35477.52,Europe & Central Asia
Ghana,GHA,2002,90.57,1052.47,Sub-Saharan Africa
Guinea,GIN,2002,70.51,650.55,Sub-Saharan Africa
"Hong Kong SAR, China",HKG,2002,99.86,27210.07,East Asia & Pacific
Hungary,HUN,2002,99.87,9836.94,Europe & Central Asia
Iceland,ISL,2002,99.58,44389.56,Europe & Central Asia
India,IND,2002,90.66,793.62,South Asia
Indonesia,IDN,2002,81.76,1926.37,East Asia & Pacific
"Iran, Islamic Rep.",IRN,2002,97.15,4198.95,Middle East & North Africa
Israel,ISR,2002,99.89,28195.87,Middle East & North Africa
Italy,ITA,2002,99.84,33267.45,Europe & Central Asia
Jordan,JOR,2002,98.45,3644.62,Middle East & North Africa
Kazakhstan,KAZ,2002,99.55,5267.7,Europe & Central Asia
"Korea, Rep.",KOR,2002,99.37,19775.38,East Asia & Pacific
Kuwait,KWT,2002,99.18,30702.22,Middle East & North Africa
Kyrgyz Republic,KGZ,2002,98.42,742.44,Europe & Central Asia
Lao PDR,LAO,2002,83.1,994.49,East Asia & Pacific
Latvia,LVA,2002,99.8,7443.23,Europe & Central Asia
Lebanon,LBN,2002,95.03,6207.24,Middle East & North Africa
Lesotho,LSO,2002,78.36,760.03,Sub-Saharan Africa
Lithuania,LTU,2002,99.32,7374.1,Europe & Central Asia
"Macao SAR, China",MAC,2002,97.03,34967.89,East Asia & Pacific
Madagascar,MDG,2002,64.77,406.7,Sub-Saharan Africa
Mali,MLI,2002,77.36,766.07,Sub-Saharan Africa
Malta,MLT,2002,99.67,17255.43,Middle East & North Africa
Marshall Islands,MHL,2002,86.57,3322.41,East Asia & Pacific
Mauritius,MUS,2002,81.65,5943.48,Sub-Saharan Africa
Mexico,MEX,2002,93.31,9242.28,Latin America & Caribbean
Moldova,MDA,2002,98.36,1547.57,Europe & Central Asia
Mongolia,MNG,2002,99.25,1680.65,East Asia & Pacific
Morocco,MAR,2002,87.45,2127.51,Middle East & North Africa
Myanmar,MMR,2002,70.08,364.86,East Asia & Pacific
Nepal,NPL,2002,87.89,556.44,South Asia
Niger,NER,2002,58.41,412.12,Sub-Saharan Africa
North Macedonia,MKD,2002,97.83,3240.11,Europe & Central Asia
Norway,NOR,2002,99.75,69472.98,Europe & Central Asia
Oman,OMN,2002,99.32,20150.11,Middle East & North Africa
Paraguay,PRY,2002,92.13,3916.44,Latin America & Caribbean
Philippines,PHL,2002,97.94,1837.25,East Asia & Pacific
Poland,POL,2002,100.0,7640.99,Europe & Central Asia
Romania,ROU,2002,99.76,5248.55,Europe & Central Asia
Samoa,WSM,2002,97.47,3291.34,East Asia & Pacific
Sao Tome and Principe,STP,2002,72.37,982.33,Sub-Saharan Africa
Senegal,SEN,2002,55.55,1042.26,Sub-Saharan Africa
Seychelles,SYC,2002,99.75,11218.26,Sub-Saharan Africa
Slovak Republic,SVK,2002,99.71,9690.68,Europe & Central Asia
Slovenia,SVN,2002,99.8,17099.66,Europe & Central Asia
South Africa,ZAF,2002,98.38,4916.81,Sub-Saharan Africa
Sri Lanka,LKA,2002,98.03,1951.23,South Asia
St. Kitts and Nevis,KNA,2002,92.31,14727.39,Latin America & Caribbean
St. Lucia,LCA,2002,69.23,8755.46,Latin America & Caribbean
Switzerland,CHE,2002,99.82,73824.38,Europe & Central Asia
Syrian Arab Republic,SYR,2002,97.01,1249.01,Middle East & North Africa
Tajikistan,TJK,2002,98.56,501.81,Europe & Central Asia
Togo,TGO,2002,77.13,675.44,Sub-Saharan Africa
Tunisia,TUN,2002,95.49,2950.2,Middle East & North Africa
Uganda,UGA,2002,43.24,547.41,Sub-Saharan Africa
United Arab Emirates,ARE,2002,97.75,52216.88,Middle East & North Africa
Uruguay,URY,2002,83.43,9806.77,Latin America & Caribbean
Uzbekistan,UZB,2002,99.43,1341.96,Europe & Central Asia
"Venezuela, RB",VEN,2002,98.33,3398.57,Latin America & Caribbean
West Bank and Gaza,PSE,2002,99.07,1836.98,Middle East & North Africa
Algeria,DZA,2003,93.8,3945.9,Middle East & North Africa
Argentina,ARG,2003,96.71,9545.53,Latin America & Caribbean
Armenia,ARM,2003,98.05,1759.65,Europe & Central Asia
Aruba,ABW,2003,99.53,28525.81,Latin America & Caribbean
Azerbaijan,AZE,2003,99.24,1949.61,Europe & Central Asia
Bahrain,BHR,2003,99.21,23857.64,Middle East & North Africa
Barbados,BRB,2003,98.12,21338.17,Latin America & Caribbean
Belarus,BLR,2003,98.77,3137.26,Europe & Central Asia
Belize,BLZ,2003,95.37,6274.47,Latin America & Caribbean
Bermuda,BMU,2003,91.25,118018.83,North America
Bhutan,BTN,2003,94.38,1506.42,South Asia
Botswana,BWA,2003,97.47,5320.44,Sub-Saharan Africa
Brazil,BRA,2003,95.22,6941.44,Latin America & Caribbean
Brunei Darussalam,BRN,2003,97.89,38595.17,East Asia & Pacific
Bulgaria,BGR,2003,98.3,4519.18,Europe & Central Asia
Burundi,BDI,2003,60.77,255.5,Sub-Saharan Africa
Cabo Verde,CPV,2003,88.83,2186.9,Sub-Saharan Africa
Cambodia,KHM,2003,84.76,719.33,East Asia & Pacific
Chad,TCD,2003,65.92,661.56,Sub-Saharan Africa
Comoros,COM,2003,91.69,1216.98,Sub-Saharan Africa
"Congo, Rep.",COG,2003,87.68,2058.89,Sub-Saharan Africa
Cuba,CUB,2003,98.67,4426.97,Latin America & Caribbean
Cyprus,CYP,2003,99.81,23930.78,Europe & Central Asia
Czechia,CZE,2003,100.0,13618.93,Europe & Central Asia
Dominican Republic,DOM,2003,92.08,4162.67,Latin America & Caribbean
Ecuador,ECU,2003,74.0,4220.21,Latin America & Caribbean
"Egypt, Arab Rep.",EGY,2003,93.63,2524.8,Middle East & North Africa
Eritrea,ERI,2003,95.29,830.38,Sub-Saharan Africa
Estonia,EST,2003,99.56,12424.04,Europe & Central Asia
Eswatini,SWZ,2003,95.57,2448.84,Sub-Saharan Africa
Fiji,FJI,2003,99.32,4087.72,East Asia & Pacific
Finland,FIN,2003,99.93,40038.98,Europe & Central Asia
"Gambia, The",GMB,2003,90.63,665.83,Sub-Saharan Africa
Germany,DEU,2003,99.64,35270.02,Europe & Central Asia
Ghana,GHA,2003,94.37,1077.7,Sub-Saharan Africa
Guinea,GIN,2003,83.51,644.07,Sub-Saharan Africa
"Hong Kong SAR, China",HKG,2003,99.79,28097.11,East Asia & Pacific
Hungary,HUN,2003,99.84,10253.72,Europe & Central Asia
Iceland,ISL,2003,99.65,45088.92,Europe & Central Asia
Indonesia,IDN,2003,83.73,1991.92,East Asia & Pacific
"Iran, Islamic Rep.",IRN,2003,99.1,4511.43,Middle East & North Africa
Israel,ISR,2003,99.97,28092.62,Middle East & North Africa
Italy,ITA,2003,99.59,33110.17,Europe & Central Asia
Jordan,JOR,2003,99.31,3713.15,Middle East & North Africa
Kazakhstan,KAZ,2003,99.72,5724.43,Europe & Central Asia
"Korea, Rep.",KOR,2003,98.69,20278.04,East Asia & Pacific
Kuwait,KWT,2003,99.17,35169.63,Middle East & North Africa
Kyrgyz Republic,KGZ,2003,99.02,786.35,Europe & Central Asia
Lao PDR,LAO,2003,82.21,1038.71,East Asia & Pacific
Latvia,LVA,2003,99.71,8149.0,Europe & Central Asia
Lebanon,LBN,2003,96.14,6319.77,Middle East & North Africa
Lesotho,LSO,2003,73.68,798.54,Sub-Saharan Africa
Lithuania,LTU,2003,99.39,8218.69,Europe & Central Asia
"Macao SAR, China",MAC,2003,98.68,38581.7,East Asia & Pacific
Madagascar,MDG,2003,76.61,433.6,Sub-Saharan Africa
Mali,MLI,2003,83.13,814.81,Sub-Saharan Africa
Mauritius,MUS,2003,80.69,6250.26,Sub-Saharan Africa
Mexico,MEX,2003,94.11,9222.0,Latin America & Caribbean
Moldova,MDA,2003,98.43,1654.37,Europe & Central Asia
Mongolia,MNG,2003,99.28,1775.65,East Asia & Pacific
Morocco,MAR,2003,86.89,2229.58,Middle East & North Africa
Myanmar,MMR,2003,73.21,411.5,East Asia & Pacific
Nepal,NPL,2003,85.61,570.29,South Asia
Niger,NER,2003,63.23,406.33,Sub-Saharan Africa
North Macedonia,MKD,2003,98.39,3307.92,Europe & Central Asia
Norway,NOR,2003,99.8,69719.31,Europe & Central Asia
Palau,PLW,2003,100.0,13250.69,East Asia & Pacific
Paraguay,PRY,2003,91.6,4035.72,Latin America & Caribbean
Peru,PER,2003,97.79,3502.79,Latin America & Caribbean
Philippines,PHL,2003,96.99,1892.82,East Asia & Pacific
Poland,POL,2003,100.0,7915.55,Europe & Central Asia
Romania,ROU,2003,99.81,5410.31,Europe & Central Asia
Samoa,WSM,2003,97.45,3445.0,East Asia & Pacific
Sao Tome and Principe,STP,2003,77.72,1036.86,Sub-Saharan Africa
Senegal,SEN,2003,64.21,1074.39,Sub-Saharan Africa
Seychelles,SYC,2003,94.87,10677.97,Sub-Saharan Africa
Slovak Republic,SVK,2003,99.69,10168.02,Europe & Central Asia
South Africa,ZAF,2003,94.86,5011.62,Sub-Saharan Africa
St. Kitts and Nevis,KNA,2003,90.43,14100.31,Latin America & Caribbean
St. Lucia,LCA,2003,71.77,9054.07,Latin America & Caribbean
St. Vincent and the Grenadines,VCT,2003,81.42,5816.21,Latin America & Caribbean
Sweden,SWE,2003,99.84,43475.37,Europe & Central Asia
Switzerland,CHE,2003,99.85,73254.95,Europe & Central Asia
Syrian Arab Republic,SYR,2003,97.82,1307.48,Middle East & North Africa
Tajikistan,TJK,2003,98.22,546.39,Europe & Central Asia
Tanzania,TZA,2003,27.99,621.72,Sub-Saharan Africa
Togo,TGO,2003,78.89,702.8,Sub-Saharan Africa
Trinidad and Tobago,TTO,2003,99.14,12714.5,Latin America & Caribbean
Tunisia,TUN,2003,95.09,3058.23,Middle East & North Africa
Turkiye,TUR,2003,97.64,6496.07,Europe & Central Asia
Uganda,UGA,2003,40.49,564.72,Sub-Saharan Africa
United Arab Emirates,ARE,2003,98.48,53619.19,Middle East & North Africa
Uruguay,URY,2003,82.49,9878.76,Latin America & Caribbean
Uzbekistan,UZB,2003,99.42,1381.83,Europe & Central Asia
"Venezuela, RB",VEN,2003,98.99,3079.66,Latin America & Caribbean
West Bank and Gaza,PSE,2003,99.83,2041.6,Middle East & North Africa
Algeria,DZA,2004,93.74,4066.28,Middle East & North Africa
Argentina,ARG,2004,95.87,10302.45,Latin America & Caribbean
Armenia,ARM,2004,99.74,1955.22,Europe & Central Asia
Azerbaijan,AZE,2004,99.27,2111.45,Europe & Central Asia
Bahrain,BHR,2004,99.02,23688.11,Middle East & North Africa
Barbados,BRB,2004,99.45,21516.17,Latin America & Caribbean
Belarus,BLR,2004,99.57,3520.4,Europe & Central Asia
Belize,BLZ,2004,98.06,6383.07,Latin America & Caribbean
Bermuda,BMU,2004,98.17,120432.12,North America
Bhutan,BTN,2004,98.5,1552.74,South Asia
Botswana,BWA,2004,99.03,5369.43,Sub-Saharan Africa
Brunei Darussalam,BRN,2004,96.98,37948.66,East Asia & Pacific
Bulgaria,BGR,2004,98.34,4849.87,Europe & Central Asia
Burkina Faso,BFA,2004,66.83,474.09,Sub-Saharan Africa
Burundi,BDI,2004,58.18,258.05,Sub-Saharan Africa
Cabo Verde,CPV,2004,93.74,2379.8,Sub-Saharan Africa
Cambodia,KHM,2004,84.4,775.85,East Asia & Pacific
Central African Republic,CAF,2004,76.44,433.83,Sub-Saharan Africa
Chad,TCD,2004,66.62,845.52,Sub-Saharan Africa
Colombia,COL,2004,99.62,4311.92,Latin America & Caribbean
"Congo, Rep.",COG,2004,70.11,2058.88,Sub-Saharan Africa
Costa Rica,CRI,2004,96.81,8445.53,Latin America & Caribbean
Cuba,CUB,2004,98.67,4670.19,Latin America & Caribbean
Cyprus,CYP,2004,99.68,24799.65,Europe & Central Asia
Czechia,CZE,2004,99.86,14259.63,Europe & Central Asia
Denmark,DNK,2004,99.69,50956.3,Europe & Central Asia
Dominica,DMA,2004,99.03,7323.85,Latin America & Caribbean
Ecuador,ECU,2004,78.59,4430.24,Latin America & Caribbean
Eritrea,ERI,2004,93.94,808.59,Sub-Saharan Africa
Estonia,EST,2004,99.95,13348.53,Europe & Central Asia
Eswatini,SWZ,2004,95.3,2522.14,Sub-Saharan Africa
Ethiopia,ETH,2004,99.05,267.92,Sub-Saharan Africa
Finland,FIN,2004,99.97,41521.96,Europe & Central Asia
"Gambia, The",GMB,2004,86.87,693.56,Sub-Saharan Africa
Georgia,GEO,2004,97.94,2105.0,Europe & Central Asia
Germany,DEU,2004,99.82,35687.64,Europe & Central Asia
Ghana,GHA,2004,97.44,1108.3,Sub-Saharan Africa
Greece,GRC,2004,99.42,21688.11,Europe & Central Asia
Guatemala,GTM,2004,92.75,3250.2,Latin America & Caribbean
Guinea,GIN,2004,83.08,645.18,Sub-Saharan Africa
"Hong Kong SAR, China",HKG,2004,99.89,30304.31,East Asia & Pacific
Hungary,HUN,2004,99.66,10786.49,Europe & Central Asia
Iceland,ISL,2004,99.45,48101.71,Europe & Central Asia
Indonesia,IDN,2004,78.59,2065.71,East Asia & Pacific
"Iran, Islamic Rep.",IRN,2004,90.97,4607.45,Middle East & North Africa
Israel,ISR,2004,99.6,28883.25,Middle East & North Africa
Italy,ITA,2004,99.63,33348.97,Europe & Central Asia
Jordan,JOR,2004,98.56,3935.16,Middle East & North Africa
Kazakhstan,KAZ,2004,99.92,6233.29,Europe & Central Asia
"Korea, Rep.",KOR,2004,98.93,21244.81,East Asia & Pacific
Kuwait,KWT,2004,96.82,37918.54,Middle East & North Africa
Kyrgyz Republic,KGZ,2004,99.08,831.48,Europe & Central Asia
Lao PDR,LAO,2004,81.98,1088.76,East Asia & Pacific
Latvia,LVA,2004,99.4,8957.23,Europe & Central Asia
Lebanon,LBN,2004,95.76,6633.75,Middle East & North Africa
Lesotho,LSO,2004,74.31,817.79,Sub-Saharan Africa
Lithuania,LTU,2004,99.27,8851.93,Europe & Central Asia
"Macao SAR, China",MAC,2004,95.78,47665.93,East Asia & Pacific
Madagascar,MDG,2004,73.44,443.28,Sub-Saharan Africa
Malawi,MWI,2004,82.15,408.06,Sub-Saharan Africa
Malaysia,MYS,2004,99.69,7025.35,East Asia & Pacific
Maldives,MDV,2004,92.18,8174.42,South Asia
Mali,MLI,2004,81.33,800.5,Sub-Saharan Africa
Malta,MLT,2004,99.28,17728.37,Middle East & North Africa
Mauritania,MRT,2004,54.31,1338.67,Sub-Saharan Africa
Mauritius,MUS,2004,82.1,6480.14,Sub-Saharan Africa
Mexico,MEX,2004,94.29,9421.29,Latin America & Caribbean
Moldova,MDA,2004,98.76,1781.19,Europe & Central Asia
Mozambique,MOZ,2004,59.49,377.06,Sub-Saharan Africa
Namibia,NAM,2004,91.59,3582.9,Sub-Saharan Africa
Niger,NER,2004,74.49,393.4,Sub-Saharan Africa
North Macedonia,MKD,2004,99.56,3473.77,Europe & Central Asia
Norway,NOR,2004,99.86,72090.99,Europe & Central Asia
Pakistan,PAK,2004,71.83,1147.0,Middle East & North Africa
Panama,PAN,2004,65.31,7468.77,Latin America & Caribbean
Paraguay,PRY,2004,90.23,4151.35,Latin America & Caribbean
Peru,PER,2004,98.36,3640.6,Latin America & Caribbean
Philippines,PHL,2004,92.28,1978.34,East Asia & Pacific
Poland,POL,2004,100.0,8323.39,Europe & Central Asia
Qatar,QAT,2004,98.35,59990.23,Middle East & North Africa
Romania,ROU,2004,99.65,6008.64,Europe & Central Asia
Samoa,WSM,2004,98.31,3535.74,East Asia & Pacific
Sao Tome and Principe,STP,2004,78.6,1047.06,Sub-Saharan Africa
Senegal,SEN,2004,64.53,1098.2,Sub-Saharan Africa
Seychelles,SYC,2004,99.89,10412.09,Sub-Saharan Africa
Slovak Republic,SVK,2004,99.96,10718.21,Europe & Central Asia
St. Lucia,LCA,2004,71.03,9637.38,Latin America & Caribbean
Switzerland,CHE,2004,99.85,74718.68,Europe & Central Asia
Syrian Arab Republic,SYR,2004,98.46,1363.62,Middle East & North Africa
Tajikistan,TJK,2004,97.88,590.96,Europe & Central Asia
Tanzania,TZA,2004,33.19,650.52,Sub-Saharan Africa
Togo,TGO,2004,79.82,678.29,Sub-Saharan Africa
Trinidad and Tobago,TTO,2004,95.77,13657.25,Latin America & Caribbean
Tunisia,TUN,2004,95.21,3218.72,Middle East & North Africa
Turkiye,TUR,2004,97.72,7061.62,Europe & Central Asia
Uganda,UGA,2004,41.69,585.34,Sub-Saharan Africa
United Arab Emirates,ARE,2004,99.23,55611.42,Middle East & North Africa
Uruguay,URY,2004,82.04,10366.91,Latin America & Caribbean
Uzbekistan,UZB,2004,99.59,1466.61,Europe & Central Asia
"Venezuela, RB",VEN,2004,99.8,3580.85,Latin America & Caribbean
West Bank and Gaza,PSE,2004,99.24,2426.42,Middle East & North Africa
"Yemen, Rep.",YEM,2004,87.11,2185.79,Middle East & North Africa
Zambia,ZMB,2004,64.58,895.48,Sub-Saharan Africa
Algeria,DZA,2005,92.31,4223.6,Middle East & North Africa
Argentina,ARG,2005,95.39,11099.75,Latin America & Caribbean
Armenia,ARM,2005,99.5,2240.09,Europe & Central Asia
Azerbaijan,AZE,2005,99.07,2674.37,Europe & Central Asia
"Bahamas, The",BHS,2005,98.92,33144.79,Latin America & Caribbean
Barbados,BRB,2005,98.66,22250.03,Latin America & Caribbean
Belarus,BLR,2005,99.66,3877.72,Europe & Central Asia
Belize,BLZ,2005,93.52,6337.12,Latin America & Caribbean
Bermuda,BMU,2005,95.27,122143.8,North America
Bhutan,BTN,2005,96.57,1632.02,South Asia
Botswana,BWA,2005,98.52,5514.22,Sub-Saharan Africa
Brunei Darussalam,BRN,2005,99.38,37312.28,East Asia & Pacific
Bulgaria,BGR,2005,98.33,5231.34,Europe & Central Asia
Burkina Faso,BFA,2005,65.41,499.19,Sub-Saharan Africa
Cabo Verde,CPV,2005,98.92,2514.17,Sub-Saharan Africa
Cambodia,KHM,2005,83.46,866.34,East Asia & Pacific
Chad,TCD,2005,69.75,952.87,Sub-Saharan Africa
Colombia,COL,2005,99.54,4457.28,Latin America & Caribbean
Costa Rica,CRI,2005,98.15,8655.34,Latin America & Caribbean
Croatia,HRV,2005,99.96,11522.79,Europe & Central Asia
Cuba,CUB,2005,98.64,5182.35,Latin America & Caribbean
Cyprus,CYP,2005,99.79,25631.37,Europe & Central Asia
Czechia,CZE,2005,99.78,15147.72,Europe & Central Asia
Denmark,DNK,2005,99.98,52015.18,Europe & Central Asia
Dominica,DMA,2005,92.97,7381.75,Latin America & Caribbean
Ecuador,ECU,2005,77.9,4589.33,Latin America & Caribbean
El Salvador,SLV,2005,95.24,3163.36,Latin America & Caribbean
Eritrea,ERI,2005,90.75,809.79,Sub-Saharan Africa
Eswatini,SWZ,2005,95.55,2658.75,Sub-Saharan Africa
Ethiopia,ETH,2005,96.58,290.83,Sub-Saharan Africa
Finland,FIN,2005,99.88,42529.35,Europe & Central Asia
"Gambia, The",GMB,2005,93.37,658.68,Sub-Saharan Africa
Georgia,GEO,2005,99.67,2321.6,Europe & Central Asia
Germany,DEU,2005,99.59,36024.09,Europe & Central Asia
Ghana,GHA,2005,96.69,1143.31,Sub-Saharan Africa
Greece,GRC,2005,99.28,21880.53,Europe & Central Asia
Guatemala,GTM,2005,92.75,3284.81,Latin America & Caribbean
Guinea,GIN,2005,86.61,651.36,Sub-Saharan Africa
Honduras,HND,2005,71.39,1975.86,Latin America & Caribbean
"Hong Kong SAR, China",HKG,2005,99.95,32401.39,East Asia & Pacific
Hungary,HUN,2005,99.61,11272.73,Europe & Central Asia
Iceland,ISL,2005,99.83,50674.44,Europe & Central Asia
Indonesia,IDN,2005,88.62,2155.45,East Asia & Pacific
"Iran, Islamic Rep.",IRN,2005,89.0,4650.36,Middle East & North Africa
Israel,ISR,2005,99.81,29623.72,Middle East & North Africa
Italy,ITA,2005,99.36,33407.68,Europe & Central Asia
Jordan,JOR,2005,98.39,4151.61,Middle East & North Africa
Kazakhstan,KAZ,2005,99.98,6787.41,Europe & Central Asia
"Korea, Rep.",KOR,2005,98.95,22123.76,East Asia & Pacific
Kyrgyz Republic,KGZ,2005,99.96,820.71,Europe & Central Asia
Lao PDR,LAO,2005,80.55,1148.68,East Asia & Pacific
Latvia,LVA,2005,99.14,10106.26,Europe & Central Asia
Lebanon,LBN,2005,96.32,6707.18,Middle East & North Africa
Lesotho,LSO,2005,82.16,853.96,Sub-Saharan Africa
Lithuania,LTU,2005,98.72,9692.87,Europe & Central Asia
"Macao SAR, China",MAC,2005,96.79,49470.94,East Asia & Pacific
Madagascar,MDG,2005,70.36,450.96,Sub-Saharan Africa
Malawi,MWI,2005,83.64,410.27,Sub-Saharan Africa
Malaysia,MYS,2005,98.84,7234.02,East Asia & Pacific
Maldives,MDV,2005,95.0,7141.88,South Asia
Mali,MLI,2005,79.68,794.37,Sub-Saharan Africa
Malta,MLT,2005,93.9,18123.27,Middle East & North Africa
Mauritania,MRT,2005,58.71,1418.53,Sub-Saharan Africa
Mauritius,MUS,2005,83.48,6556.39,Sub-Saharan Africa
Mexico,MEX,2005,94.34,9491.52,Latin America & Caribbean
Moldova,MDA,2005,98.64,1919.45,Europe & Central Asia
Morocco,MAR,2005,85.13,2342.15,Middle East & North Africa
Mozambique,MOZ,2005,60.06,391.7,Sub-Saharan Africa
Myanmar,MMR,2005,73.97,522.1,East Asia & Pacific
Namibia,NAM,2005,89.8,3627.75,Sub-Saharan Africa
Niger,NER,2005,72.35,407.19,Sub-Saharan Africa
North Macedonia,MKD,2005,98.91,3657.56,Europe & Central Asia
Norway,NOR,2005,99.68,73524.25,Europe & Central Asia
Pakistan,PAK,2005,73.26,1201.23,Middle East & North Africa
Panama,PAN,2005,94.74,7935.87,Latin America & Caribbean
Peru,PER,2005,98.05,3835.13,Latin America & Caribbean
Philippines,PHL,2005,98.76,2037.88,East Asia & Pacific
Poland,POL,2005,100.0,8598.58,Europe & Central Asia
Qatar,QAT,2005,98.59,60416.71,Middle East & North Africa
Romania,ROU,2005,99.59,6328.09,Europe & Central Asia
Samoa,WSM,2005,97.67,3755.78,East Asia & Pacific
Senegal,SEN,2005,64.55,1119.05,Sub-Saharan Africa
Slovak Republic,SVK,2005,99.49,11412.16,Europe & Central Asia
Sri Lanka,LKA,2005,99.29,2268.69,South Asia
Sweden,SWE,2005,99.95,46189.68,Europe & Central Asia
Switzerland,CHE,2005,99.73,76282.98,Europe & Central Asia
Syrian Arab Republic,SYR,2005,98.57,1411.63,Middle East & North Africa
Tajikistan,TJK,2005,98.31,618.33,Europe & Central Asia
Togo,TGO,2005,79.61,630.25,Sub-Saharan Africa
Tonga,TON,2005,93.92,3880.07,East Asia & Pacific
Turkiye,TUR,2005,98.39,7623.15,Europe & Central Asia
Ukraine,UKR,2005,99.71,2122.6,Europe & Central Asia
United Arab Emirates,ARE,2005,99.88,55363.57,Middle East & North Africa
Uruguay,URY,2005,82.88,11131.4,Latin America & Caribbean
Uzbekistan,UZB,2005,99.79,1549.05,Europe & Central Asia
"Venezuela, RB",VEN,2005,99.58,3884.7,Latin America & Caribbean
Zambia,ZMB,2005,61.65,929.08,Sub-Saharan Africa
Albania,ALB,2006,98.39,2894.36,Europe & Central Asia
Algeria,DZA,2006,93.24,4279.62,Middle East & North Africa
Argentina,ARG,2006,94.96,11870.28,Latin America & Caribbean
Armenia,ARM,2006,99.32,2551.44,Europe & Central Asia
Aruba,ABW,2006,97.76,28885.91,Latin America & Caribbean
Azerbaijan,AZE,2006,99.08,3556.83,Europe & Central Asia
"Bahamas, The",BHS,2006,99.3,33541.85,Latin America & Caribbean
Barbados,BRB,2006,98.32,23487.44,Latin America & Caribbean
Belarus,BLR,2006,99.94,4291.69,Europe & Central Asia
Belize,BLZ,2006,94.93,6435.59,Latin America & Caribbean
Bhutan,BTN,2006,97.85,1701.12,South Asia
Botswana,BWA,2006,97.66,5865.0,Sub-Saharan Africa
Brunei Darussalam,BRN,2006,99.18,38229.36,East Asia & Pacific
Bulgaria,BGR,2006,97.72,5629.8,Europe & Central Asia
Burkina Faso,BFA,2006,66.92,514.11,Sub-Saharan Africa
Cabo Verde,CPV,2006,92.81,2683.84,Sub-Saharan Africa
Cambodia,KHM,2006,81.57,947.07,East Asia & Pacific
Cameroon,CMR,2006,44.92,1277.33,Sub-Saharan Africa
Cayman Islands,CYM,2006,91.78,96066.63,Latin America & Caribbean
Colombia,COL,2006,99.8,4694.03,Latin America & Caribbean
Costa Rica,CRI,2006,96.71,9160.29,Latin America & Caribbean
Cote d'Ivoire,CIV,2006,70.73,1437.77,Sub-Saharan Africa
Croatia,HRV,2006,99.58,12104.04,Europe & Central Asia
Cuba,CUB,2006,98.49,5799.41,Latin America & Caribbean
Cyprus,CYP,2006,99.15,26395.5,Europe & Central Asia
Czechia,CZE,2006,99.27,16107.3,Europe & Central Asia
Denmark,DNK,2006,96.76,53823.16,Europe & Central Asia
Dominican Republic,DOM,2006,98.83,4904.72,Latin America & Caribbean
Ecuador,ECU,2006,79.1,4706.98,Latin America & Caribbean
El Salvador,SLV,2006,95.01,3302.35,Latin America & Caribbean
Eritrea,ERI,2006,85.27,789.4,Sub-Saharan Africa
Ethiopia,ETH,2006,95.47,313.01,Sub-Saharan Africa
Finland,FIN,2006,99.91,44069.4,Europe & Central Asia
"Gambia, The",GMB,2006,96.76,636.6,Sub-Saharan Africa
Georgia,GEO,2006,100.0,2554.81,Europe & Central Asia
Germany,DEU,2006,99.32,37459.26,Europe & Central Asia
Greece,GRC,2006,97.15,23220.53,Europe & Central Asia
Guatemala,GTM,2006,93.28,3388.15,Latin America & Caribbean
Guinea,GIN,2006,80.51,645.47,Sub-Saharan Africa
"Hong Kong SAR, China",HKG,2006,99.84,34458.05,East Asia & Pacific
Hungary,HUN,2006,99.62,11734.45,Europe & Central Asia
Iceland,ISL,2006,99.77,52306.13,Europe & Central Asia
Indonesia,IDN,2006,98.94,2244.08,East Asia & Pacific
"Iran, Islamic Rep.",IRN,2006,96.12,4778.79,Middle East & North Africa
Israel,ISR,2006,99.83,30734.96,Middle East & North Africa
Italy,ITA,2006,99.68,33873.05,Europe & Central Asia
Jordan,JOR,2006,99.67,4209.87,Middle East & North Africa
Kazakhstan,KAZ,2006,99.99,7450.4,Europe & Central Asia
"Korea, Rep.",KOR,2006,98.86,23162.19,East Asia & Pacific
Kyrgyz Republic,KGZ,2006,99.01,837.14,Europe & Central Asia
Lao PDR,LAO,2006,81.04,1228.09,East Asia & Pacific
Lebanon,LBN,2006,96.91,6696.37,Middle East & North Africa
Lesotho,LSO,2006,76.25,893.75,Sub-Saharan Africa
Lithuania,LTU,2006,99.22,10577.21,Europe & Central Asia
"Macao SAR, China",MAC,2006,99.7,53240.2,East Asia & Pacific
Madagascar,MDG,2006,75.01,461.54,Sub-Saharan Africa
Malawi,MWI,2006,84.89,417.88,Sub-Saharan Africa
Malaysia,MYS,2006,97.71,7469.81,East Asia & Pacific
Mali,MLI,2006,86.33,797.1,Sub-Saharan Africa
Malta,MLT,2006,97.58,18479.21,Middle East & North Africa
Marshall Islands,MHL,2006,93.47,3285.12,East Asia & Pacific
Mauritania,MRT,2006,60.79,1637.04,Sub-Saharan Africa
Mauritius,MUS,2006,86.32,6843.4,Sub-Saharan Africa
Mexico,MEX,2006,94.7,9813.83,Latin America & Caribbean
Moldova,MDA,2006,98.93,2017.18,Europe & Central Asia
Morocco,MAR,2006,86.57,2489.99,Middle East & North Africa
Mozambique,MOZ,2006,65.69,420.53,Sub-Saharan Africa
Myanmar,MMR,2006,72.84,586.09,East Asia & Pacific
Niger,NER,2006,52.62,415.85,Sub-Saharan Africa
North Macedonia,MKD,2006,99.52,3866.75,Europe & Central Asia
Norway,NOR,2006,99.64,74729.74,Europe & Central Asia
Pakistan,PAK,2006,78.72,1243.94,Middle East & North Africa
Panama,PAN,2006,98.88,8557.98,Latin America & Caribbean
Paraguay,PRY,2006,88.37,4349.31,Latin America & Caribbean
Peru,PER,2006,97.96,4091.36,Latin America & Caribbean
Philippines,PHL,2006,98.05,2110.42,East Asia & Pacific
Poland,POL,2006,100.0,9137.66,Europe & Central Asia
Qatar,QAT,2006,98.85,64676.32,Middle East & North Africa
Samoa,WSM,2006,98.2,3820.92,East Asia & Pacific
Senegal,SEN,2006,78.61,1118.78,Sub-Saharan Africa
Serbia,SRB,2006,99.57,5016.41,Europe & Central Asia
Slovak Republic,SVK,2006,99.34,12430.2,Europe & Central Asia
Sri Lanka,LKA,2006,99.45,2426.35,South Asia
Suriname,SUR,2006,55.0,7599.36,Latin America & Caribbean
Sweden,SWE,2006,99.91,48078.35,Europe & Central Asia
Switzerland,CHE,2006,99.77,78893.81,Europe & Central Asia
Syrian Arab Republic,SYR,2006,98.35,1420.72,Middle East & North Africa
Tajikistan,TJK,2006,98.15,649.16,Europe & Central Asia
Turkiye,TUR,2006,98.91,8078.52,Europe & Central Asia
Uganda,UGA,2006,64.49,650.27,Sub-Saharan Africa
Ukraine,UKR,2006,99.76,2298.13,Europe & Central Asia
United Arab Emirates,ARE,2006,99.63,56629.98,Middle East & North Africa
Uruguay,URY,2006,78.53,11574.47,Latin America & Caribbean
Uzbekistan,UZB,2006,99.81,1643.15,Europe & Central Asia
"Venezuela, RB",VEN,2006,99.25,4199.4,Latin America & Caribbean
West Bank and Gaza,PSE,2006,99.37,2540.27,Middle East & North Africa
Zambia,ZMB,2006,66.57,968.56,Sub-Saharan Africa
Albania,ALB,2007,98.22,3105.88,Europe & Central Asia
Algeria,DZA,2007,96.58,4339.25,Middle East & North Africa
Argentina,ARG,2007,95.16,12811.9,Latin America & Caribbean
Armenia,ARM,2007,99.25,2919.37,Europe & Central Asia
Azerbaijan,AZE,2007,99.58,4412.2,Europe & Central Asia
"Bahamas, The",BHS,2007,99.79,33549.34,Latin America & Caribbean
Barbados,BRB,2007,99.08,23862.14,Latin America & Caribbean
Belarus,BLR,2007,98.7,4682.21,Europe & Central Asia
Belize,BLZ,2007,96.38,6465.83,Latin America & Caribbean
Bhutan,BTN,2007,98.25,1952.26,South Asia
Botswana,BWA,2007,98.57,6085.64,Sub-Saharan Africa
Brunei Darussalam,BRN,2007,99.66,36174.52,East Asia & Pacific
Bulgaria,BGR,2007,97.31,6048.74,Europe & Central Asia
Burkina Faso,BFA,2007,73.63,519.26,Sub-Saharan Africa
Burundi,BDI,2007,66.17,254.31,Sub-Saharan Africa
Cabo Verde,CPV,2007,94.28,3056.97,Sub-Saharan Africa
Cambodia,KHM,2007,81.44,1030.23,East Asia & Pacific
Cameroon,CMR,2007,59.51,1295.73,Sub-Saharan Africa
Cayman Islands,CYM,2007,97.44,96202.74,Latin America & Caribbean
Colombia,COL,2007,99.58,4947.25,Latin America & Caribbean
"Congo, Dem. Rep.",COD,2007,89.04,377.44,Sub-Saharan Africa
"Congo, Rep.",COG,2007,70.06,2004.1,Sub-Saharan Africa
Costa Rica,CRI,2007,96.93,9779.51,Latin America & Caribbean
Croatia,HRV,2007,99.43,12717.99,Europe & Central Asia
Cuba,CUB,2007,98.48,6215.77,Latin America & Caribbean
Cyprus,CYP,2007,99.91,27156.82,Europe & Central Asia
Czechia,CZE,2007,99.25,16892.54,Europe & Central Asia
Denmark,DNK,2007,96.28,54113.98,Europe & Central Asia
Dominica,DMA,2007,97.08,8106.19,Latin America & Caribbean
El Salvador,SLV,2007,95.18,3359.16,Latin America & Caribbean
Eritrea,ERI,2007,92.53,789.07,Sub-Saharan Africa
Estonia,EST,2007,99.44,17543.47,Europe & Central Asia
Ethiopia,ETH,2007,92.93,338.8,Sub-Saharan Africa
Fiji,FJI,2007,99.98,4223.45,East Asia & Pacific
Finland,FIN,2007,99.98,46213.69,Europe & Central Asia
"Gambia, The",GMB,2007,85.4,637.21,Sub-Saharan Africa
Georgia,GEO,2007,99.7,2891.14,Europe & Central Asia
Germany,DEU,2007,99.54,38593.07,Europe & Central Asia
Ghana,GHA,2007,99.93,1205.32,Sub-Saharan Africa
Guatemala,GTM,2007,92.87,3527.78,Latin America & Caribbean
Guyana,GUY,2007,93.63,4382.1,Latin America & Caribbean
"Hong Kong SAR, China",HKG,2007,99.97,36371.69,East Asia & Pacific
Hungary,HUN,2007,99.84,11791.71,Europe & Central Asia
Iceland,ISL,2007,99.83,55457.36,Europe & Central Asia
Indonesia,IDN,2007,91.55,2355.15,East Asia & Pacific
"Iran, Islamic Rep.",IRN,2007,97.78,5084.72,Middle East & North Africa
Israel,ISR,2007,99.98,32103.16,Middle East & North Africa
Italy,ITA,2007,99.96,34159.91,Europe & Central Asia
Jordan,JOR,2007,99.99,4287.35,Middle East & North Africa
Kazakhstan,KAZ,2007,99.97,8036.88,Europe & Central Asia
"Korea, Rep.",KOR,2007,99.92,24391.77,East Asia & Pacific
Kyrgyz Republic,KGZ,2007,99.85,900.03,Europe & Central Asia
Lao PDR,LAO,2007,81.73,1301.09,East Asia & Pacific
Latvia,LVA,2007,98.47,12810.04,Europe & Central Asia
Lebanon,LBN,2007,94.81,7179.35,Middle East & North Africa
Lesotho,LSO,2007,80.42,927.27,Sub-Saharan Africa
Lithuania,LTU,2007,99.05,11889.35,Europe & Central Asia
"Macao SAR, China",MAC,2007,98.22,58376.12,East Asia & Pacific
Madagascar,MDG,2007,75.09,473.79,Sub-Saharan Africa
Malawi,MWI,2007,89.24,445.25,Sub-Saharan Africa
Malaysia,MYS,2007,97.84,7769.6,East Asia & Pacific
Maldives,MDV,2007,98.53,8933.17,South Asia
Mali,MLI,2007,83.16,784.89,Sub-Saharan Africa
Malta,MLT,2007,99.79,19342.33,Middle East & North Africa
Marshall Islands,MHL,2007,94.0,3403.48,East Asia & Pacific
Mauritius,MUS,2007,85.49,7202.44,Sub-Saharan Africa
Mexico,MEX,2007,94.25,9877.7,Latin America & Caribbean
Moldova,MDA,2007,98.38,2082.51,Europe & Central Asia
Morocco,MAR,2007,85.38,2540.62,Middle East & North Africa
Mozambique,MOZ,2007,64.05,442.05,Sub-Saharan Africa
Namibia,NAM,2007,92.39,3987.62,Sub-Saharan Africa
Nepal,NPL,2007,87.93,633.23,South Asia
Niger,NER,2007,59.59,413.42,Sub-Saharan Africa
North Macedonia,MKD,2007,99.4,4140.63,Europe & Central Asia
Norway,NOR,2007,99.95,76115.71,Europe & Central Asia
Pakistan,PAK,2007,74.97,1265.36,Middle East & North Africa
Panama,PAN,2007,99.84,9507.65,Latin America & Caribbean
Paraguay,PRY,2007,89.29,4540.38,Latin America & Caribbean
Peru,PER,2007,96.39,4407.79,Latin America & Caribbean
Philippines,PHL,2007,99.06,2209.35,East Asia & Pacific
Qatar,QAT,2007,99.89,61423.01,Middle East & North Africa
Russian Federation,RUS,2007,100.0,8640.41,Europe & Central Asia
Sao Tome and Principe,STP,2007,75.85,1170.52,Sub-Saharan Africa
Saudi Arabia,SAU,2007,94.79,21196.79,Middle East & North Africa
Senegal,SEN,2007,75.03,1124.0,Sub-Saharan Africa
Serbia,SRB,2007,99.79,5431.28,Europe & Central Asia
Seychelles,SYC,2007,99.82,13112.82,Sub-Saharan Africa
Singapore,SGP,2007,92.93,46178.81,East Asia & Pacific
Slovak Republic,SVK,2007,99.39,13770.96,Europe & Central Asia
St. Lucia,LCA,2007,97.9,10147.44,Latin America & Caribbean
St. Vincent and the Grenadines,VCT,2007,98.22,6960.17,Latin America & Caribbean
Suriname,SUR,2007,67.85,7897.26,Latin America & Caribbean
Sweden,SWE,2007,99.91,49262.15,Europe & Central Asia
Switzerland,CHE,2007,99.61,81254.17,Europe & Central Asia
Syrian Arab Republic,SYR,2007,98.65,1411.69,Middle East & North Africa
Tajikistan,TJK,2007,98.72,686.48,Europe & Central Asia
Togo,TGO,2007,78.11,603.84,Sub-Saharan Africa
Trinidad and Tobago,TTO,2007,97.55,17758.7,Latin America & Caribbean
Tunisia,TUN,2007,94.08,3642.12,Middle East & North Africa
Turkiye,TUR,2007,98.52,8477.53,Europe & Central Asia
Uganda,UGA,2007,66.43,684.54,Sub-Saharan Africa
Ukraine,UKR,2007,99.62,2498.35,Europe & Central Asia
Uruguay,URY,2007,88.42,12310.48,Latin America & Caribbean
Uzbekistan,UZB,2007,99.94,1773.76,Europe & Central Asia
"Venezuela, RB",VEN,2007,95.97,4496.85,Latin America & Caribbean
West Bank and Gaza,PSE,2007,99.74,2569.98,Middle East & North Africa
Zambia,ZMB,2007,78.99,1013.09,Sub-Saharan Africa
Albania,ALB,2008,99.22,3345.98,Europe & Central Asia
Angola,AGO,2008,40.82,3559.2,Sub-Saharan Africa
Argentina,ARG,2008,95.31,13197.36,Latin America & Caribbean
Aruba,ABW,2008,98.6,29870.66,Latin America & Caribbean
Azerbaijan,AZE,2008,99.19,4778.12,Europe & Central Asia
Barbados,BRB,2008,99.01,23887.73,Latin America & Caribbean
Belarus,BLR,2008,99.07,5177.65,Europe & Central Asia
Belize,BLZ,2008,96.39,6187.96,Latin America & Caribbean
Bhutan,BTN,2008,98.17,2017.76,South Asia
Brunei Darussalam,BRN,2008,99.49,34126.69,East Asia & Pacific
Bulgaria,BGR,2008,97.92,6464.72,Europe & Central Asia
Burkina Faso,BFA,2008,73.19,533.47,Sub-Saharan Africa
Burundi,BDI,2008,62.71,256.01,Sub-Saharan Africa
Cabo Verde,CPV,2008,93.46,3238.44,Sub-Saharan Africa
Cameroon,CMR,2008,51.29,1295.02,Sub-Saharan Africa
Central African Republic,CAF,2008,62.54,450.31,Sub-Saharan Africa
China,CHN,2008,99.36,4811.47,East Asia & Pacific
Colombia,COL,2008,99.66,5048.57,Latin America & Caribbean
"Congo, Rep.",COG,2008,71.22,2061.56,Sub-Saharan Africa
Costa Rica,CRI,2008,94.57,10104.91,Latin America & Caribbean
Cote d'Ivoire,CIV,2008,68.76,1454.63,Sub-Saharan Africa
Croatia,HRV,2008,99.39,12970.44,Europe & Central Asia
Cuba,CUB,2008,98.6,6469.09,Latin America & Caribbean
Cyprus,CYP,2008,99.99,27449.23,Europe & Central Asia
Czechia,CZE,2008,99.73,17190.65,Europe & Central Asia
Denmark,DNK,2008,99.79,53572.53,Europe & Central Asia
Dominica,DMA,2008,91.6,8682.57,Latin America & Caribbean
Dominican Republic,DOM,2008,95.3,5308.93,Latin America & Caribbean
Ecuador,ECU,2008,97.17,4939.9,Latin America & Caribbean
El Salvador,SLV,2008,97.29,3420.45,Latin America & Caribbean
Eritrea,ERI,2008,92.23,693.4,Sub-Saharan Africa
Estonia,EST,2008,99.43,16689.0,Europe & Central Asia
Ethiopia,ETH,2008,90.64,364.64,Sub-Saharan Africa
Fiji,FJI,2008,96.3,4240.77,East Asia & Pacific
Finland,FIN,2008,99.88,46359.87,Europe & Central Asia
Georgia,GEO,2008,98.87,2970.16,Europe & Central Asia
Ghana,GHA,2008,95.75,1282.63,Sub-Saharan Africa
Grenada,GRD,2008,87.67,8307.49,Latin America & Caribbean
Guatemala,GTM,2008,98.75,3569.93,Latin America & Caribbean
Guinea,GIN,2008,58.76,684.78,Sub-Saharan Africa
Guyana,GUY,2008,93.9,4472.35,Latin America & Caribbean
"Hong Kong SAR, China",HKG,2008,99.86,36924.09,East Asia & Pacific
Hungary,HUN,2008,99.66,11929.72,Europe & Central Asia
Iceland,ISL,2008,99.78,55360.81,Europe & Central Asia
Indonesia,IDN,2008,92.05,2464.6,East Asia & Pacific
"Iran, Islamic Rep.",IRN,2008,99.37,5035.94,Middle East & North Africa
Israel,ISR,2008,99.99,32554.04,Middle East & North Africa
Italy,ITA,2008,99.94,33550.63,Europe & Central Asia
Jamaica,JAM,2008,98.0,5639.59,Latin America & Caribbean
Kazakhstan,KAZ,2008,99.84,8216.52,Europe & Central Asia
"Korea, Rep.",KOR,2008,99.99,24934.54,East Asia & Pacific
Kyrgyz Republic,KGZ,2008,99.6,966.41,Europe & Central Asia
Lao PDR,LAO,2008,82.71,1381.74,East Asia & Pacific
Latvia,LVA,2008,99.23,12506.69,Europe & Central Asia
Lebanon,LBN,2008,95.06,7701.3,Middle East & North Africa
Lesotho,LSO,2008,84.73,971.88,Sub-Saharan Africa
Liberia,LBR,2008,80.73,591.19,Sub-Saharan Africa
Lithuania,LTU,2008,99.33,12324.52,Europe & Central Asia
"Macao SAR, China",MAC,2008,99.11,58146.33,East Asia & Pacific
Madagascar,MDG,2008,73.3,490.96,Sub-Saharan Africa
Malawi,MWI,2008,84.14,465.55,Sub-Saharan Africa
Malaysia,MYS,2008,96.32,7976.12,East Asia & Pacific
Maldives,MDV,2008,96.24,9396.5,South Asia
Mali,MLI,2008,84.8,787.16,Sub-Saharan Africa
Marshall Islands,MHL,2008,90.87,3146.26,East Asia & Pacific
Mauritania,MRT,2008,39.31,1514.27,Sub-Saharan Africa
Mauritius,MUS,2008,84.74,7563.03,Sub-Saharan Africa
Mexico,MEX,2008,94.87,9826.34,Latin America & Caribbean
Moldova,MDA,2008,98.15,2249.23,Europe & Central Asia
Morocco,MAR,2008,87.05,2648.59,Middle East & North Africa
Mozambique,MOZ,2008,60.24,460.95,Sub-Saharan Africa
Namibia,NAM,2008,93.9,4036.38,Sub-Saharan Africa
Niger,NER,2008,58.72,429.2,Sub-Saharan Africa
North Macedonia,MKD,2008,98.68,4392.55,Europe & Central Asia
Norway,NOR,2008,99.77,75535.21,Europe & Central Asia
Pakistan,PAK,2008,74.95,1258.05,Middle East & North Africa
Panama,PAN,2008,98.05,10288.15,Latin America & Caribbean
Paraguay,PRY,2008,90.13,4788.66,Latin America & Caribbean
Peru,PER,2008,97.63,4778.53,Latin America & Caribbean
Philippines,PHL,2008,98.89,2264.95,East Asia & Pacific
Poland,POL,2008,99.36,10187.2,Europe & Central Asia
Qatar,QAT,2008,99.61,61213.72,Middle East & North Africa
Romania,ROU,2008,99.43,8318.0,Europe & Central Asia
Russian Federation,RUS,2008,100.0,9093.7,Europe & Central Asia
San Marino,SMR,2008,96.62,61572.74,Europe & Central Asia
Sao Tome and Principe,STP,2008,75.36,1214.14,Sub-Saharan Africa
Senegal,SEN,2008,71.83,1138.67,Sub-Saharan Africa
Serbia,SRB,2008,99.36,5735.95,Europe & Central Asia
Seychelles,SYC,2008,98.25,12473.29,Sub-Saharan Africa
Singapore,SGP,2008,90.83,44601.58,East Asia & Pacific
Slovak Republic,SVK,2008,99.39,14497.11,Europe & Central Asia
Slovenia,SVN,2008,99.43,22175.24,Europe & Central Asia
Spain,ESP,2008,99.8,27112.53,Europe & Central Asia
Sri Lanka,LKA,2008,97.35,2708.59,South Asia
St. Lucia,LCA,2008,97.6,10583.43,Latin America & Caribbean
Suriname,SUR,2008,56.42,8129.11,Latin America & Caribbean
Sweden,SWE,2008,99.78,48428.66,Europe & Central Asia
Switzerland,CHE,2008,99.68,82481.07,Europe & Central Asia
Syrian Arab Republic,SYR,2008,97.68,1423.6,Middle East & North Africa
Tajikistan,TJK,2008,98.57,726.19,Europe & Central Asia
Tanzania,TZA,2008,47.56,752.54,Sub-Saharan Africa
Timor-Leste,TLS,2008,89.65,1042.87,East Asia & Pacific
Trinidad and Tobago,TTO,2008,94.33,18285.27,Latin America & Caribbean
Tunisia,TUN,2008,94.44,3760.12,Middle East & North Africa
Turkiye,TUR,2008,98.22,8447.94,Europe & Central Asia
Uganda,UGA,2008,63.43,722.57,Sub-Saharan Africa
Ukraine,UKR,2008,99.77,2567.69,Europe & Central Asia
Uruguay,URY,2008,82.26,13165.84,Latin America & Caribbean
Uzbekistan,UZB,2008,99.48,1904.46,Europe & Central Asia
"Venezuela, RB",VEN,2008,97.81,4665.95,Latin America & Caribbean
West Bank and Gaza,PSE,2008,97.11,2685.99,Middle East & North Africa
Zambia,ZMB,2008,74.52,1053.59,Sub-Saharan Africa
Albania,ALB,2009,98.09,3459.25,Europe & Central Asia
Algeria,DZA,2009,98.91,4336.1,Middle East & North Africa
Argentina,ARG,2009,95.88,12285.38,Latin America & Caribbean
Azerbaijan,AZE,2009,98.55,5118.43,Europe & Central Asia
"Bahamas, The",BHS,2009,99.02,30581.33,Latin America & Caribbean
Belarus,BLR,2009,98.55,5200.77,Europe & Central Asia
Belize,BLZ,2009,96.27,5997.68,Latin America & Caribbean
Bhutan,BTN,2009,98.61,2148.56,South Asia
Bolivia,BOL,2009,95.04,2422.58,Latin America & Caribbean
Bosnia and Herzegovina,BIH,2009,83.67,3877.54,Europe & Central Asia
Brunei Darussalam,BRN,2009,99.63,32855.6,East Asia & Pacific
Bulgaria,BGR,2009,98.81,6288.73,Europe & Central Asia
Burkina Faso,BFA,2009,74.86,533.47,Sub-Saharan Africa
Burundi,BDI,2009,69.99,252.58,Sub-Saharan Africa
Cabo Verde,CPV,2009,96.44,3159.59,Sub-Saharan Africa
Cambodia,KHM,2009,82.6,1117.26,East Asia & Pacific
Chad,TCD,2009,91.37,871.49,Sub-Saharan Africa
Colombia,COL,2009,98.26,5046.97,Latin America & Caribbean
"Congo, Rep.",COG,2009,75.8,2211.32,Sub-Saharan Africa
Costa Rica,CRI,2009,92.03,9883.68,Latin America & Caribbean
Croatia,HRV,2009,99.7,12099.55,Europe & Central Asia
Cuba,CUB,2009,98.92,6561.25,Latin America & Caribbean
Cyprus,CYP,2009,99.9,26183.69,Europe & Central Asia
Czechia,CZE,2009,99.36,16272.81,Europe & Central Asia
Denmark,DNK,2009,99.92,50635.91,Europe & Central Asia
Dominica,DMA,2009,98.05,8582.71,Latin America & Caribbean
Dominican Republic,DOM,2009,91.06,5294.65,Latin America & Caribbean
Ecuador,ECU,2009,97.0,4909.34,Latin America & Caribbean
El Salvador,SLV,2009,98.31,3337.81,Latin America & Caribbean
Eritrea,ERI,2009,90.5,702.43,Sub-Saharan Africa
Estonia,EST,2009,99.83,14274.85,Europe & Central Asia
Eswatini,SWZ,2009,97.73,2973.83,Sub-Saharan Africa
Ethiopia,ETH,2009,92.64,385.63,Sub-Saharan Africa
Finland,FIN,2009,99.94,42412.51,Europe & Central Asia
Georgia,GEO,2009,99.77,2887.26,Europe & Central Asia
Guatemala,GTM,2009,95.98,3516.19,Latin America & Caribbean
Guinea,GIN,2009,76.83,660.76,Sub-Saharan Africa
Guyana,GUY,2009,95.21,4649.34,Latin America & Caribbean
Hungary,HUN,2009,99.82,11142.89,Europe & Central Asia
Iceland,ISL,2009,99.93,50581.08,Europe & Central Asia
Indonesia,IDN,2009,89.84,2546.22,East Asia & Pacific
"Iran, Islamic Rep.",IRN,2009,96.43,5023.89,Middle East & North Africa
Israel,ISR,2009,99.99,32178.57,Middle East & North Africa
Italy,ITA,2009,99.94,31587.06,Europe & Central Asia
Jamaica,JAM,2009,99.35,5372.14,Latin America & Caribbean
Kazakhstan,KAZ,2009,99.83,8218.4,Europe & Central Asia
Kuwait,KWT,2009,99.74,35124.09,Middle East & North Africa
Kyrgyz Republic,KGZ,2009,99.33,981.22,Europe & Central Asia
Lao PDR,LAO,2009,82.65,1463.34,East Asia & Pacific
Latvia,LVA,2009,98.8,10675.43,Europe & Central Asia
Lebanon,LBN,2009,97.06,8375.49,Middle East & North Africa
Lesotho,LSO,2009,87.7,952.75,Sub-Saharan Africa
Lithuania,LTU,2009,99.24,10612.92,Europe & Central Asia
"Macao SAR, China",MAC,2009,99.74,59528.84,East Asia & Pacific
Madagascar,MDG,2009,72.85,457.79,Sub-Saharan Africa
Malawi,MWI,2009,89.69,489.63,Sub-Saharan Africa
Malaysia,MYS,2009,95.55,7700.46,East Asia & Pacific
Mali,MLI,2009,86.33,803.49,Sub-Saharan Africa
Mauritius,MUS,2009,85.45,7793.03,Sub-Saharan Africa
Mexico,MEX,2009,95.31,9074.12,Latin America & Caribbean
Moldova,MDA,2009,98.25,2116.94,Europe & Central Asia
Morocco,MAR,2009,88.57,2710.67,Middle East & North Africa
Mozambique,MOZ,2009,62.25,475.79,Sub-Saharan Africa
Namibia,NAM,2009,94.08,3989.21,Sub-Saharan Africa
Niger,NER,2009,71.91,421.65,Sub-Saharan Africa
Nigeria,NGA,2009,60.37,2204.61,Sub-Saharan Africa
Norway,NOR,2009,99.93,73141.31,Europe & Central Asia
Pakistan,PAK,2009,76.71,1269.07,Middle East & North Africa
Panama,PAN,2009,98.75,10267.06,Latin America & Caribbean
Paraguay,PRY,2009,92.0,4727.6,Latin America & Caribbean
Peru,PER,2009,96.66,4801.17,Latin America & Caribbean
Poland,POL,2009,99.04,10446.53,Europe & Central Asia
Romania,ROU,2009,99.41,7924.87,Europe & Central Asia
Samoa,WSM,2009,99.86,3875.94,East Asia & Pacific
San Marino,SMR,2009,99.73,52873.27,Europe & Central Asia
Sao Tome and Principe,STP,2009,72.69,1225.61,Sub-Saharan Africa
Senegal,SEN,2009,79.33,1142.65,Sub-Saharan Africa
Serbia,SRB,2009,98.42,5578.01,Europe & Central Asia
Seychelles,SYC,2009,98.04,12116.38,Sub-Saharan Africa
Slovak Republic,SVK,2009,99.4,13680.75,Europe & Central Asia
Slovenia,SVN,2009,99.42,20307.62,Europe & Central Asia
Spain,ESP,2009,98.68,25860.81,Europe & Central Asia
St. Kitts and Nevis,KNA,2009,96.62,17671.25,Latin America & Caribbean
St. Lucia,LCA,2009,97.05,10219.8,Latin America & Caribbean
Sudan,SDN,2009,96.34,1301.35,Sub-Saharan Africa
Suriname,SUR,2009,69.67,8276.69,Latin America & Caribbean
Sweden,SWE,2009,99.76,45974.39,Europe & Central Asia
Switzerland,CHE,2009,99.91,79585.52,Europe & Central Asia
Syrian Arab Republic,SYR,2009,97.91,1484.41,Middle East & North Africa
Tajikistan,TJK,2009,98.78,739.21,Europe & Central Asia
Timor-Leste,TLS,2009,89.65,1120.1,East Asia & Pacific
Togo,TGO,2009,84.6,625.71,Sub-Saharan Africa
Trinidad and Tobago,TTO,2009,94.2,17461.96,Latin America & Caribbean
Tunisia,TUN,2009,99.07,3835.25,Middle East & North Africa
Uganda,UGA,2009,49.62,749.34,Sub-Saharan Africa
Ukraine,UKR,2009,99.73,2188.17,Europe & Central Asia
United Arab Emirates,ARE,2009,97.67,42672.2,Middle East & North Africa
Uruguay,URY,2009,81.29,13691.71,Latin America & Caribbean
Uzbekistan,UZB,2009,99.4,2025.04,Europe & Central Asia
Vanuatu,VUT,2009,89.44,2888.14,East Asia & Pacific
"Venezuela, RB",VEN,2009,97.81,4455.45,Latin America & Caribbean
West Bank and Gaza,PSE,2009,96.81,2840.02,Middle East & North Africa
Zambia,ZMB,2009,73.51,1110.72,Sub-Saharan Africa
Albania,ALB,2010,99.19,3579.82,Europe & Central Asia
Algeria,DZA,2010,98.57,4456.61,Middle East & North Africa
Angola,AGO,2010,52.48,3540.79,Sub-Saharan Africa
Argentina,ARG,2010,96.18,13387.16,Latin America & Caribbean
Austria,AUT,2010,99.95,43035.41,Europe & Central Asia
Azerbaijan,AZE,2010,98.72,5300.11,Europe & Central Asia
Bangladesh,BGD,2010,94.51,943.66,South Asia
Belarus,BLR,2010,98.44,5616.09,Europe & Central Asia
Belize,BLZ,2010,97.49,5937.75,Latin America & Caribbean
Benin,BEN,2010,78.35,928.25,Sub-Saharan Africa
Bermuda,BMU,2010,86.32,118382.91,North America
Bhutan,BTN,2010,99.6,2378.73,South Asia
Bolivia,BOL,2010,94.0,2481.41,Latin America & Caribbean
Brunei Darussalam,BRN,2010,99.95,33121.32,East Asia & Pacific
Bulgaria,BGR,2010,98.67,6428.72,Europe & Central Asia
Burundi,BDI,2010,71.25,253.31,Sub-Saharan Africa
Cabo Verde,CPV,2010,97.8,3194.62,Sub-Saharan Africa
Cambodia,KHM,2010,81.87,1155.85,East Asia & Pacific
Cameroon,CMR,2010,60.81,1290.9,Sub-Saharan Africa
Chad,TCD,2010,95.51,956.95,Sub-Saharan Africa
Chile,CHL,2010,96.53,11649.29,Latin America & Caribbean
Colombia,COL,2010,98.6,5214.25,Latin America & Caribbean
"Congo, Rep.",COG,2010,77.27,2332.29,Sub-Saharan Africa
Costa Rica,CRI,2010,92.91,10285.09,Latin America & Caribbean
Croatia,HRV,2010,99.49,11965.0,Europe & Central Asia
Cuba,CUB,2010,98.63,6716.49,Latin America & Caribbean
Cyprus,CYP,2010,99.43,26090.05,Europe & Central Asia
Czechia,CZE,2010,99.34,16665.93,Europe & Central Asia
Denmark,DNK,2010,99.87,51209.45,Europe & Central Asia
Dominica,DMA,2010,99.86,8574.27,Latin America & Caribbean
Dominican Republic,DOM,2010,94.59,5666.46,Latin America & Caribbean
Ecuador,ECU,2010,95.31,5022.2,Latin America & Caribbean
El Salvador,SLV,2010,96.32,3398.49,Latin America & Caribbean
Equatorial Guinea,GNQ,2010,97.24,10984.32,Sub-Saharan Africa
Eritrea,ERI,2010,96.32,703.88,Sub-Saharan Africa
Estonia,EST,2010,99.48,14657.94,Europe & Central Asia
Eswatini,SWZ,2010,96.18,3069.52,Sub-Saharan Africa
Ethiopia,ETH,2010,89.49,421.9,Sub-Saharan Africa
Finland,FIN,2010,99.97,43556.54,Europe & Central Asia
"Gambia, The",GMB,2010,86.42,701.01,Sub-Saharan Africa
Greece,GRC,2010,98.52,21547.72,Europe & Central Asia
Guatemala,GTM,2010,89.82,3546.63,Latin America & Caribbean
"Hong Kong SAR, China",HKG,2010,99.79,38090.02,East Asia & Pacific
Hungary,HUN,2010,99.68,11287.37,Europe & Central Asia
Iceland,ISL,2010,99.75,49528.49,Europe & Central Asia
India,IND,2010,91.99,1235.16,South Asia
"Iran, Islamic Rep.",IRN,2010,97.33,5249.06,Middle East & North Africa
Israel,ISR,2010,99.92,33344.72,Middle East & North Africa
Italy,ITA,2010,99.94,31928.55,Europe & Central Asia
Jamaica,JAM,2010,96.42,5271.57,Latin America & Caribbean
Jordan,JOR,2010,99.13,4621.57,Middle East & North Africa
Kazakhstan,KAZ,2010,99.96,8704.71,Europe & Central Asia
"Korea, Rep.",KOR,2010,99.98,26623.05,East Asia & Pacific
Kyrgyz Republic,KGZ,2010,98.18,962.76,Europe & Central Asia
Lao PDR,LAO,2010,82.81,1564.91,East Asia & Pacific
Latvia,LVA,2010,98.77,10500.87,Europe & Central Asia
Lebanon,LBN,2010,95.16,8955.54,Middle East & North Africa
Lesotho,LSO,2010,85.01,995.23,Sub-Saharan Africa
Lithuania,LTU,2010,98.8,10884.12,Europe & Central Asia
"Macao SAR, China",MAC,2010,99.41,74195.06,East Asia & Pacific
Madagascar,MDG,2010,79.81,447.42,Sub-Saharan Africa
Malawi,MWI,2010,89.05,508.09,Sub-Saharan Africa
Malaysia,MYS,2010,94.76,8118.92,East Asia & Pacific
Mali,MLI,2010,92.89,821.18,Sub-Saharan Africa
Malta,MLT,2010,97.5,20750.65,Middle East & North Africa
Mauritius,MUS,2010,85.84,8114.82,Sub-Saharan Africa
Mexico,MEX,2010,96.35,9389.07,Latin America & Caribbean
Moldova,MDA,2010,98.13,2269.51,Europe & Central Asia
Morocco,MAR,2010,88.43,2767.04,Middle East & North Africa
Mozambique,MOZ,2010,59.41,494.16,Sub-Saharan Africa
Niger,NER,2010,72.25,441.08,Sub-Saharan Africa
Norway,NOR,2010,99.8,72804.4,Europe & Central Asia
Pakistan,PAK,2010,74.85,1256.69,Middle East & North Africa
Panama,PAN,2010,98.89,10698.07,Latin America & Caribbean
Paraguay,PRY,2010,92.98,5191.05,Latin America & Caribbean
Peru,PER,2010,94.38,5167.39,Latin America & Caribbean
Poland,POL,2010,99.18,10808.4,Europe & Central Asia
Qatar,QAT,2010,99.97,72333.8,Middle East & North Africa
Romania,ROU,2010,99.53,7660.71,Europe & Central Asia
Samoa,WSM,2010,94.45,4081.16,East Asia & Pacific
San Marino,SMR,2010,98.8,49672.7,Europe & Central Asia
Sao Tome and Principe,STP,2010,97.22,1216.35,Sub-Saharan Africa
Senegal,SEN,2010,94.66,1153.53,Sub-Saharan Africa
Serbia,SRB,2010,99.95,5690.7,Europe & Central Asia
Seychelles,SYC,2010,96.62,12313.56,Sub-Saharan Africa
Slovak Republic,SVK,2010,99.29,14596.15,Europe & Central Asia
Slovenia,SVN,2010,99.98,20444.12,Europe & Central Asia
Solomon Islands,SLB,2010,89.98,2058.96,East Asia & Pacific
Sri Lanka,LKA,2010,98.74,2993.01,South Asia
St. Lucia,LCA,2010,97.76,10191.31,Latin America & Caribbean
St. Vincent and the Grenadines,VCT,2010,95.37,6678.04,Latin America & Caribbean
Suriname,SUR,2010,69.96,8603.91,Latin America & Caribbean
Sweden,SWE,2010,99.85,48205.55,Europe & Central Asia
Switzerland,CHE,2010,99.89,81315.42,Europe & Central Asia
Syrian Arab Republic,SYR,2010,98.51,1526.37,Middle East & North Africa
Tajikistan,TJK,2010,98.68,770.6,Europe & Central Asia
Timor-Leste,TLS,2010,94.81,1195.38,East Asia & Pacific
Togo,TGO,2010,91.14,644.56,Sub-Saharan Africa
Turkiye,TUR,2010,98.91,8472.58,Europe & Central Asia
Uganda,UGA,2010,62.34,768.62,Sub-Saharan Africa
Ukraine,UKR,2010,99.87,2285.93,Europe & Central Asia
United Arab Emirates,ARE,2010,95.77,42328.85,Middle East & North Africa
Uzbekistan,UZB,2010,99.03,2144.64,Europe & Central Asia
"Venezuela, RB",VEN,2010,99.51,4332.03,Latin America & Caribbean
Viet Nam,VNM,2010,100.0,2027.58,East Asia & Pacific
West Bank and Gaza,PSE,2010,97.25,2927.08,Middle East & North Africa
Zambia,ZMB,2010,60.58,1183.42,Sub-Saharan Africa
Albania,ALB,2011,99.49,3677.89,Europe & Central Asia
Algeria,DZA,2011,97.73,4501.35,Middle East & North Africa
Argentina,ARG,2011,96.62,14040.62,Latin America & Caribbean
Armenia,ARM,2011,97.79,2943.84,Europe & Central Asia
Austria,AUT,2011,99.84,44146.2,Europe & Central Asia
Azerbaijan,AZE,2011,99.04,5149.21,Europe & Central Asia
Bahrain,BHR,2011,99.79,23288.04,Middle East & North Africa
Belarus,BLR,2011,98.49,5941.69,Europe & Central Asia
Belize,BLZ,2011,98.88,5802.24,Latin America & Caribbean
Bermuda,BMU,2011,92.84,113937.84,North America
Bhutan,BTN,2011,98.88,2552.49,South Asia
Bolivia,BOL,2011,95.01,2568.52,Latin America & Caribbean
Brunei Darussalam,BRN,2011,99.6,33754.36,East Asia & Pacific
Bulgaria,BGR,2011,99.05,6605.31,Europe & Central Asia
Burkina Faso,BFA,2011,72.08,581.6,Sub-Saharan Africa
Burundi,BDI,2011,69.33,254.24,Sub-Saharan Africa
Cabo Verde,CPV,2011,97.23,3309.2,Sub-Saharan Africa
Cambodia,KHM,2011,81.02,1221.39,East Asia & Pacific
Cameroon,CMR,2011,65.12,1297.31,Sub-Saharan Africa
Cayman Islands,CYM,2011,92.72,78233.02,Latin America & Caribbean
Central African Republic,CAF,2011,75.43,532.38,Sub-Saharan Africa
Chad,TCD,2011,87.23,965.29,Sub-Saharan Africa
Chile,CHL,2011,97.39,12252.84,Latin America & Caribbean
Colombia,COL,2011,99.41,5517.1,Latin America & Caribbean
"Congo, Dem. Rep.",COD,2011,74.84,417.13,Sub-Saharan Africa
"Congo, Rep.",COG,2011,76.44,2307.49,Sub-Saharan Africa
Costa Rica,CRI,2011,94.03,10612.47,Latin America & Caribbean
Cote d'Ivoire,CIV,2011,73.48,1426.46,Sub-Saharan Africa
Croatia,HRV,2011,99.8,11993.07,Europe & Central Asia
Cuba,CUB,2011,99.03,6902.16,Latin America & Caribbean
Cyprus,CYP,2011,98.88,25538.78,Europe & Central Asia
Czechia,CZE,2011,99.2,16926.28,Europe & Central Asia
Denmark,DNK,2011,97.29,51667.53,Europe & Central Asia
Dominica,DMA,2011,99.94,8553.84,Latin America & Caribbean
Dominican Republic,DOM,2011,93.01,5773.57,Latin America & Caribbean
Ecuador,ECU,2011,96.83,5359.46,Latin America & Caribbean
El Salvador,SLV,2011,95.82,3514.07,Latin America & Caribbean
Equatorial Guinea,GNQ,2011,96.13,11203.91,Sub-Saharan Africa
Eritrea,ERI,2011,95.82,751.37,Sub-Saharan Africa
Estonia,EST,2011,99.61,15820.92,Europe & Central Asia
Eswatini,SWZ,2011,96.5,3108.7,Sub-Saharan Africa
Ethiopia,ETH,2011,98.35,455.91,Sub-Saharan Africa
Fiji,FJI,2011,94.25,4375.58,East Asia & Pacific
Finland,FIN,2011,99.87,44391.45,Europe & Central Asia
"Gambia, The",GMB,2011,92.35,625.46,Sub-Saharan Africa
Georgia,GEO,2011,98.58,3362.1,Europe & Central Asia
Ghana,GHA,2011,93.36,1537.82,Sub-Saharan Africa
Greece,GRC,2011,98.41,19448.26,Europe & Central Asia
Guatemala,GTM,2011,85.61,3621.37,Latin America & Caribbean
Guinea,GIN,2011,53.69,696.2,Sub-Saharan Africa
Honduras,HND,2011,68.45,2144.56,Latin America & Caribbean
"Hong Kong SAR, China",HKG,2011,99.95,39656.34,East Asia & Pacific
Iceland,ISL,2011,99.67,50058.83,Europe & Central Asia
Indonesia,IDN,2011,96.44,2799.62,East Asia & Pacific
"Iran, Islamic Rep.",IRN,2011,97.02,5321.76,Middle East & North Africa
Israel,ISR,2011,99.89,34540.67,Middle East & North Africa
Italy,ITA,2011,99.81,32039.5,Europe & Central Asia
Kazakhstan,KAZ,2011,100.0,9223.3,Europe & Central Asia
Kuwait,KWT,2011,99.36,33545.35,Middle East & North Africa
Kyrgyz Republic,KGZ,2011,98.9,1005.48,Europe & Central Asia
Lao PDR,LAO,2011,84.47,1666.4,East Asia & Pacific
Latvia,LVA,2011,99.0,11018.52,Europe & Central Asia
Lebanon,LBN,2011,96.35,8936.2,Middle East & North Africa
Lesotho,LSO,2011,85.61,1032.0,Sub-Saharan Africa
Lithuania,LTU,2011,99.39,11836.72,Europe & Central Asia
"Macao SAR, China",MAC,2011,99.88,88168.97,East Asia & Pacific
Madagascar,MDG,2011,78.5,441.76,Sub-Saharan Africa
Malawi,MWI,2011,86.4,517.83,Sub-Saharan Africa
Malaysia,MYS,2011,92.97,8400.32,East Asia & Pacific
Maldives,MDV,2011,99.16,9005.81,South Asia
Malta,MLT,2011,99.4,20867.93,Middle East & North Africa
Mauritania,MRT,2011,57.5,1472.55,Sub-Saharan Africa
Mauritius,MUS,2011,87.68,8432.19,Sub-Saharan Africa
Mexico,MEX,2011,96.86,9575.93,Latin America & Caribbean
Moldova,MDA,2011,98.42,2402.94,Europe & Central Asia
Morocco,MAR,2011,88.62,2879.54,Middle East & North Africa
Mozambique,MOZ,2011,57.42,514.87,Sub-Saharan Africa
Niger,NER,2011,64.01,434.99,Sub-Saharan Africa
Norway,NOR,2011,99.72,72660.68,Europe & Central Asia
Oman,OMN,2011,99.64,20993.91,Middle East & North Africa
Pakistan,PAK,2011,80.15,1261.83,Middle East & North Africa
Panama,PAN,2011,98.77,11761.5,Latin America & Caribbean
Paraguay,PRY,2011,94.46,5342.19,Latin America & Caribbean
Peru,PER,2011,90.86,5453.46,Latin America & Caribbean
Romania,ROU,2011,99.34,8044.57,Europe & Central Asia
Russian Federation,RUS,2011,100.0,9120.82,Europe & Central Asia
Rwanda,RWA,2011,79.3,614.54,Sub-Saharan Africa
Samoa,WSM,2011,97.65,4201.46,East Asia & Pacific
San Marino,SMR,2011,98.92,46450.03,Europe & Central Asia
Saudi Arabia,SAU,2011,96.76,23314.56,Middle East & North Africa
Senegal,SEN,2011,92.87,1139.74,Sub-Saharan Africa
Serbia,SRB,2011,99.74,5737.0,Europe & Central Asia
Sierra Leone,SLE,2011,79.29,950.76,Sub-Saharan Africa
Slovak Republic,SVK,2011,99.25,14950.87,Europe & Central Asia
Slovenia,SVN,2011,99.84,20535.42,Europe & Central Asia
Solomon Islands,SLB,2011,89.07,2132.03,East Asia & Pacific
Sri Lanka,LKA,2011,98.46,3232.37,South Asia
St. Lucia,LCA,2011,95.98,10576.9,Latin America & Caribbean
Suriname,SUR,2011,72.6,9003.29,Latin America & Caribbean
Sweden,SWE,2011,99.85,49356.59,Europe & Central Asia
Switzerland,CHE,2011,99.91,81874.34,Europe & Central Asia
Syrian Arab Republic,SYR,2011,97.87,1542.72,Middle East & North Africa
Tajikistan,TJK,2011,98.91,809.37,Europe & Central Asia
Timor-Leste,TLS,2011,90.36,1237.48,East Asia & Pacific
Turkiye,TUR,2011,99.04,9265.86,Europe & Central Asia
Uganda,UGA,2011,63.63,816.52,Sub-Saharan Africa
Ukraine,UKR,2011,99.75,2418.12,Europe & Central Asia
United Arab Emirates,ARE,2011,99.42,43687.78,Middle East & North Africa
Uzbekistan,UZB,2011,99.43,2271.01,Europe & Central Asia
"Venezuela, RB",VEN,2011,98.76,4455.41,Latin America & Caribbean
Viet Nam,VNM,2011,100.0,2132.9,East Asia & Pacific
West Bank and Gaza,PSE,2011,98.3,3128.11,Middle East & North Africa
Albania,ALB,2012,99.75,3771.85,Europe & Central Asia
Algeria,DZA,2012,98.52,4518.44,Middle East & North Africa
Argentina,ARG,2012,96.84,13754.43,Latin America & Caribbean
Austria,AUT,2012,99.94,44221.46,Europe & Central Asia
Azerbaijan,AZE,2012,99.09,5193.18,Europe & Central Asia
Bahrain,BHR,2012,99.93,23894.88,Middle East & North Africa
Belarus,BLR,2012,98.11,6052.64,Europe & Central Asia
Belize,BLZ,2012,95.26,5902.74,Latin America & Caribbean
Benin,BEN,2012,88.7,943.92,Sub-Saharan Africa
Bhutan,BTN,2012,96.29,2654.75,South Asia
Bolivia,BOL,2012,96.51,2657.24,Latin America & Caribbean
Botswana,BWA,2012,97.47,5742.92,Sub-Saharan Africa
Brunei Darussalam,BRN,2012,99.74,33544.54,East Asia & Pacific
Bulgaria,BGR,2012,99.3,6693.43,Europe & Central Asia
Burkina Faso,BFA,2012,68.2,600.73,Sub-Saharan Africa
Burundi,BDI,2012,75.67,256.18,Sub-Saharan Africa
Cabo Verde,CPV,2012,96.05,3341.74,Sub-Saharan Africa
Cambodia,KHM,2012,80.2,1295.25,East Asia & Pacific
Cayman Islands,CYM,2012,96.55,77074.39,Latin America & Caribbean
Chad,TCD,2012,95.01,1016.42,Sub-Saharan Africa
Chile,CHL,2012,97.35,12882.83,Latin America & Caribbean
Colombia,COL,2012,96.66,5675.76,Latin America & Caribbean
"Congo, Dem. Rep.",COD,2012,72.3,438.41,Sub-Saharan Africa
Costa Rica,CRI,2012,84.38,11001.52,Latin America & Caribbean
Cuba,CUB,2012,98.83,7109.25,Latin America & Caribbean
Cyprus,CYP,2012,99.54,24285.5,Europe & Central Asia
Czechia,CZE,2012,99.68,16772.35,Europe & Central Asia
Denmark,DNK,2012,99.92,51470.69,Europe & Central Asia
Dominica,DMA,2012,94.88,8532.34,Latin America & Caribbean
Dominican Republic,DOM,2012,94.92,5860.3,Latin America & Caribbean
Ecuador,ECU,2012,99.14,5579.86,Latin America & Caribbean
El Salvador,SLV,2012,93.73,3601.44,Latin America & Caribbean
Estonia,EST,2012,99.55,16460.68,Europe & Central Asia
Eswatini,SWZ,2012,99.01,3218.5,Sub-Saharan Africa
Finland,FIN,2012,99.93,43507.93,Europe & Central Asia
"Gambia, The",GMB,2012,93.34,639.14,Sub-Saharan Africa
Georgia,GEO,2012,99.96,3609.78,Europe & Central Asia
Germany,DEU,2012,99.34,40834.51,Europe & Central Asia
Ghana,GHA,2012,88.37,1640.54,Sub-Saharan Africa
Greece,GRC,2012,99.04,17924.66,Europe & Central Asia
Guatemala,GTM,2012,92.46,3655.57,Latin America & Caribbean
Guinea,GIN,2012,54.69,719.51,Sub-Saharan Africa
Honduras,HND,2012,58.85,2188.39,Latin America & Caribbean
"Hong Kong SAR, China",HKG,2012,99.96,39887.83,East Asia & Pacific
Hungary,HUN,2012,99.33,11440.76,Europe & Central Asia
Indonesia,IDN,2012,91.65,2930.52,East Asia & Pacific
Israel,ISR,2012,99.71,34738.66,Middle East & North Africa
Italy,ITA,2012,99.9,30953.41,Europe & Central Asia
Jamaica,JAM,2012,90.29,5284.01,Latin America & Caribbean
Kazakhstan,KAZ,2012,99.92,9531.91,Europe & Central Asia
"Korea, Rep.",KOR,2012,99.8,27944.06,East Asia & Pacific
Kuwait,KWT,2012,98.33,33578.33,Middle East & North Africa
Kyrgyz Republic,KGZ,2012,99.7,985.85,Europe & Central Asia
Lao PDR,LAO,2012,86.72,1774.64,East Asia & Pacific
Latvia,LVA,2012,97.9,11971.01,Europe & Central Asia
Lebanon,LBN,2012,98.33,8920.81,Middle East & North Africa
Lesotho,LSO,2012,84.71,1086.39,Sub-Saharan Africa
Lithuania,LTU,2012,99.3,12516.62,Europe & Central Asia
"Macao SAR, China",MAC,2012,99.51,93192.89,East Asia & Pacific
Madagascar,MDG,2012,72.86,442.64,Sub-Saharan Africa
Malaysia,MYS,2012,90.75,8710.53,East Asia & Pacific
Maldives,MDV,2012,96.5,8907.66,South Asia
Mali,MLI,2012,79.87,786.32,Sub-Saharan Africa
Malta,MLT,2012,98.96,21529.4,Middle East & North Africa
Mauritius,MUS,2012,78.11,8702.82,Sub-Saharan Africa
Mexico,MEX,2012,96.55,9782.52,Latin America & Caribbean
Moldova,MDA,2012,97.84,2389.09,Europe & Central Asia
Morocco,MAR,2012,90.37,2927.45,Middle East & North Africa
Mozambique,MOZ,2012,60.52,540.29,Sub-Saharan Africa
Namibia,NAM,2012,95.97,4420.97,Sub-Saharan Africa
Nepal,NPL,2012,86.22,775.31,South Asia
Niger,NER,2012,69.68,463.07,Sub-Saharan Africa
Norway,NOR,2012,99.25,73661.68,Europe & Central Asia
Oman,OMN,2012,99.68,19824.12,Middle East & North Africa
Pakistan,PAK,2012,77.05,1275.49,Middle East & North Africa
Peru,PER,2012,99.15,5740.04,Latin America & Caribbean
Poland,POL,2012,99.3,11542.24,Europe & Central Asia
Qatar,QAT,2012,99.7,80621.76,Middle East & North Africa
Russian Federation,RUS,2012,100.0,9464.01,Europe & Central Asia
Rwanda,RWA,2012,74.93,651.85,Sub-Saharan Africa
Sao Tome and Principe,STP,2012,83.54,1225.69,Sub-Saharan Africa
Saudi Arabia,SAU,2012,99.3,23643.04,Middle East & North Africa
Senegal,SEN,2012,91.96,1154.06,Sub-Saharan Africa
Serbia,SRB,2012,99.66,5739.31,Europe & Central Asia
Seychelles,SYC,2012,94.96,14135.0,Sub-Saharan Africa
Sierra Leone,SLE,2012,87.96,1025.04,Sub-Saharan Africa
Slovak Republic,SVK,2012,99.25,15159.66,Europe & Central Asia
Slovenia,SVN,2012,99.73,19894.87,Europe & Central Asia
Sri Lanka,LKA,2012,99.72,3484.79,South Asia
St. Kitts and Nevis,KNA,2012,99.53,17770.5,Latin America & Caribbean
St. Lucia,LCA,2012,94.01,10517.28,Latin America & Caribbean
St. Vincent and the Grenadines,VCT,2012,99.95,6790.68,Latin America & Caribbean
Sudan,SDN,2012,95.85,1288.26,Sub-Saharan Africa
Suriname,SUR,2012,73.24,9140.93,Latin America & Caribbean
Sweden,SWE,2012,99.93,48789.79,Europe & Central Asia
Switzerland,CHE,2012,99.84,81964.89,Europe & Central Asia
Syrian Arab Republic,SYR,2012,57.26,1142.29,Middle East & North Africa
Tanzania,TZA,2012,56.31,851.91,Sub-Saharan Africa
Timor-Leste,TLS,2012,89.45,1269.42,East Asia & Pacific
Togo,TGO,2012,84.29,687.5,Sub-Saharan Africa
Tunisia,TUN,2012,92.76,3900.05,Middle East & North Africa
Turkiye,TUR,2012,90.81,9588.32,Europe & Central Asia
Uganda,UGA,2012,64.42,823.58,Sub-Saharan Africa
Ukraine,UKR,2012,99.82,2426.93,Europe & Central Asia
United Arab Emirates,ARE,2012,98.39,43958.57,Middle East & North Africa
Uzbekistan,UZB,2012,99.29,2395.84,Europe & Central Asia
"Venezuela, RB",VEN,2012,99.48,4647.37,Latin America & Caribbean
Viet Nam,VNM,2012,93.35,2224.11,East Asia & Pacific
West Bank and Gaza,PSE,2012,97.92,3237.92,Middle East & North Africa
"Yemen, Rep.",YEM,2012,90.46,1981.46,Middle East & North Africa
Zambia,ZMB,2012,63.92,1258.79,Sub-Saharan Africa
Zimbabwe,ZWE,2012,77.9,1360.15,Sub-Saharan Africa
Albania,ALB,2013,99.81,3895.9,Europe & Central Asia
Algeria,DZA,2013,99.39,4543.23,Middle East & North Africa
Argentina,ARG,2013,97.32,13946.1,Latin America & Caribbean
Armenia,ARM,2013,96.98,3266.3,Europe & Central Asia
Austria,AUT,2013,99.98,43851.37,Europe & Central Asia
Azerbaijan,AZE,2013,99.07,5426.0,Europe & Central Asia
Bahrain,BHR,2013,99.83,24271.63,Middle East & North Africa
Belarus,BLR,2013,98.31,6115.43,Europe & Central Asia
Belize,BLZ,2013,97.9,6013.08,Latin America & Caribbean
Benin,BEN,2013,85.47,982.4,Sub-Saharan Africa
Bhutan,BTN,2013,99.01,2671.07,South Asia
Bolivia,BOL,2013,96.29,2793.51,Latin America & Caribbean
Brunei Darussalam,BRN,2013,99.73,32381.07,East Asia & Pacific
Bulgaria,BGR,2013,99.6,6792.74,Europe & Central Asia
Burkina Faso,BFA,2013,68.74,616.74,Sub-Saharan Africa
Burundi,BDI,2013,77.23,259.31,Sub-Saharan Africa
Cabo Verde,CPV,2013,96.33,3361.09,Sub-Saharan Africa
Cambodia,KHM,2013,79.66,1376.3,East Asia & Pacific
Chile,CHL,2013,97.31,13182.73,Latin America & Caribbean
Colombia,COL,2013,98.4,5910.81,Latin America & Caribbean
Comoros,COM,2013,92.62,1343.55,Sub-Saharan Africa
Costa Rica,CRI,2013,84.84,11151.14,Latin America & Caribbean
Cote d'Ivoire,CIV,2013,87.98,1632.33,Sub-Saharan Africa
Cuba,CUB,2013,99.09,7307.82,Latin America & Caribbean
Cyprus,CYP,2013,99.38,22711.72,Europe & Central Asia
Czechia,CZE,2013,99.71,16759.78,Europe & Central Asia
Denmark,DNK,2013,99.97,51970.39,Europe & Central Asia
Djibouti,DJI,2013,99.44,2140.14,Middle East & North Africa
Dominica,DMA,2013,96.44,8459.66,Latin America & Caribbean
Dominican Republic,DOM,2013,97.37,6075.03,Latin America & Caribbean
Ecuador,ECU,2013,99.95,5893.32,Latin America & Caribbean
El Salvador,SLV,2013,93.14,3665.15,Latin America & Caribbean
Estonia,EST,2013,99.4,16809.53,Europe & Central Asia
Eswatini,SWZ,2013,97.77,3332.12,Sub-Saharan Africa
Finland,FIN,2013,99.92,42883.64,Europe & Central Asia
"Gambia, The",GMB,2013,94.42,638.52,Sub-Saharan Africa
Georgia,GEO,2013,99.67,3806.51,Europe & Central Asia
Germany,DEU,2013,99.69,40884.89,Europe & Central Asia
Ghana,GHA,2013,88.56,1718.6,Sub-Saharan Africa
Greece,GRC,2013,98.89,17644.88,Europe & Central Asia
Grenada,GRD,2013,97.51,7688.75,Latin America & Caribbean
Guatemala,GTM,2013,85.24,3717.3,Latin America & Caribbean
Guinea,GIN,2013,68.79,729.83,Sub-Saharan Africa
Honduras,HND,2013,72.07,2205.4,Latin America & Caribbean
"Hong Kong SAR, China",HKG,2013,99.75,40959.98,East Asia & Pacific
Hungary,HUN,2013,99.61,11729.57,Europe & Central Asia
India,IND,2013,91.17,1399.45,South Asia
Israel,ISR,2013,99.99,35489.51,Middle East & North Africa
Italy,ITA,2013,99.88,30330.02,Europe & Central Asia
Jamaica,JAM,2013,94.37,5289.88,Latin America & Caribbean
Japan,JPN,2013,100.0,34239.89,East Asia & Pacific
Jordan,JOR,2013,98.79,4556.52,Middle East & North Africa
Kazakhstan,KAZ,2013,99.75,9959.73,Europe & Central Asia
"Korea, Rep.",KOR,2013,99.69,28732.71,East Asia & Pacific
Kyrgyz Republic,KGZ,2013,99.72,1069.78,Europe & Central Asia
Lao PDR,LAO,2013,90.18,1890.28,East Asia & Pacific
Latvia,LVA,2013,98.34,12353.54,Europe & Central Asia
Lebanon,LBN,2013,99.16,8443.54,Middle East & North Africa
Lesotho,LSO,2013,84.9,1093.95,Sub-Saharan Africa
Lithuania,LTU,2013,99.27,13145.81,Europe & Central Asia
"Macao SAR, China",MAC,2013,99.45,99054.5,East Asia & Pacific
Madagascar,MDG,2013,75.86,440.67,Sub-Saharan Africa
Malaysia,MYS,2013,89.05,8964.81,East Asia & Pacific
Mali,MLI,2013,85.06,788.82,Sub-Saharan Africa
Malta,MLT,2013,97.8,22626.5,Middle East & North Africa
Mauritania,MRT,2013,58.19,1502.9,Sub-Saharan Africa
Mauritius,MUS,2013,90.24,8973.52,Sub-Saharan Africa
Mexico,MEX,2013,96.77,9738.71,Latin America & Caribbean
Moldova,MDA,2013,98.29,2605.85,Europe & Central Asia
Morocco,MAR,2013,88.68,3008.19,Middle East & North Africa
Mozambique,MOZ,2013,61.48,559.39,Sub-Saharan Africa
Nepal,NPL,2013,87.51,801.04,South Asia
Niger,NER,2013,64.82,469.69,Sub-Saharan Africa
Norway,NOR,2013,99.97,73515.91,Europe & Central Asia
Oman,OMN,2013,99.9,19299.94,Middle East & North Africa
Pakistan,PAK,2013,81.33,1309.7,Middle East & North Africa
Palau,PLW,2013,96.81,14331.34,East Asia & Pacific
Peru,PER,2013,94.47,6021.46,Latin America & Caribbean
Poland,POL,2013,99.37,11628.23,Europe & Central Asia
Qatar,QAT,2013,99.76,76486.92,Middle East & North Africa
Russian Federation,RUS,2013,99.82,9601.54,Europe & Central Asia
Rwanda,RWA,2013,71.83,666.41,Sub-Saharan Africa
Sao Tome and Principe,STP,2013,92.95,1263.7,Sub-Saharan Africa
Saudi Arabia,SAU,2013,96.34,23057.35,Middle East & North Africa
Senegal,SEN,2013,90.88,1147.39,Sub-Saharan Africa
Serbia,SRB,2013,99.87,5793.34,Europe & Central Asia
Seychelles,SYC,2013,99.73,14050.31,Sub-Saharan Africa
Slovak Republic,SVK,2013,99.2,15249.88,Europe & Central Asia
Slovenia,SVN,2013,99.73,19704.22,Europe & Central Asia
Spain,ESP,2013,99.99,24498.56,Europe & Central Asia
Sri Lanka,LKA,2013,99.73,3728.94,South Asia
St. Kitts and Nevis,KNA,2013,99.37,18773.89,Latin America & Caribbean
St. Lucia,LCA,2013,97.04,10279.42,Latin America & Caribbean
St. Vincent and the Grenadines,VCT,2013,99.39,6996.57,Latin America & Caribbean
Sudan,SDN,2013,94.4,1283.46,Sub-Saharan Africa
Suriname,SUR,2013,70.04,9303.46,Latin America & Caribbean
Sweden,SWE,2013,99.99,48928.5,Europe & Central Asia
Switzerland,CHE,2013,99.9,82479.92,Europe & Central Asia
Tajikistan,TJK,2013,99.03,889.88,Europe & Central Asia
Timor-Leste,TLS,2013,91.38,1281.93,East Asia & Pacific
Togo,TGO,2013,80.05,709.09,Sub-Saharan Africa
Tunisia,TUN,2013,97.57,3947.59,Middle East & North Africa
Uganda,UGA,2013,62.46,828.99,Sub-Saharan Africa
Ukraine,UKR,2013,99.92,2432.42,Europe & Central Asia
United Arab Emirates,ARE,2013,99.93,44312.63,Middle East & North Africa
Uzbekistan,UZB,2013,99.51,2530.68,Europe & Central Asia
"Venezuela, RB",VEN,2013,99.59,4653.36,Latin America & Caribbean
Viet Nam,VNM,2013,87.11,2320.08,East Asia & Pacific
West Bank and Gaza,PSE,2013,99.45,3309.63,Middle East & North Africa
Albania,ALB,2014,99.08,4045.12,Europe & Central Asia
Algeria,DZA,2014,99.0,4634.1,Middle East & North Africa
Argentina,ARG,2014,97.41,13456.13,Latin America & Caribbean
Armenia,ARM,2014,99.9,3393.09,Europe & Central Asia
Austria,AUT,2014,99.93,43838.83,Europe & Central Asia
Azerbaijan,AZE,2014,99.45,5508.6,Europe & Central Asia
Bahrain,BHR,2014,99.88,24135.5,Middle East & North Africa
Belarus,BLR,2014,98.39,6212.92,Europe & Central Asia
Belize,BLZ,2014,96.36,6116.5,Latin America & Caribbean
Benin,BEN,2014,87.57,1014.43,Sub-Saharan Africa
Bermuda,BMU,2014,50.78,103941.98,North America
Bolivia,BOL,2014,96.97,2900.9,Latin America & Caribbean
Bosnia and Herzegovina,BIH,2014,99.49,4412.68,Europe & Central Asia
Brunei Darussalam,BRN,2014,99.38,31148.73,East Asia & Pacific
Bulgaria,BGR,2014,99.25,6941.02,Europe & Central Asia
Burkina Faso,BFA,2014,76.55,624.58,Sub-Saharan Africa
Burundi,BDI,2014,79.6,261.3,Sub-Saharan Africa
Cabo Verde,CPV,2014,98.2,3383.84,Sub-Saharan Africa
Cambodia,KHM,2014,81.7,1464.53,East Asia & Pacific
Cameroon,CMR,2014,67.9,1381.82,Sub-Saharan Africa
Chile,CHL,2014,97.4,13285.95,Latin America & Caribbean
Colombia,COL,2014,98.3,6121.84,Latin America & Caribbean
Costa Rica,CRI,2014,83.64,11422.67,Latin America & Caribbean
Cote d'Ivoire,CIV,2014,92.68,1742.54,Sub-Saharan Africa
Cuba,CUB,2014,98.37,7392.48,Latin America & Caribbean
Cyprus,CYP,2014,99.36,22373.58,Europe & Central Asia
Czechia,CZE,2014,99.98,17118.04,Europe & Central Asia
Denmark,DNK,2014,100.0,52368.36,Europe & Central Asia
Djibouti,DJI,2014,80.24,2253.14,Middle East & North Africa
Dominica,DMA,2014,96.16,8576.26,Latin America & Caribbean
Dominican Republic,DOM,2014,95.27,6430.28,Latin America & Caribbean
Ecuador,ECU,2014,95.7,6055.04,Latin America & Caribbean
El Salvador,SLV,2014,93.43,3713.95,Latin America & Caribbean
Estonia,EST,2014,99.33,17413.69,Europe & Central Asia
Eswatini,SWZ,2014,99.35,3381.79,Sub-Saharan Africa
Ethiopia,ETH,2014,91.44,556.36,Sub-Saharan Africa
Finland,FIN,2014,99.85,42502.49,Europe & Central Asia
Georgia,GEO,2014,99.58,3960.35,Europe & Central Asia
Germany,DEU,2014,99.63,41602.47,Europe & Central Asia
Ghana,GHA,2014,98.24,1726.37,Sub-Saharan Africa
Greece,GRC,2014,99.57,17903.53,Europe & Central Asia
Guatemala,GTM,2014,84.28,3809.62,Latin America & Caribbean
"Hong Kong SAR, China",HKG,2014,99.8,41796.87,East Asia & Pacific
Hungary,HUN,2014,99.64,12287.38,Europe & Central Asia
India,IND,2014,90.32,1484.32,South Asia
Israel,ISR,2014,99.73,36129.31,Middle East & North Africa
Italy,ITA,2014,99.93,30325.03,Europe & Central Asia
Jamaica,JAM,2014,90.67,5307.19,Latin America & Caribbean
Kazakhstan,KAZ,2014,99.69,10226.71,Europe & Central Asia
Kenya,KEN,2014,98.77,1450.59,Sub-Saharan Africa
"Korea, Rep.",KOR,2014,99.64,29470.67,East Asia & Pacific
Kyrgyz Republic,KGZ,2014,99.21,1088.58,Europe & Central Asia
Lao PDR,LAO,2014,89.1,2006.31,East Asia & Pacific
Latvia,LVA,2014,98.38,12731.68,Europe & Central Asia
Lebanon,LBN,2014,89.36,7830.42,Middle East & North Africa
Lesotho,LSO,2014,86.6,1100.05,Sub-Saharan Africa
Liberia,LBR,2014,79.38,707.16,Sub-Saharan Africa
Lithuania,LTU,2014,99.52,13753.19,Europe & Central Asia
"Macao SAR, China",MAC,2014,99.69,92383.84,East Asia & Pacific
Madagascar,MDG,2014,76.04,443.34,Sub-Saharan Africa
Malaysia,MYS,2014,87.53,9341.73,East Asia & Pacific
Mali,MLI,2014,77.94,813.98,Sub-Saharan Africa
Malta,MLT,2014,96.79,23866.07,Middle East & North Africa
Mauritania,MRT,2014,59.21,1520.65,Sub-Saharan Africa
Mauritius,MUS,2014,85.85,9300.08,Sub-Saharan Africa
Mexico,MEX,2014,97.06,9862.48,Latin America & Caribbean
Moldova,MDA,2014,97.94,2737.8,Europe & Central Asia
Morocco,MAR,2014,87.4,3051.46,Middle East & North Africa
Mozambique,MOZ,2014,63.57,585.27,Sub-Saharan Africa
Nepal,NPL,2014,87.3,846.67,South Asia
North Macedonia,MKD,2014,99.86,5053.75,Europe & Central Asia
Norway,NOR,2014,99.93,74180.32,Europe & Central Asia
Oman,OMN,2014,99.36,18726.2,Middle East & North Africa
Peru,PER,2014,95.45,6103.92,Latin America & Caribbean
Philippines,PHL,2014,97.45,2776.92,East Asia & Pacific
Poland,POL,2014,99.47,12093.16,Europe & Central Asia
Puerto Rico (US),PRI,2014,98.02,29141.2,Latin America & Caribbean
Qatar,QAT,2014,99.5,71756.03,Middle East & North Africa
Russian Federation,RUS,2014,99.92,9493.81,Europe & Central Asia
Rwanda,RWA,2014,68.46,690.61,Sub-Saharan Africa
Samoa,WSM,2014,99.23,3967.24,East Asia & Pacific
Saudi Arabia,SAU,2014,89.02,23404.73,Middle East & North Africa
Senegal,SEN,2014,90.0,1180.8,Sub-Saharan Africa
Serbia,SRB,2014,99.5,5716.54,Europe & Central Asia
Seychelles,SYC,2014,99.14,14395.62,Sub-Saharan Africa
Slovak Republic,SVK,2014,99.08,15647.65,Europe & Central Asia
Slovenia,SVN,2014,99.9,20228.71,Europe & Central Asia
South Africa,ZAF,2014,97.3,6155.01,Sub-Saharan Africa
Spain,ESP,2014,99.88,24947.85,Europe & Central Asia
Sri Lanka,LKA,2014,99.72,3929.92,South Asia
St. Kitts and Nevis,KNA,2014,99.77,20187.81,Latin America & Caribbean
St. Vincent and the Grenadines,VCT,2014,99.19,7116.22,Latin America & Caribbean
Sudan,SDN,2014,94.25,1307.39,Sub-Saharan Africa
Suriname,SUR,2014,69.73,9224.24,Latin America & Caribbean
Sweden,SWE,2014,99.93,49557.62,Europe & Central Asia
Switzerland,CHE,2014,99.88,83394.37,Europe & Central Asia
Tajikistan,TJK,2014,99.27,925.97,Europe & Central Asia
Timor-Leste,TLS,2014,94.32,1312.96,East Asia & Pacific
Togo,TGO,2014,85.32,730.29,Sub-Saharan Africa
Tunisia,TUN,2014,88.89,4021.6,Middle East & North Africa
Turkiye,TUR,2014,99.53,10597.98,Europe & Central Asia
Tuvalu,TUV,2014,99.51,3035.24,East Asia & Pacific
Uganda,UGA,2014,53.88,845.98,Sub-Saharan Africa
Ukraine,UKR,2014,88.52,2308.64,Europe & Central Asia
Uzbekistan,UZB,2014,99.45,2659.99,Europe & Central Asia
"Venezuela, RB",VEN,2014,98.57,4421.61,Latin America & Caribbean
Viet Nam,VNM,2014,94.02,2439.29,East Asia & Pacific
West Bank and Gaza,PSE,2014,98.65,3227.85,Middle East & North Africa
Afghanistan,AFG,2015,86.27,565.57,Middle East & North Africa
Albania,ALB,2015,98.07,4199.54,Europe & Central Asia
Algeria,DZA,2015,98.92,4685.06,Middle East & North Africa
Argentina,ARG,2015,99.49,13679.63,Latin America & Caribbean
Armenia,ARM,2015,98.48,3512.39,Europe & Central Asia
Austria,AUT,2015,99.92,43915.23,Europe & Central Asia
Azerbaijan,AZE,2015,99.42,5500.5,Europe & Central Asia
Bahrain,BHR,2015,99.99,23734.06,Middle East & North Africa
Belarus,BLR,2015,98.08,5967.06,Europe & Central Asia
Belize,BLZ,2015,96.78,6154.62,Latin America & Caribbean
Benin,BEN,2015,83.76,1002.42,Sub-Saharan Africa
Bolivia,BOL,2015,97.2,2996.01,Latin America & Caribbean
Bosnia and Herzegovina,BIH,2015,98.88,4662.26,Europe & Central Asia
Bulgaria,BGR,2015,98.7,7268.65,Europe & Central Asia
Burkina Faso,BFA,2015,77.55,630.12,Sub-Saharan Africa
Burundi,BDI,2015,86.77,254.4,Sub-Saharan Africa
Cabo Verde,CPV,2015,97.65,3415.06,Sub-Saharan Africa
Cambodia,KHM,2015,85.04,1547.32,East Asia & Pacific
Cameroon,CMR,2015,66.49,1415.0,Sub-Saharan Africa
Chad,TCD,2015,73.99,993.99,Sub-Saharan Africa
Chile,CHL,2015,97.58,13433.92,Latin America & Caribbean
Costa Rica,CRI,2015,84.65,11714.71,Latin America & Caribbean
Cote d'Ivoire,CIV,2015,91.98,1814.72,Sub-Saharan Africa
Croatia,HRV,2015,99.1,12283.78,Europe & Central Asia
Cuba,CUB,2015,98.81,7727.92,Latin America & Caribbean
Cyprus,CYP,2015,98.4,23088.44,Europe & Central Asia
Czechia,CZE,2015,99.96,17931.6,Europe & Central Asia
Denmark,DNK,2015,99.95,53094.01,Europe & Central Asia
Djibouti,DJI,2015,76.16,2376.13,Middle East & North Africa
Dominican Republic,DOM,2015,92.53,6800.95,Latin America & Caribbean
Ecuador,ECU,2015,98.64,5976.16,Latin America & Caribbean
El Salvador,SLV,2015,92.59,3790.34,Latin America & Caribbean
Estonia,EST,2015,99.73,17722.16,Europe & Central Asia
Eswatini,SWZ,2015,98.62,3419.82,Sub-Saharan Africa
Fiji,FJI,2015,98.02,5097.53,East Asia & Pacific
Finland,FIN,2015,99.99,42560.35,Europe & Central Asia
Georgia,GEO,2015,99.82,4086.62,Europe & Central Asia
Germany,DEU,2015,99.91,41929.75,Europe & Central Asia
Greece,GRC,2015,97.13,17980.73,Europe & Central Asia
Guatemala,GTM,2015,89.47,3893.51,Latin America & Caribbean
Honduras,HND,2015,70.96,2271.2,Latin America & Caribbean
"Hong Kong SAR, China",HKG,2015,99.63,42432.16,East Asia & Pacific
Hungary,HUN,2015,99.84,12782.94,Europe & Central Asia
India,IND,2015,90.84,1584.0,South Asia
Israel,ISR,2015,99.69,36213.1,Middle East & North Africa
Italy,ITA,2015,99.93,30639.88,Europe & Central Asia
Japan,JPN,2015,99.97,34960.64,East Asia & Pacific
Kazakhstan,KAZ,2015,99.93,10196.12,Europe & Central Asia
Kenya,KEN,2015,99.22,1489.12,Sub-Saharan Africa
Kiribati,KIR,2015,96.34,1639.85,East Asia & Pacific
"Korea, Rep.",KOR,2015,99.65,30171.79,East Asia & Pacific
Kuwait,KWT,2015,99.68,29882.21,Middle East & North Africa
Kyrgyz Republic,KGZ,2015,99.69,1105.65,Europe & Central Asia
Lao PDR,LAO,2015,88.37,2121.01,East Asia & Pacific
Latvia,LVA,2015,98.9,13321.98,Europe & Central Asia
Lebanon,LBN,2015,95.36,7714.11,Middle East & North Africa
Lesotho,LSO,2015,87.53,1121.2,Sub-Saharan Africa
Liechtenstein,LIE,2015,96.74,167187.16,Europe & Central Asia
Lithuania,LTU,2015,99.7,14269.8,Europe & Central Asia
Madagascar,MDG,2015,73.23,445.32,Sub-Saharan Africa
Malaysia,MYS,2015,87.19,9648.68,East Asia & Pacific
Maldives,MDV,2015,99.55,9644.91,South Asia
Mali,MLI,2015,78.93,838.12,Sub-Saharan Africa
Malta,MLT,2015,98.59,25529.68,Middle East & North Africa
Mauritius,MUS,2015,85.86,9630.54,Sub-Saharan Africa
Mexico,MEX,2015,96.22,10021.24,Latin America & Caribbean
Moldova,MDA,2015,98.22,2749.55,Europe & Central Asia
Montenegro,MNE,2015,96.63,6421.0,Europe & Central Asia
Morocco,MAR,2015,88.73,3146.25,Middle East & North Africa
Mozambique,MOZ,2015,73.91,610.56,Sub-Saharan Africa
Nepal,NPL,2015,87.47,875.54,South Asia
Niger,NER,2015,58.27,485.66,Sub-Saharan Africa
Norway,NOR,2015,99.96,74809.97,Europe & Central Asia
Oman,OMN,2015,98.52,18808.31,Middle East & North Africa
Pakistan,PAK,2015,86.22,1380.47,Middle East & North Africa
Peru,PER,2015,94.94,6231.71,Latin America & Caribbean
Philippines,PHL,2015,96.59,2909.86,East Asia & Pacific
Poland,POL,2015,99.52,12637.52,Europe & Central Asia
Qatar,QAT,2015,99.56,68985.24,Middle East & North Africa
Romania,ROU,2015,99.51,8977.02,Europe & Central Asia
Russian Federation,RUS,2015,99.94,9277.71,Europe & Central Asia
Rwanda,RWA,2015,72.03,734.0,Sub-Saharan Africa
Samoa,WSM,2015,98.42,4084.36,East Asia & Pacific
Saudi Arabia,SAU,2015,87.21,23256.15,Middle East & North Africa
Senegal,SEN,2015,76.51,1218.01,Sub-Saharan Africa
Serbia,SRB,2015,99.58,5820.32,Europe & Central Asia
Seychelles,SYC,2015,97.35,15333.11,Sub-Saharan Africa
Sierra Leone,SLE,2015,91.51,964.58,Sub-Saharan Africa
Slovenia,SVN,2015,99.25,20697.27,Europe & Central Asia
South Africa,ZAF,2015,95.77,6112.27,Sub-Saharan Africa
Spain,ESP,2015,99.26,25982.44,Europe & Central Asia
St. Kitts and Nevis,KNA,2015,99.38,20328.8,Latin America & Caribbean
St. Vincent and the Grenadines,VCT,2015,97.22,7353.74,Latin America & Caribbean
Sudan,SDN,2015,91.54,1292.38,Sub-Saharan Africa
Suriname,SUR,2015,68.39,8813.62,Latin America & Caribbean
Sweden,SWE,2015,99.64,51188.17,Europe & Central Asia
Switzerland,CHE,2015,99.85,83806.45,Europe & Central Asia
Tajikistan,TJK,2015,99.42,956.92,Europe & Central Asia
Timor-Leste,TLS,2015,93.65,1319.59,East Asia & Pacific
Turkiye,TUR,2015,99.66,11064.65,Europe & Central Asia
Tuvalu,TUV,2015,93.67,3357.83,East Asia & Pacific
Ukraine,UKR,2015,98.78,2094.47,Europe & Central Asia
Uzbekistan,UZB,2015,99.5,2803.19,Europe & Central Asia
"Venezuela, RB",VEN,2015,97.82,4103.14,Latin America & Caribbean
Viet Nam,VNM,2015,99.79,2577.57,East Asia & Pacific
West Bank and Gaza,PSE,2015,99.25,3272.15,Middle East & North Africa
Afghanistan,AFG,2016,92.32,563.87,Middle East & North Africa
Albania,ALB,2016,98.17,4431.56,Europe & Central Asia
Argentina,ARG,2016,99.85,13265.89,Latin America & Caribbean
Armenia,ARM,2016,98.1,3533.89,Europe & Central Asia
Austria,AUT,2016,99.77,44362.67,Europe & Central Asia
Azerbaijan,AZE,2016,97.57,5272.72,Europe & Central Asia
Bahrain,BHR,2016,99.36,23715.28,Middle East & North Africa
Belarus,BLR,2016,98.01,5811.2,Europe & Central Asia
Belize,BLZ,2016,95.23,6012.21,Latin America & Caribbean
Bhutan,BTN,2016,99.58,3173.37,South Asia
Bolivia,BOL,2016,96.6,3077.57,Latin America & Caribbean
Bosnia and Herzegovina,BIH,2016,98.64,4876.53,Europe & Central Asia
Brunei Darussalam,BRN,2016,99.74,29492.41,East Asia & Pacific
Bulgaria,BGR,2016,99.33,7586.5,Europe & Central Asia
Burkina Faso,BFA,2016,76.06,648.42,Sub-Saharan Africa
Burundi,BDI,2016,76.31,258.06,Sub-Saharan Africa
Cabo Verde,CPV,2016,99.44,3560.14,Sub-Saharan Africa
Cambodia,KHM,2016,87.23,1645.47,East Asia & Pacific
Chile,CHL,2016,97.9,13505.1,Latin America & Caribbean
Costa Rica,CRI,2016,85.28,12084.44,Latin America & Caribbean
Cote d'Ivoire,CIV,2016,91.94,1889.28,Sub-Saharan Africa
Croatia,HRV,2016,98.58,12848.42,Europe & Central Asia
Cuba,CUB,2016,98.61,7774.07,Latin America & Caribbean
Cyprus,CYP,2016,99.74,24477.99,Europe & Central Asia
Czechia,CZE,2016,99.95,18359.1,Europe & Central Asia
Denmark,DNK,2016,99.94,54300.2,Europe & Central Asia
Djibouti,DJI,2016,83.9,2502.85,Middle East & North Africa
Dominican Republic,DOM,2016,92.58,7177.75,Latin America & Caribbean
Ecuador,ECU,2016,99.0,5849.14,Latin America & Caribbean
"Egypt, Arab Rep.",EGY,2016,94.39,3381.22,Middle East & North Africa
El Salvador,SLV,2016,92.09,3875.85,Latin America & Caribbean
Estonia,EST,2016,99.83,18264.99,Europe & Central Asia
Eswatini,SWZ,2016,98.05,3500.18,Sub-Saharan Africa
Finland,FIN,2016,99.9,43529.68,Europe & Central Asia
Georgia,GEO,2016,99.51,4225.09,Europe & Central Asia
Germany,DEU,2016,99.5,42516.93,Europe & Central Asia
Ghana,GHA,2016,93.14,1740.81,Sub-Saharan Africa
Greece,GRC,2016,98.93,18049.93,Europe & Central Asia
Grenada,GRD,2016,87.53,8983.68,Latin America & Caribbean
Guatemala,GTM,2016,89.67,3924.78,Latin America & Caribbean
"Hong Kong SAR, China",HKG,2016,99.56,43087.55,East Asia & Pacific
Hungary,HUN,2016,99.5,13145.66,Europe & Central Asia
India,IND,2016,90.35,1694.47,South Asia
Indonesia,IDN,2016,91.5,3416.81,East Asia & Pacific
"Iran, Islamic Rep.",IRN,2016,95.74,5312.62,Middle East & North Africa
Israel,ISR,2016,99.58,37093.79,Middle East & North Africa
Italy,ITA,2016,99.95,31077.68,Europe & Central Asia
Jamaica,JAM,2016,94.52,5472.28,Latin America & Caribbean
Japan,JPN,2016,100.0,35242.2,East Asia & Pacific
Jordan,JOR,2016,99.29,3933.15,Middle East & North Africa
Kazakhstan,KAZ,2016,99.15,10151.42,Europe & Central Asia
"Korea, Rep.",KOR,2016,99.64,31005.41,East Asia & Pacific
Kuwait,KWT,2016,97.11,29454.44,Middle East & North Africa
Kyrgyz Republic,KGZ,2016,99.41,1128.32,Europe & Central Asia
Lao PDR,LAO,2016,87.69,2234.76,East Asia & Pacific
Latvia,LVA,2016,98.98,13787.34,Europe & Central Asia
Lebanon,LBN,2016,97.59,8019.14,Middle East & North Africa
Liberia,LBR,2016,79.63,668.03,Sub-Saharan Africa
Lithuania,LTU,2016,99.21,14823.11,Europe & Central Asia
"Macao SAR, China",MAC,2016,99.77,68391.34,East Asia & Pacific
Malaysia,MYS,2016,91.05,9901.48,East Asia & Pacific
Maldives,MDV,2016,98.86,9909.08,South Asia
Mali,MLI,2016,78.31,860.75,Sub-Saharan Africa
Malta,MLT,2016,98.89,25969.51,Middle East & North Africa
Mauritania,MRT,2016,58.32,1528.05,Sub-Saharan Africa
Mauritius,MUS,2016,87.54,9995.65,Sub-Saharan Africa
Mexico,MEX,2016,96.57,10100.5,Latin America & Caribbean
Moldova,MDA,2016,98.43,2910.95,Europe & Central Asia
Mongolia,MNG,2016,99.08,3817.92,East Asia & Pacific
Montenegro,MNE,2016,99.84,6634.39,Europe & Central Asia
Morocco,MAR,2016,90.23,3124.43,Middle East & North Africa
Nepal,NPL,2016,82.38,875.19,South Asia
Norway,NOR,2016,99.67,75017.49,Europe & Central Asia
Oman,OMN,2016,98.28,18830.61,Middle East & North Africa
Panama,PAN,2016,99.19,14474.12,Latin America & Caribbean
Peru,PER,2016,93.79,6392.25,Latin America & Caribbean
Philippines,PHL,2016,96.59,3076.34,East Asia & Pacific
Poland,POL,2016,99.77,13026.19,Europe & Central Asia
Qatar,QAT,2016,98.91,67294.35,Middle East & North Africa
Romania,ROU,2016,99.55,9286.88,Europe & Central Asia
Rwanda,RWA,2016,82.41,759.61,Sub-Saharan Africa
Samoa,WSM,2016,96.8,4373.24,East Asia & Pacific
Sao Tome and Principe,STP,2016,96.98,1342.53,Sub-Saharan Africa
Saudi Arabia,SAU,2016,92.12,22783.03,Middle East & North Africa
Senegal,SEN,2016,72.98,1257.41,Sub-Saharan Africa
Serbia,SRB,2016,99.55,6024.96,Europe & Central Asia
Seychelles,SYC,2016,98.51,16962.68,Sub-Saharan Africa
Sierra Leone,SLE,2016,87.53,1002.78,Sub-Saharan Africa
Singapore,SGP,2016,99.13,56986.79,East Asia & Pacific
Slovak Republic,SVK,2016,99.11,16740.74,Europe & Central Asia
Slovenia,SVN,2016,99.97,21309.71,Europe & Central Asia
Solomon Islands,SLB,2016,91.23,2084.25,East Asia & Pacific
Spain,ESP,2016,99.97,26719.24,Europe & Central Asia
St. Lucia,LCA,2016,96.81,10644.16,Latin America & Caribbean
St. Vincent and the Grenadines,VCT,2016,94.6,7702.89,Latin America & Caribbean
Sudan,SDN,2016,91.99,1297.15,Sub-Saharan Africa
Suriname,SUR,2016,62.49,8293.32,Latin America & Caribbean
Sweden,SWE,2016,99.57,51626.32,Europe & Central Asia
Switzerland,CHE,2016,99.92,84611.1,Europe & Central Asia
Tajikistan,TJK,2016,99.49,997.35,Europe & Central Asia
Timor-Leste,TLS,2016,91.58,1333.66,East Asia & Pacific
Togo,TGO,2016,83.25,763.28,Sub-Saharan Africa
Tunisia,TUN,2016,97.71,4015.29,Middle East & North Africa
Uganda,UGA,2016,58.95,874.65,Sub-Saharan Africa
Ukraine,UKR,2016,99.6,2156.08,Europe & Central Asia
United Kingdom,GBR,2016,99.98,45888.01,Europe & Central Asia
United States,USA,2016,99.23,57151.47,North America
Uzbekistan,UZB,2016,99.42,2918.68,Europe & Central Asia
"Venezuela, RB",VEN,2016,98.55,3382.73,Latin America & Caribbean
West Bank and Gaza,PSE,2016,98.81,3483.1,Middle East & North Africa
Afghanistan,AFG,2017,90.77,562.77,Middle East & North Africa
Albania,ALB,2017,98.53,4648.23,Europe & Central Asia
Algeria,DZA,2017,99.21,4742.9,Middle East & North Africa
Antigua and Barbuda,ATG,2017,99.3,16992.93,Latin America & Caribbean
Armenia,ARM,2017,98.27,3815.37,Europe & Central Asia
Azerbaijan,AZE,2017,99.23,5229.25,Europe & Central Asia
Bahrain,BHR,2017,99.47,23606.89,Middle East & North Africa
Belarus,BLR,2017,98.16,5964.9,Europe & Central Asia
Belize,BLZ,2017,97.36,5767.62,Latin America & Caribbean
Bolivia,BOL,2017,97.31,3160.16,Latin America & Caribbean
Bosnia and Herzegovina,BIH,2017,97.91,5099.82,Europe & Central Asia
Brunei Darussalam,BRN,2017,99.8,29524.66,East Asia & Pacific
Burkina Faso,BFA,2017,80.11,669.28,Sub-Saharan Africa
Burundi,BDI,2017,76.29,261.73,Sub-Saharan Africa
Cabo Verde,CPV,2017,94.41,3719.71,Sub-Saharan Africa
Cambodia,KHM,2017,89.85,1753.94,East Asia & Pacific
Costa Rica,CRI,2017,91.71,12468.57,Latin America & Caribbean
Cuba,CUB,2017,98.45,7927.28,Latin America & Caribbean
Djibouti,DJI,2017,86.25,2596.45,Middle East & North Africa
Dominican Republic,DOM,2017,93.16,7379.4,Latin America & Caribbean
Ecuador,ECU,2017,99.59,6104.27,Latin America & Caribbean
"Egypt, Arab Rep.",EGY,2017,96.56,3452.91,Middle East & North Africa
El Salvador,SLV,2017,95.17,3954.84,Latin America & Caribbean
Georgia,GEO,2017,99.69,4442.51,Europe & Central Asia
Ghana,GHA,2017,93.71,1841.45,Sub-Saharan Africa
Grenada,GRD,2017,97.71,9357.41,Latin America & Caribbean
Guatemala,GTM,2017,90.17,3972.74,Latin America & Caribbean
"Hong Kong SAR, China",HKG,2017,99.93,44380.81,East Asia & Pacific
India,IND,2017,91.26,1788.7,South Asia
Jamaica,JAM,2017,97.05,5586.14,Latin America & Caribbean
Jordan,JOR,2017,97.98,3940.7,Middle East & North Africa
Kazakhstan,KAZ,2017,99.68,10404.27,Europe & Central Asia
Kuwait,KWT,2017,97.79,27048.37,Middle East & North Africa
Kyrgyz Republic,KGZ,2017,99.76,1157.18,Europe & Central Asia
Lao PDR,LAO,2017,86.18,2351.57,East Asia & Pacific
Lebanon,LBN,2017,96.23,8305.57,Middle East & North Africa
"Macao SAR, China",MAC,2017,99.2,75650.13,East Asia & Pacific
Mauritania,MRT,2017,65.56,1576.07,Sub-Saharan Africa
Mauritius,MUS,2017,99.42,10379.91,Sub-Saharan Africa
Moldova,MDA,2017,98.26,3085.33,Europe & Central Asia
Mongolia,MNG,2017,99.27,3956.2,East Asia & Pacific
Montenegro,MNE,2017,99.83,6840.91,Europe & Central Asia
Morocco,MAR,2017,90.52,3242.64,Middle East & North Africa
Oman,OMN,2017,98.33,18277.95,Middle East & North Africa
Pakistan,PAK,2017,87.5,1495.26,Middle East & North Africa
Peru,PER,2017,95.43,6457.42,Latin America & Caribbean
Rwanda,RWA,2017,72.67,771.07,Sub-Saharan Africa
Samoa,WSM,2017,96.19,4393.37,East Asia & Pacific
Saudi Arabia,SAU,2017,97.98,23035.12,Middle East & North Africa
Serbia,SRB,2017,99.69,6200.26,Europe & Central Asia
Seychelles,SYC,2017,97.36,17921.57,Sub-Saharan Africa
Sierra Leone,SLE,2017,90.46,1010.55,Sub-Saharan Africa
Solomon Islands,SLB,2017,88.22,2075.37,East Asia & Pacific
Sri Lanka,LKA,2017,99.43,4436.01,South Asia
St. Lucia,LCA,2017,98.23,10960.48,Latin America & Caribbean
St. Vincent and the Grenadines,VCT,2017,95.11,7872.93,Latin America & Caribbean
Suriname,SUR,2017,66.37,8338.69,Latin America & Caribbean
Tanzania,TZA,2017,70.99,1001.56,Sub-Saharan Africa
Thailand,THA,2017,98.49,6076.74,East Asia & Pacific
Timor-Leste,TLS,2017,93.21,1267.09,East Asia & Pacific
Togo,TGO,2017,81.99,774.27,Sub-Saharan Africa
Ukraine,UKR,2017,99.7,2217.75,Europe & Central Asia
Uzbekistan,UZB,2017,99.71,2995.77,Europe & Central Asia
West Bank and Gaza,PSE,2017,96.98,3462.98,Middle East & North Africa
Kazakhstan,KAZ,2018,99.53,10670.21,Europe & Central Asia
