Country Name,Country Code,Region,Income Group,Year,Progression
Argentina,ARG,Latin America & Caribbean,Upper middle income,1970,29.73
Costa Rica,CRI,Latin America & Caribbean,High income,1970,49.93
Brazil,BRA,Latin America & Caribbean,Upper middle income,1970,55.06
Guatemala,GTM,Latin America & Caribbean,Upper middle income,1970,61.61
El Salvador,SLV,Latin America & Caribbean,Upper middle income,1970,65.44
Chile,CHL,Latin America & Caribbean,High income,1970,91.81
Eswatini,SWZ,Sub-Saharan Africa,Lower middle income,1970,68.13
Seychelles,SYC,Sub-Saharan Africa,High income,1970,89.45
Kenya,KEN,Sub-Saharan Africa,Lower middle income,1970,94.18
"Korea, Rep.",KOR,East Asia & Pacific,High income,1971,70.1
Myanmar,MMR,East Asia & Pacific,Lower middle income,1971,74.4
Fiji,FJI,East Asia & Pacific,Upper middle income,1971,93.89
Portugal,PRT,Europe & Central Asia,High income,1971,39.4
Netherlands,NLD,Europe & Central Asia,High income,1971,63.06
Greece,GRC,Europe & Central Asia,High income,1971,63.91
Cyprus,CYP,Europe & Central Asia,High income,1971,73.83
Italy,ITA,Europe & Central Asia,High income,1971,94.3
Poland,POL,Europe & Central Asia,High income,1971,97.24
Bulgaria,BGR,Europe & Central Asia,High income,1971,98.94
Hungary,HUN,Europe & Central Asia,High income,1971,99.17
Belarus,BLR,Europe & Central Asia,Upper middle income,1971,99.95
San Marino,SMR,Europe & Central Asia,High income,1971,100.0
Ukraine,UKR,Europe & Central Asia,Upper middle income,1971,100.0
Costa Rica,CRI,Latin America & Caribbean,High income,1971,54.52
Panama,PAN,Latin America & Caribbean,High income,1971,63.87
"Venezuela, RB",VEN,Latin America & Caribbean,,1971,65.04
Cuba,CUB,Latin America & Caribbean,Upper middle income,1971,65.41
Brazil,BRA,Latin America & Caribbean,Upper middle income,1971,69.47
Ecuador,ECU,Latin America & Caribbean,Upper middle income,1971,75.47
El Salvador,SLV,Latin America & Caribbean,Upper middle income,1971,84.11
Chile,CHL,Latin America & Caribbean,High income,1971,91.31
Guyana,GUY,Latin America & Caribbean,High income,1971,95.95
Morocco,MAR,Middle East & North Africa,Lower middle income,1971,54.1
Iraq,IRQ,Middle East & North Africa,Upper middle income,1971,75.74
Libya,LBY,Middle East & North Africa,Upper middle income,1971,83.65
Jordan,JOR,Middle East & North Africa,Lower middle income,1971,88.61
Syrian Arab Republic,SYR,Middle East & North Africa,Low income,1971,89.09
Malta,MLT,Middle East & North Africa,High income,1971,96.86
Qatar,QAT,Middle East & North Africa,High income,1971,99.53
Sri Lanka,LKA,South Asia,Lower middle income,1971,91.66
Rwanda,RWA,Sub-Saharan Africa,Low income,1971,10.84
Burkina Faso,BFA,Sub-Saharan Africa,Low income,1971,22.41
Lesotho,LSO,Sub-Saharan Africa,Lower middle income,1971,33.9
Gabon,GAB,Sub-Saharan Africa,Upper middle income,1971,34.65
Central African Republic,CAF,Sub-Saharan Africa,Low income,1971,37.35
Niger,NER,Sub-Saharan Africa,Low income,1971,40.74
Benin,BEN,Sub-Saharan Africa,Lower middle income,1971,46.98
"Congo, Rep.",COG,Sub-Saharan Africa,Lower middle income,1971,48.81
Senegal,SEN,Sub-Saharan Africa,Lower middle income,1971,49.29
"Congo, Dem. Rep.",COD,Sub-Saharan Africa,Low income,1971,49.33
Togo,TGO,Sub-Saharan Africa,Low income,1971,56.27
Mali,MLI,Sub-Saharan Africa,Low income,1971,58.98
Madagascar,MDG,Sub-Saharan Africa,Low income,1971,59.24
Eswatini,SWZ,Sub-Saharan Africa,Lower middle income,1971,76.26
Seychelles,SYC,Sub-Saharan Africa,High income,1971,83.62
Ghana,GHA,Sub-Saharan Africa,Lower middle income,1971,90.63
Kenya,KEN,Sub-Saharan Africa,Lower middle income,1971,95.75
"Korea, Rep.",KOR,East Asia & Pacific,High income,1972,68.72
Myanmar,MMR,East Asia & Pacific,Lower middle income,1972,74.41
Brunei Darussalam,BRN,East Asia & Pacific,High income,1972,84.03
Fiji,FJI,East Asia & Pacific,Upper middle income,1972,92.06
Portugal,PRT,Europe & Central Asia,High income,1972,42.87
Netherlands,NLD,Europe & Central Asia,High income,1972,64.25
Greece,GRC,Europe & Central Asia,High income,1972,67.54
Cyprus,CYP,Europe & Central Asia,High income,1972,79.18
Italy,ITA,Europe & Central Asia,High income,1972,95.96
Poland,POL,Europe & Central Asia,High income,1972,97.19
Hungary,HUN,Europe & Central Asia,High income,1972,99.12
Bulgaria,BGR,Europe & Central Asia,High income,1972,99.2
Belarus,BLR,Europe & Central Asia,Upper middle income,1972,99.48
San Marino,SMR,Europe & Central Asia,High income,1972,100.0
Ukraine,UKR,Europe & Central Asia,Upper middle income,1972,100.0
Panama,PAN,Latin America & Caribbean,High income,1972,57.17
Cuba,CUB,Latin America & Caribbean,Upper middle income,1972,67.68
"Venezuela, RB",VEN,Latin America & Caribbean,,1972,84.88
Brazil,BRA,Latin America & Caribbean,Upper middle income,1972,88.5
Chile,CHL,Latin America & Caribbean,High income,1972,90.32
Guyana,GUY,Latin America & Caribbean,High income,1972,91.06
El Salvador,SLV,Latin America & Caribbean,Upper middle income,1972,91.74
Tunisia,TUN,Middle East & North Africa,Lower middle income,1972,22.93
Algeria,DZA,Middle East & North Africa,Upper middle income,1972,37.48
Djibouti,DJI,Middle East & North Africa,Lower middle income,1972,46.72
Morocco,MAR,Middle East & North Africa,Lower middle income,1972,54.73
Iraq,IRQ,Middle East & North Africa,Upper middle income,1972,69.9
Libya,LBY,Middle East & North Africa,Upper middle income,1972,72.46
Syrian Arab Republic,SYR,Middle East & North Africa,Low income,1972,88.31
Jordan,JOR,Middle East & North Africa,Lower middle income,1972,92.39
Kuwait,KWT,Middle East & North Africa,High income,1972,94.81
Qatar,QAT,Middle East & North Africa,High income,1972,95.56
Malta,MLT,Middle East & North Africa,High income,1972,97.78
Rwanda,RWA,Sub-Saharan Africa,Low income,1972,9.59
Burkina Faso,BFA,Sub-Saharan Africa,Low income,1972,25.18
Cameroon,CMR,Sub-Saharan Africa,Lower middle income,1972,25.67
Niger,NER,Sub-Saharan Africa,Low income,1972,35.24
Central African Republic,CAF,Sub-Saharan Africa,Low income,1972,39.28
Senegal,SEN,Sub-Saharan Africa,Lower middle income,1972,43.68
Lesotho,LSO,Sub-Saharan Africa,Lower middle income,1972,45.5
Gabon,GAB,Sub-Saharan Africa,Upper middle income,1972,46.73
Cote d'Ivoire,CIV,Sub-Saharan Africa,Lower middle income,1972,50.87
Benin,BEN,Sub-Saharan Africa,Lower middle income,1972,60.85
Mali,MLI,Sub-Saharan Africa,Low income,1972,64.04
"Congo, Rep.",COG,Sub-Saharan Africa,Lower middle income,1972,66.53
Eswatini,SWZ,Sub-Saharan Africa,Lower middle income,1972,80.47
Kenya,KEN,Sub-Saharan Africa,Lower middle income,1972,94.78
Myanmar,MMR,East Asia & Pacific,Lower middle income,1973,52.96
Fiji,FJI,East Asia & Pacific,Upper middle income,1973,89.26
Portugal,PRT,Europe & Central Asia,High income,1973,43.65
Netherlands,NLD,Europe & Central Asia,High income,1973,65.78
Greece,GRC,Europe & Central Asia,High income,1973,69.46
Cyprus,CYP,Europe & Central Asia,High income,1973,78.77
Italy,ITA,Europe & Central Asia,High income,1973,96.74
Poland,POL,Europe & Central Asia,High income,1973,97.16
Hungary,HUN,Europe & Central Asia,High income,1973,98.99
Bulgaria,BGR,Europe & Central Asia,High income,1973,99.22
Belarus,BLR,Europe & Central Asia,Upper middle income,1973,99.76
Ukraine,UKR,Europe & Central Asia,Upper middle income,1973,99.99
Argentina,ARG,Latin America & Caribbean,Upper middle income,1973,28.75
Peru,PER,Latin America & Caribbean,Upper middle income,1973,58.3
Panama,PAN,Latin America & Caribbean,High income,1973,58.67
Cuba,CUB,Latin America & Caribbean,Upper middle income,1973,68.22
"Venezuela, RB",VEN,Latin America & Caribbean,,1973,84.67
Brazil,BRA,Latin America & Caribbean,Upper middle income,1973,88.41
Chile,CHL,Latin America & Caribbean,High income,1973,88.91
El Salvador,SLV,Latin America & Caribbean,Upper middle income,1973,90.16
Guyana,GUY,Latin America & Caribbean,High income,1973,93.05
Tunisia,TUN,Middle East & North Africa,Lower middle income,1973,29.16
Algeria,DZA,Middle East & North Africa,Upper middle income,1973,33.53
Djibouti,DJI,Middle East & North Africa,Lower middle income,1973,52.59
Afghanistan,AFG,Middle East & North Africa,Low income,1973,67.02
Iraq,IRQ,Middle East & North Africa,Upper middle income,1973,76.29
Libya,LBY,Middle East & North Africa,Upper middle income,1973,77.31
Syrian Arab Republic,SYR,Middle East & North Africa,Low income,1973,86.94
United Arab Emirates,ARE,Middle East & North Africa,High income,1973,90.24
Qatar,QAT,Middle East & North Africa,High income,1973,93.78
Jordan,JOR,Middle East & North Africa,Lower middle income,1973,94.74
Kuwait,KWT,Middle East & North Africa,High income,1973,97.34
Malta,MLT,Middle East & North Africa,High income,1973,98.21
Sri Lanka,LKA,South Asia,Lower middle income,1973,78.78
Rwanda,RWA,Sub-Saharan Africa,Low income,1973,9.52
Burkina Faso,BFA,Sub-Saharan Africa,Low income,1973,28.73
Cameroon,CMR,Sub-Saharan Africa,Lower middle income,1973,29.3
Central African Republic,CAF,Sub-Saharan Africa,Low income,1973,38.07
Niger,NER,Sub-Saharan Africa,Low income,1973,42.4
Cote d'Ivoire,CIV,Sub-Saharan Africa,Lower middle income,1973,47.58
Benin,BEN,Sub-Saharan Africa,Lower middle income,1973,54.38
"Gambia, The",GMB,Sub-Saharan Africa,Low income,1973,55.09
Mali,MLI,Sub-Saharan Africa,Low income,1973,70.49
Eswatini,SWZ,Sub-Saharan Africa,Lower middle income,1973,76.51
"Congo, Rep.",COG,Sub-Saharan Africa,Lower middle income,1973,82.05
Malawi,MWI,Sub-Saharan Africa,Low income,1973,84.71
Seychelles,SYC,Sub-Saharan Africa,High income,1973,87.05
Ghana,GHA,Sub-Saharan Africa,Lower middle income,1973,97.01
Singapore,SGP,East Asia & Pacific,High income,1974,81.58
Thailand,THA,East Asia & Pacific,Upper middle income,1974,84.38
Brunei Darussalam,BRN,East Asia & Pacific,High income,1974,92.37
Portugal,PRT,Europe & Central Asia,High income,1974,47.41
Netherlands,NLD,Europe & Central Asia,High income,1974,66.92
Greece,GRC,Europe & Central Asia,High income,1974,70.98
Cyprus,CYP,Europe & Central Asia,High income,1974,73.69
Belgium,BEL,Europe & Central Asia,High income,1974,87.72
Italy,ITA,Europe & Central Asia,High income,1974,97.2
Poland,POL,Europe & Central Asia,High income,1974,97.66
Luxembourg,LUX,Europe & Central Asia,High income,1974,99.06
Hungary,HUN,Europe & Central Asia,High income,1974,99.17
Bulgaria,BGR,Europe & Central Asia,High income,1974,99.37
Belarus,BLR,Europe & Central Asia,Upper middle income,1974,99.74
Argentina,ARG,Latin America & Caribbean,Upper middle income,1974,29.05
Panama,PAN,Latin America & Caribbean,High income,1974,62.63
Peru,PER,Latin America & Caribbean,Upper middle income,1974,63.16
Guatemala,GTM,Latin America & Caribbean,Upper middle income,1974,65.34
Cuba,CUB,Latin America & Caribbean,Upper middle income,1974,73.97
Ecuador,ECU,Latin America & Caribbean,Upper middle income,1974,83.05
"Venezuela, RB",VEN,Latin America & Caribbean,,1974,83.24
Chile,CHL,Latin America & Caribbean,High income,1974,88.09
Brazil,BRA,Latin America & Caribbean,Upper middle income,1974,88.85
El Salvador,SLV,Latin America & Caribbean,Upper middle income,1974,90.15
Djibouti,DJI,Middle East & North Africa,Lower middle income,1974,37.76
Algeria,DZA,Middle East & North Africa,Upper middle income,1974,47.31
Morocco,MAR,Middle East & North Africa,Lower middle income,1974,62.98
"Egypt, Arab Rep.",EGY,Middle East & North Africa,Lower middle income,1974,75.84
Libya,LBY,Middle East & North Africa,Upper middle income,1974,82.04
Syrian Arab Republic,SYR,Middle East & North Africa,Low income,1974,85.61
Iraq,IRQ,Middle East & North Africa,Upper middle income,1974,85.81
Oman,OMN,Middle East & North Africa,High income,1974,89.74
Jordan,JOR,Middle East & North Africa,Lower middle income,1974,93.88
Qatar,QAT,Middle East & North Africa,High income,1974,97.23
Kuwait,KWT,Middle East & North Africa,High income,1974,97.5
United Arab Emirates,ARE,Middle East & North Africa,High income,1974,97.93
Malta,MLT,Middle East & North Africa,High income,1974,98.2
Sri Lanka,LKA,South Asia,Lower middle income,1974,80.92
Rwanda,RWA,Sub-Saharan Africa,Low income,1974,8.76
Burkina Faso,BFA,Sub-Saharan Africa,Low income,1974,28.03
Cameroon,CMR,Sub-Saharan Africa,Lower middle income,1974,31.25
Niger,NER,Sub-Saharan Africa,Low income,1974,39.3
Cote d'Ivoire,CIV,Sub-Saharan Africa,Lower middle income,1974,44.36
Benin,BEN,Sub-Saharan Africa,Lower middle income,1974,56.3
Madagascar,MDG,Sub-Saharan Africa,Low income,1974,63.7
Eswatini,SWZ,Sub-Saharan Africa,Lower middle income,1974,75.03
"Congo, Rep.",COG,Sub-Saharan Africa,Lower middle income,1974,81.17
Malawi,MWI,Sub-Saharan Africa,Low income,1974,93.13
Kenya,KEN,Sub-Saharan Africa,Lower middle income,1974,94.85
Ghana,GHA,Sub-Saharan Africa,Lower middle income,1974,95.51
"Korea, Rep.",KOR,East Asia & Pacific,High income,1975,75.4
Brunei Darussalam,BRN,East Asia & Pacific,High income,1975,77.69
Singapore,SGP,East Asia & Pacific,High income,1975,81.73
Thailand,THA,East Asia & Pacific,Upper middle income,1975,82.23
Fiji,FJI,East Asia & Pacific,Upper middle income,1975,93.79
Netherlands,NLD,Europe & Central Asia,High income,1975,67.66
Greece,GRC,Europe & Central Asia,High income,1975,77.54
Cyprus,CYP,Europe & Central Asia,High income,1975,85.1
Belgium,BEL,Europe & Central Asia,High income,1975,91.86
Portugal,PRT,Europe & Central Asia,High income,1975,96.91
Poland,POL,Europe & Central Asia,High income,1975,97.92
Italy,ITA,Europe & Central Asia,High income,1975,98.0
Bulgaria,BGR,Europe & Central Asia,High income,1975,99.41
Hungary,HUN,Europe & Central Asia,High income,1975,99.43
Belarus,BLR,Europe & Central Asia,Upper middle income,1975,100.0
Panama,PAN,Latin America & Caribbean,High income,1975,64.79
Guatemala,GTM,Latin America & Caribbean,Upper middle income,1975,67.81
Peru,PER,Latin America & Caribbean,Upper middle income,1975,67.93
Cuba,CUB,Latin America & Caribbean,Upper middle income,1975,76.2
"Venezuela, RB",VEN,Latin America & Caribbean,,1975,83.25
Suriname,SUR,Latin America & Caribbean,Upper middle income,1975,84.49
Chile,CHL,Latin America & Caribbean,High income,1975,86.48
Brazil,BRA,Latin America & Caribbean,Upper middle income,1975,89.02
Ecuador,ECU,Latin America & Caribbean,Upper middle income,1975,91.39
El Salvador,SLV,Latin America & Caribbean,Upper middle income,1975,93.05
Tunisia,TUN,Middle East & North Africa,Lower middle income,1975,29.37
Djibouti,DJI,Middle East & North Africa,Lower middle income,1975,32.89
Algeria,DZA,Middle East & North Africa,Upper middle income,1975,53.51
Morocco,MAR,Middle East & North Africa,Lower middle income,1975,72.6
"Egypt, Arab Rep.",EGY,Middle East & North Africa,Lower middle income,1975,83.08
Oman,OMN,Middle East & North Africa,High income,1975,84.85
Libya,LBY,Middle East & North Africa,Upper middle income,1975,89.93
United Arab Emirates,ARE,Middle East & North Africa,High income,1975,91.28
Jordan,JOR,Middle East & North Africa,Lower middle income,1975,94.39
Qatar,QAT,Middle East & North Africa,High income,1975,97.6
Iraq,IRQ,Middle East & North Africa,Upper middle income,1975,97.82
Malta,MLT,Middle East & North Africa,High income,1975,99.27
Sri Lanka,LKA,South Asia,Lower middle income,1975,84.85
Uganda,UGA,Sub-Saharan Africa,Low income,1975,14.12
Zambia,ZMB,Sub-Saharan Africa,Lower middle income,1975,24.17
Burkina Faso,BFA,Sub-Saharan Africa,Low income,1975,26.27
Cameroon,CMR,Sub-Saharan Africa,Lower middle income,1975,32.25
Niger,NER,Sub-Saharan Africa,Low income,1975,43.16
Guinea-Bissau,GNB,Sub-Saharan Africa,Low income,1975,43.72
Benin,BEN,Sub-Saharan Africa,Lower middle income,1975,45.3
Cote d'Ivoire,CIV,Sub-Saharan Africa,Lower middle income,1975,45.62
"Gambia, The",GMB,Sub-Saharan Africa,Low income,1975,59.45
Mali,MLI,Sub-Saharan Africa,Low income,1975,74.32
Eswatini,SWZ,Sub-Saharan Africa,Lower middle income,1975,74.52
"Congo, Rep.",COG,Sub-Saharan Africa,Lower middle income,1975,84.47
Malawi,MWI,Sub-Saharan Africa,Low income,1975,85.64
Kenya,KEN,Sub-Saharan Africa,Lower middle income,1975,94.1
Brunei Darussalam,BRN,East Asia & Pacific,High income,1976,69.92
Thailand,THA,East Asia & Pacific,Upper middle income,1976,78.44
"Korea, Rep.",KOR,East Asia & Pacific,High income,1976,78.52
Singapore,SGP,East Asia & Pacific,High income,1976,82.0
Fiji,FJI,East Asia & Pacific,Upper middle income,1976,93.31
Netherlands,NLD,Europe & Central Asia,High income,1976,69.01
Greece,GRC,Europe & Central Asia,High income,1976,80.61
Cyprus,CYP,Europe & Central Asia,High income,1976,86.12
Belgium,BEL,Europe & Central Asia,High income,1976,89.7
Poland,POL,Europe & Central Asia,High income,1976,97.83
Italy,ITA,Europe & Central Asia,High income,1976,97.89
Bulgaria,BGR,Europe & Central Asia,High income,1976,98.81
Hungary,HUN,Europe & Central Asia,High income,1976,99.55
Luxembourg,LUX,Europe & Central Asia,High income,1976,99.69
Belarus,BLR,Europe & Central Asia,Upper middle income,1976,99.82
Ukraine,UKR,Europe & Central Asia,Upper middle income,1976,99.89
France,FRA,Europe & Central Asia,High income,1976,100.0
Panama,PAN,Latin America & Caribbean,High income,1976,58.61
Peru,PER,Latin America & Caribbean,Upper middle income,1976,68.81
Mexico,MEX,Latin America & Caribbean,Upper middle income,1976,76.54
Cuba,CUB,Latin America & Caribbean,Upper middle income,1976,81.36
"Venezuela, RB",VEN,Latin America & Caribbean,,1976,83.79
Ecuador,ECU,Latin America & Caribbean,Upper middle income,1976,89.37
Chile,CHL,Latin America & Caribbean,High income,1976,91.47
El Salvador,SLV,Latin America & Caribbean,Upper middle income,1976,92.44
Brazil,BRA,Latin America & Caribbean,Upper middle income,1976,92.72
Suriname,SUR,Latin America & Caribbean,Upper middle income,1976,92.95
Tunisia,TUN,Middle East & North Africa,Lower middle income,1976,32.55
Algeria,DZA,Middle East & North Africa,Upper middle income,1976,57.93
Morocco,MAR,Middle East & North Africa,Lower middle income,1976,71.05
Oman,OMN,Middle East & North Africa,High income,1976,73.79
"Egypt, Arab Rep.",EGY,Middle East & North Africa,Lower middle income,1976,74.02
Iraq,IRQ,Middle East & North Africa,Upper middle income,1976,78.9
Syrian Arab Republic,SYR,Middle East & North Africa,Low income,1976,83.53
Kuwait,KWT,Middle East & North Africa,High income,1976,84.75
Libya,LBY,Middle East & North Africa,Upper middle income,1976,90.09
Afghanistan,AFG,Middle East & North Africa,Low income,1976,90.53
Jordan,JOR,Middle East & North Africa,Lower middle income,1976,94.0
United Arab Emirates,ARE,Middle East & North Africa,High income,1976,97.02
Qatar,QAT,Middle East & North Africa,High income,1976,98.02
Malta,MLT,Middle East & North Africa,High income,1976,99.31
Bhutan,BTN,South Asia,Lower middle income,1976,84.29
Sri Lanka,LKA,South Asia,Lower middle income,1976,85.0
Rwanda,RWA,Sub-Saharan Africa,Low income,1976,9.1
Burundi,BDI,Sub-Saharan Africa,Low income,1976,10.06
Zambia,ZMB,Sub-Saharan Africa,Lower middle income,1976,23.23
Burkina Faso,BFA,Sub-Saharan Africa,Low income,1976,30.01
Cameroon,CMR,Sub-Saharan Africa,Lower middle income,1976,34.06
Cote d'Ivoire,CIV,Sub-Saharan Africa,Lower middle income,1976,46.95
Benin,BEN,Sub-Saharan Africa,Lower middle income,1976,52.62
Niger,NER,Sub-Saharan Africa,Low income,1976,54.43
"Gambia, The",GMB,Sub-Saharan Africa,Low income,1976,73.48
Eswatini,SWZ,Sub-Saharan Africa,Lower middle income,1976,76.62
Kenya,KEN,Sub-Saharan Africa,Lower middle income,1976,91.48
Malawi,MWI,Sub-Saharan Africa,Low income,1976,92.47
"Congo, Rep.",COG,Sub-Saharan Africa,Lower middle income,1976,95.85
Seychelles,SYC,Sub-Saharan Africa,High income,1976,96.09
Thailand,THA,East Asia & Pacific,Upper middle income,1977,76.55
"Korea, Rep.",KOR,East Asia & Pacific,High income,1977,84.59
Singapore,SGP,East Asia & Pacific,High income,1977,84.9
Brunei Darussalam,BRN,East Asia & Pacific,High income,1977,86.57
Fiji,FJI,East Asia & Pacific,Upper middle income,1977,93.3
Netherlands,NLD,Europe & Central Asia,High income,1977,69.46
Cyprus,CYP,Europe & Central Asia,High income,1977,85.85
Greece,GRC,Europe & Central Asia,High income,1977,91.55
Poland,POL,Europe & Central Asia,High income,1977,97.84
France,FRA,Europe & Central Asia,High income,1977,97.99
Luxembourg,LUX,Europe & Central Asia,High income,1977,98.71
Italy,ITA,Europe & Central Asia,High income,1977,98.73
Bulgaria,BGR,Europe & Central Asia,High income,1977,99.32
Hungary,HUN,Europe & Central Asia,High income,1977,99.64
Ukraine,UKR,Europe & Central Asia,Upper middle income,1977,99.96
Belarus,BLR,Europe & Central Asia,Upper middle income,1977,100.0
Panama,PAN,Latin America & Caribbean,High income,1977,65.94
Peru,PER,Latin America & Caribbean,Upper middle income,1977,72.76
Mexico,MEX,Latin America & Caribbean,Upper middle income,1977,74.72
Suriname,SUR,Latin America & Caribbean,Upper middle income,1977,85.62
"Venezuela, RB",VEN,Latin America & Caribbean,,1977,87.82
Cuba,CUB,Latin America & Caribbean,Upper middle income,1977,88.58
Ecuador,ECU,Latin America & Caribbean,Upper middle income,1977,91.07
Brazil,BRA,Latin America & Caribbean,Upper middle income,1977,92.77
Guyana,GUY,Latin America & Caribbean,High income,1977,96.72
Tunisia,TUN,Middle East & North Africa,Lower middle income,1977,25.65
Algeria,DZA,Middle East & North Africa,Upper middle income,1977,59.69
Morocco,MAR,Middle East & North Africa,Lower middle income,1977,69.57
Syrian Arab Republic,SYR,Middle East & North Africa,Low income,1977,82.61
Oman,OMN,Middle East & North Africa,High income,1977,83.88
"Egypt, Arab Rep.",EGY,Middle East & North Africa,Lower middle income,1977,85.92
Iraq,IRQ,Middle East & North Africa,Upper middle income,1977,86.58
Libya,LBY,Middle East & North Africa,Upper middle income,1977,87.85
Afghanistan,AFG,Middle East & North Africa,Low income,1977,92.01
United Arab Emirates,ARE,Middle East & North Africa,High income,1977,94.09
Jordan,JOR,Middle East & North Africa,Lower middle income,1977,95.24
Qatar,QAT,Middle East & North Africa,High income,1977,96.07
Malta,MLT,Middle East & North Africa,High income,1977,98.01
Kuwait,KWT,Middle East & North Africa,High income,1977,99.9
Bhutan,BTN,South Asia,Lower middle income,1977,86.52
Rwanda,RWA,Sub-Saharan Africa,Low income,1977,8.32
Burundi,BDI,Sub-Saharan Africa,Low income,1977,12.96
Zambia,ZMB,Sub-Saharan Africa,Lower middle income,1977,22.57
Cameroon,CMR,Sub-Saharan Africa,Lower middle income,1977,29.95
Central African Republic,CAF,Sub-Saharan Africa,Low income,1977,35.35
Cote d'Ivoire,CIV,Sub-Saharan Africa,Lower middle income,1977,49.25
Niger,NER,Sub-Saharan Africa,Low income,1977,52.96
Benin,BEN,Sub-Saharan Africa,Lower middle income,1977,56.88
"Gambia, The",GMB,Sub-Saharan Africa,Low income,1977,67.3
Eswatini,SWZ,Sub-Saharan Africa,Lower middle income,1977,78.14
Malawi,MWI,Sub-Saharan Africa,Low income,1977,81.94
Sierra Leone,SLE,Sub-Saharan Africa,Low income,1977,83.16
Mali,MLI,Sub-Saharan Africa,Low income,1977,84.52
Mauritania,MRT,Sub-Saharan Africa,Lower middle income,1977,84.54
Kenya,KEN,Sub-Saharan Africa,Lower middle income,1977,87.5
Seychelles,SYC,Sub-Saharan Africa,High income,1977,97.92
"Congo, Rep.",COG,Sub-Saharan Africa,Lower middle income,1977,99.09
Kiribati,KIR,East Asia & Pacific,Lower middle income,1978,21.9
Singapore,SGP,East Asia & Pacific,High income,1978,88.29
Viet Nam,VNM,East Asia & Pacific,Lower middle income,1978,88.44
"Korea, Rep.",KOR,East Asia & Pacific,High income,1978,90.37
Fiji,FJI,East Asia & Pacific,Upper middle income,1978,91.11
Brunei Darussalam,BRN,East Asia & Pacific,High income,1978,94.11
Mongolia,MNG,East Asia & Pacific,Upper middle income,1978,96.21
Netherlands,NLD,Europe & Central Asia,High income,1978,69.79
Cyprus,CYP,Europe & Central Asia,High income,1978,88.39
Greece,GRC,Europe & Central Asia,High income,1978,91.12
Luxembourg,LUX,Europe & Central Asia,High income,1978,96.45
Bulgaria,BGR,Europe & Central Asia,High income,1978,97.86
Poland,POL,Europe & Central Asia,High income,1978,97.97
France,FRA,Europe & Central Asia,High income,1978,98.6
Italy,ITA,Europe & Central Asia,High income,1978,99.06
Hungary,HUN,Europe & Central Asia,High income,1978,99.76
Belarus,BLR,Europe & Central Asia,Upper middle income,1978,99.96
Ukraine,UKR,Europe & Central Asia,Upper middle income,1978,100.0
Haiti,HTI,Latin America & Caribbean,Lower middle income,1978,62.69
Panama,PAN,Latin America & Caribbean,High income,1978,66.38
Mexico,MEX,Latin America & Caribbean,Upper middle income,1978,79.96
Peru,PER,Latin America & Caribbean,Upper middle income,1978,80.15
Guatemala,GTM,Latin America & Caribbean,Upper middle income,1978,85.82
Cuba,CUB,Latin America & Caribbean,Upper middle income,1978,86.52
"Venezuela, RB",VEN,Latin America & Caribbean,,1978,87.43
Ecuador,ECU,Latin America & Caribbean,Upper middle income,1978,91.42
Brazil,BRA,Latin America & Caribbean,Upper middle income,1978,92.13
Tunisia,TUN,Middle East & North Africa,Lower middle income,1978,27.06
Algeria,DZA,Middle East & North Africa,Upper middle income,1978,62.12
Morocco,MAR,Middle East & North Africa,Lower middle income,1978,70.75
Syrian Arab Republic,SYR,Middle East & North Africa,Low income,1978,82.67
Oman,OMN,Middle East & North Africa,High income,1978,84.08
Libya,LBY,Middle East & North Africa,Upper middle income,1978,90.46
Jordan,JOR,Middle East & North Africa,Lower middle income,1978,95.36
Qatar,QAT,Middle East & North Africa,High income,1978,97.36
Malta,MLT,Middle East & North Africa,High income,1978,99.04
Kuwait,KWT,Middle East & North Africa,High income,1978,99.57
Bhutan,BTN,South Asia,Lower middle income,1978,62.01
Sri Lanka,LKA,South Asia,Lower middle income,1978,80.68
Burundi,BDI,Sub-Saharan Africa,Low income,1978,16.12
Zambia,ZMB,Sub-Saharan Africa,Lower middle income,1978,21.78
Burkina Faso,BFA,Sub-Saharan Africa,Low income,1978,30.56
Cameroon,CMR,Sub-Saharan Africa,Lower middle income,1978,35.95
Senegal,SEN,Sub-Saharan Africa,Lower middle income,1978,48.38
Cote d'Ivoire,CIV,Sub-Saharan Africa,Lower middle income,1978,53.18
Niger,NER,Sub-Saharan Africa,Low income,1978,53.89
Benin,BEN,Sub-Saharan Africa,Lower middle income,1978,58.56
Guinea-Bissau,GNB,Sub-Saharan Africa,Low income,1978,69.52
"Gambia, The",GMB,Sub-Saharan Africa,Low income,1978,76.88
Eswatini,SWZ,Sub-Saharan Africa,Lower middle income,1978,81.95
Malawi,MWI,Sub-Saharan Africa,Low income,1978,82.85
Mauritania,MRT,Sub-Saharan Africa,Lower middle income,1978,85.03
Kenya,KEN,Sub-Saharan Africa,Lower middle income,1978,91.78
Togo,TGO,Sub-Saharan Africa,Low income,1978,92.7
"Congo, Rep.",COG,Sub-Saharan Africa,Lower middle income,1978,97.11
Kiribati,KIR,East Asia & Pacific,Lower middle income,1979,20.83
Solomon Islands,SLB,East Asia & Pacific,Lower middle income,1979,36.81
"Hong Kong SAR, China",HKG,East Asia & Pacific,High income,1979,89.08
Fiji,FJI,East Asia & Pacific,Upper middle income,1979,91.15
Brunei Darussalam,BRN,East Asia & Pacific,High income,1979,92.43
"Korea, Rep.",KOR,East Asia & Pacific,High income,1979,94.13
Mongolia,MNG,East Asia & Pacific,Upper middle income,1979,97.99
Netherlands,NLD,Europe & Central Asia,High income,1979,70.18
Cyprus,CYP,Europe & Central Asia,High income,1979,88.97
Greece,GRC,Europe & Central Asia,High income,1979,94.1
France,FRA,Europe & Central Asia,High income,1979,97.86
Poland,POL,Europe & Central Asia,High income,1979,98.07
Bulgaria,BGR,Europe & Central Asia,High income,1979,98.86
Italy,ITA,Europe & Central Asia,High income,1979,99.32
Hungary,HUN,Europe & Central Asia,High income,1979,99.45
Belarus,BLR,Europe & Central Asia,Upper middle income,1979,99.86
Ukraine,UKR,Europe & Central Asia,Upper middle income,1979,100.0
Costa Rica,CRI,Latin America & Caribbean,High income,1979,59.03
Haiti,HTI,Latin America & Caribbean,Lower middle income,1979,62.17
Mexico,MEX,Latin America & Caribbean,Upper middle income,1979,80.79
Guatemala,GTM,Latin America & Caribbean,Upper middle income,1979,82.86
Peru,PER,Latin America & Caribbean,Upper middle income,1979,84.18
"Venezuela, RB",VEN,Latin America & Caribbean,,1979,89.52
Cuba,CUB,Latin America & Caribbean,Upper middle income,1979,92.04
Brazil,BRA,Latin America & Caribbean,Upper middle income,1979,93.77
Guyana,GUY,Latin America & Caribbean,High income,1979,94.89
Tunisia,TUN,Middle East & North Africa,Lower middle income,1979,44.93
Algeria,DZA,Middle East & North Africa,Upper middle income,1979,62.99
Morocco,MAR,Middle East & North Africa,Lower middle income,1979,69.23
Syrian Arab Republic,SYR,Middle East & North Africa,Low income,1979,80.89
Iraq,IRQ,Middle East & North Africa,Upper middle income,1979,83.01
Libya,LBY,Middle East & North Africa,Upper middle income,1979,86.29
United Arab Emirates,ARE,Middle East & North Africa,High income,1979,94.35
Jordan,JOR,Middle East & North Africa,Lower middle income,1979,95.67
Qatar,QAT,Middle East & North Africa,High income,1979,97.52
Kuwait,KWT,Middle East & North Africa,High income,1979,99.64
Sri Lanka,LKA,South Asia,Lower middle income,1979,82.63
Burundi,BDI,Sub-Saharan Africa,Low income,1979,14.32
Zambia,ZMB,Sub-Saharan Africa,Lower middle income,1979,23.21
Burkina Faso,BFA,Sub-Saharan Africa,Low income,1979,31.66
Gabon,GAB,Sub-Saharan Africa,Upper middle income,1979,33.62
Cameroon,CMR,Sub-Saharan Africa,Lower middle income,1979,34.62
Senegal,SEN,Sub-Saharan Africa,Lower middle income,1979,43.86
Cote d'Ivoire,CIV,Sub-Saharan Africa,Lower middle income,1979,56.43
Benin,BEN,Sub-Saharan Africa,Lower middle income,1979,66.74
"Gambia, The",GMB,Sub-Saharan Africa,Low income,1979,70.22
Cabo Verde,CPV,Sub-Saharan Africa,Upper middle income,1979,70.45
Togo,TGO,Sub-Saharan Africa,Low income,1979,81.28
Eswatini,SWZ,Sub-Saharan Africa,Lower middle income,1979,81.6
Kenya,KEN,Sub-Saharan Africa,Lower middle income,1979,87.29
Malawi,MWI,Sub-Saharan Africa,Low income,1979,89.85
Guinea,GIN,Sub-Saharan Africa,Lower middle income,1979,91.01
Seychelles,SYC,Sub-Saharan Africa,High income,1979,96.15
Kiribati,KIR,East Asia & Pacific,Lower middle income,1980,21.05
"Hong Kong SAR, China",HKG,East Asia & Pacific,High income,1980,89.3
Singapore,SGP,East Asia & Pacific,High income,1980,90.79
Fiji,FJI,East Asia & Pacific,Upper middle income,1980,92.35
Brunei Darussalam,BRN,East Asia & Pacific,High income,1980,95.75
Netherlands,NLD,Europe & Central Asia,High income,1980,70.04
Cyprus,CYP,Europe & Central Asia,High income,1980,88.62
Poland,POL,Europe & Central Asia,High income,1980,98.19
Spain,ESP,Europe & Central Asia,High income,1980,98.45
Bulgaria,BGR,Europe & Central Asia,High income,1980,99.05
Italy,ITA,Europe & Central Asia,High income,1980,99.28
Hungary,HUN,Europe & Central Asia,High income,1980,99.85
Belarus,BLR,Europe & Central Asia,Upper middle income,1980,99.93
Costa Rica,CRI,Latin America & Caribbean,High income,1980,56.68
El Salvador,SLV,Latin America & Caribbean,Upper middle income,1980,72.1
Mexico,MEX,Latin America & Caribbean,Upper middle income,1980,79.41
Peru,PER,Latin America & Caribbean,Upper middle income,1980,86.11
"Venezuela, RB",VEN,Latin America & Caribbean,,1980,88.26
Brazil,BRA,Latin America & Caribbean,Upper middle income,1980,89.0
Ecuador,ECU,Latin America & Caribbean,Upper middle income,1980,90.35
Cuba,CUB,Latin America & Caribbean,Upper middle income,1980,92.36
Guyana,GUY,Latin America & Caribbean,High income,1980,98.89
Tunisia,TUN,Middle East & North Africa,Lower middle income,1980,42.03
Morocco,MAR,Middle East & North Africa,Lower middle income,1980,71.25
Afghanistan,AFG,Middle East & North Africa,Low income,1980,80.82
Syrian Arab Republic,SYR,Middle East & North Africa,Low income,1980,81.76
Libya,LBY,Middle East & North Africa,Upper middle income,1980,87.23
Jordan,JOR,Middle East & North Africa,Lower middle income,1980,94.27
Malta,MLT,Middle East & North Africa,High income,1980,95.46
Qatar,QAT,Middle East & North Africa,High income,1980,97.94
Sri Lanka,LKA,South Asia,Lower middle income,1980,82.2
Burundi,BDI,Sub-Saharan Africa,Low income,1980,14.43
Zambia,ZMB,Sub-Saharan Africa,Lower middle income,1980,21.55
Gabon,GAB,Sub-Saharan Africa,Upper middle income,1980,31.39
Burkina Faso,BFA,Sub-Saharan Africa,Low income,1980,33.76
Cameroon,CMR,Sub-Saharan Africa,Lower middle income,1980,35.62
Senegal,SEN,Sub-Saharan Africa,Lower middle income,1980,43.91
Cabo Verde,CPV,Sub-Saharan Africa,Upper middle income,1980,51.43
Central African Republic,CAF,Sub-Saharan Africa,Low income,1980,53.11
Mauritania,MRT,Sub-Saharan Africa,Lower middle income,1980,55.65
Cote d'Ivoire,CIV,Sub-Saharan Africa,Lower middle income,1980,55.85
Niger,NER,Sub-Saharan Africa,Low income,1980,60.5
Guinea-Bissau,GNB,Sub-Saharan Africa,Low income,1980,62.27
Mali,MLI,Sub-Saharan Africa,Low income,1980,69.9
"Gambia, The",GMB,Sub-Saharan Africa,Low income,1980,72.39
Guinea,GIN,Sub-Saharan Africa,Lower middle income,1980,75.48
Togo,TGO,Sub-Saharan Africa,Low income,1980,76.91
Benin,BEN,Sub-Saharan Africa,Lower middle income,1980,81.16
Eswatini,SWZ,Sub-Saharan Africa,Lower middle income,1980,82.65
Malawi,MWI,Sub-Saharan Africa,Low income,1980,83.95
Kenya,KEN,Sub-Saharan Africa,Lower middle income,1980,85.61
Seychelles,SYC,Sub-Saharan Africa,High income,1980,98.17
"Congo, Rep.",COG,Sub-Saharan Africa,Lower middle income,1980,99.35
Kiribati,KIR,East Asia & Pacific,Lower middle income,1981,13.25
Tonga,TON,East Asia & Pacific,Upper middle income,1981,88.58
"Hong Kong SAR, China",HKG,East Asia & Pacific,High income,1981,90.45
Brunei Darussalam,BRN,East Asia & Pacific,High income,1981,92.51
Singapore,SGP,East Asia & Pacific,High income,1981,94.84
"Korea, Rep.",KOR,East Asia & Pacific,High income,1981,97.42
Netherlands,NLD,Europe & Central Asia,High income,1981,70.41
Cyprus,CYP,Europe & Central Asia,High income,1981,89.58
Poland,POL,Europe & Central Asia,High income,1981,98.21
Greece,GRC,Europe & Central Asia,High income,1981,98.55
Bulgaria,BGR,Europe & Central Asia,High income,1981,98.68
Spain,ESP,Europe & Central Asia,High income,1981,98.73
Ukraine,UKR,Europe & Central Asia,Upper middle income,1981,99.24
Italy,ITA,Europe & Central Asia,High income,1981,99.28
Hungary,HUN,Europe & Central Asia,High income,1981,99.83
Belarus,BLR,Europe & Central Asia,Upper middle income,1981,99.93
Suriname,SUR,Latin America & Caribbean,Upper middle income,1981,48.92
Haiti,HTI,Latin America & Caribbean,Lower middle income,1981,53.0
Costa Rica,CRI,Latin America & Caribbean,High income,1981,53.39
Mexico,MEX,Latin America & Caribbean,Upper middle income,1981,85.81
Panama,PAN,Latin America & Caribbean,High income,1981,86.66
"Venezuela, RB",VEN,Latin America & Caribbean,,1981,88.19
Ecuador,ECU,Latin America & Caribbean,Upper middle income,1981,89.81
Cuba,CUB,Latin America & Caribbean,Upper middle income,1981,93.72
Brazil,BRA,Latin America & Caribbean,Upper middle income,1981,94.47
El Salvador,SLV,Latin America & Caribbean,Upper middle income,1981,98.55
Guyana,GUY,Latin America & Caribbean,High income,1981,100.0
Tunisia,TUN,Middle East & North Africa,Lower middle income,1981,41.23
Algeria,DZA,Middle East & North Africa,Upper middle income,1981,71.05
Syrian Arab Republic,SYR,Middle East & North Africa,Low income,1981,82.63
Bahrain,BHR,Middle East & North Africa,High income,1981,87.6
Jordan,JOR,Middle East & North Africa,Lower middle income,1981,95.23
Qatar,QAT,Middle East & North Africa,High income,1981,98.8
Kuwait,KWT,Middle East & North Africa,High income,1981,99.96
Sri Lanka,LKA,South Asia,Lower middle income,1981,78.56
Burundi,BDI,Sub-Saharan Africa,Low income,1981,17.02
Cameroon,CMR,Sub-Saharan Africa,Lower middle income,1981,35.47
Burkina Faso,BFA,Sub-Saharan Africa,Low income,1981,36.33
Senegal,SEN,Sub-Saharan Africa,Lower middle income,1981,45.16
Cabo Verde,CPV,Sub-Saharan Africa,Upper middle income,1981,48.41
Togo,TGO,Sub-Saharan Africa,Low income,1981,64.1
Central African Republic,CAF,Sub-Saharan Africa,Low income,1981,66.37
"Gambia, The",GMB,Sub-Saharan Africa,Low income,1981,66.84
Angola,AGO,Sub-Saharan Africa,Lower middle income,1981,67.56
Guinea-Bissau,GNB,Sub-Saharan Africa,Low income,1981,78.83
Eswatini,SWZ,Sub-Saharan Africa,Lower middle income,1981,81.09
Malawi,MWI,Sub-Saharan Africa,Low income,1981,82.42
Seychelles,SYC,Sub-Saharan Africa,High income,1981,98.43
Kiribati,KIR,East Asia & Pacific,Lower middle income,1982,15.03
Singapore,SGP,East Asia & Pacific,High income,1982,71.88
New Caledonia,NCL,East Asia & Pacific,High income,1982,83.26
"Hong Kong SAR, China",HKG,East Asia & Pacific,High income,1982,91.49
"Korea, Rep.",KOR,East Asia & Pacific,High income,1982,97.0
Brunei Darussalam,BRN,East Asia & Pacific,High income,1982,99.56
Netherlands,NLD,Europe & Central Asia,High income,1982,70.71
Cyprus,CYP,Europe & Central Asia,High income,1982,89.57
Poland,POL,Europe & Central Asia,High income,1982,98.03
Greece,GRC,Europe & Central Asia,High income,1982,98.73
Bulgaria,BGR,Europe & Central Asia,High income,1982,98.74
Spain,ESP,Europe & Central Asia,High income,1982,99.17
Italy,ITA,Europe & Central Asia,High income,1982,99.19
Ukraine,UKR,Europe & Central Asia,Upper middle income,1982,99.86
Hungary,HUN,Europe & Central Asia,High income,1982,99.89
Belarus,BLR,Europe & Central Asia,Upper middle income,1982,99.93
St. Lucia,LCA,Latin America & Caribbean,Upper middle income,1982,32.18
Suriname,SUR,Latin America & Caribbean,Upper middle income,1982,36.42
Costa Rica,CRI,Latin America & Caribbean,High income,1982,52.87
Haiti,HTI,Latin America & Caribbean,Lower middle income,1982,74.88
Mexico,MEX,Latin America & Caribbean,Upper middle income,1982,84.61
Panama,PAN,Latin America & Caribbean,High income,1982,88.24
"Venezuela, RB",VEN,Latin America & Caribbean,,1982,88.59
Ecuador,ECU,Latin America & Caribbean,Upper middle income,1982,90.03
Colombia,COL,Latin America & Caribbean,Upper middle income,1982,94.49
Chile,CHL,Latin America & Caribbean,High income,1982,94.82
Cuba,CUB,Latin America & Caribbean,Upper middle income,1982,95.46
El Salvador,SLV,Latin America & Caribbean,Upper middle income,1982,97.44
Guyana,GUY,Latin America & Caribbean,High income,1982,100.0
Tunisia,TUN,Middle East & North Africa,Lower middle income,1982,45.66
Iraq,IRQ,Middle East & North Africa,Upper middle income,1982,67.12
Morocco,MAR,Middle East & North Africa,Lower middle income,1982,71.19
Syrian Arab Republic,SYR,Middle East & North Africa,Low income,1982,83.64
Bahrain,BHR,Middle East & North Africa,High income,1982,90.37
Oman,OMN,Middle East & North Africa,High income,1982,90.57
Jordan,JOR,Middle East & North Africa,Lower middle income,1982,95.05
United Arab Emirates,ARE,Middle East & North Africa,High income,1982,97.76
Malta,MLT,Middle East & North Africa,High income,1982,98.65
Kuwait,KWT,Middle East & North Africa,High income,1982,99.06
Sri Lanka,LKA,South Asia,Lower middle income,1982,89.42
Burundi,BDI,Sub-Saharan Africa,Low income,1982,10.95
Zambia,ZMB,Sub-Saharan Africa,Lower middle income,1982,24.17
Mozambique,MOZ,Sub-Saharan Africa,Low income,1982,32.06
Gabon,GAB,Sub-Saharan Africa,Upper middle income,1982,35.31
Burkina Faso,BFA,Sub-Saharan Africa,Low income,1982,35.46
Cameroon,CMR,Sub-Saharan Africa,Lower middle income,1982,40.55
Cote d'Ivoire,CIV,Sub-Saharan Africa,Lower middle income,1982,48.08
Cabo Verde,CPV,Sub-Saharan Africa,Upper middle income,1982,49.97
Senegal,SEN,Sub-Saharan Africa,Lower middle income,1982,50.66
Togo,TGO,Sub-Saharan Africa,Low income,1982,60.28
"Gambia, The",GMB,Sub-Saharan Africa,Low income,1982,67.21
Benin,BEN,Sub-Saharan Africa,Lower middle income,1982,69.69
Mali,MLI,Sub-Saharan Africa,Low income,1982,69.8
Central African Republic,CAF,Sub-Saharan Africa,Low income,1982,70.95
Guinea-Bissau,GNB,Sub-Saharan Africa,Low income,1982,80.96
Malawi,MWI,Sub-Saharan Africa,Low income,1982,81.1
Eswatini,SWZ,Sub-Saharan Africa,Lower middle income,1982,81.26
"Congo, Rep.",COG,Sub-Saharan Africa,Lower middle income,1982,95.22
Seychelles,SYC,Sub-Saharan Africa,High income,1982,98.05
Kiribati,KIR,East Asia & Pacific,Lower middle income,1983,17.81
Indonesia,IDN,East Asia & Pacific,Upper middle income,1983,60.54
Singapore,SGP,East Asia & Pacific,High income,1983,81.46
New Caledonia,NCL,East Asia & Pacific,High income,1983,81.94
Brunei Darussalam,BRN,East Asia & Pacific,High income,1983,85.8
"Hong Kong SAR, China",HKG,East Asia & Pacific,High income,1983,91.36
Fiji,FJI,East Asia & Pacific,Upper middle income,1983,93.03
"Korea, Rep.",KOR,East Asia & Pacific,High income,1983,97.99
Netherlands,NLD,Europe & Central Asia,High income,1983,71.34
Poland,POL,Europe & Central Asia,High income,1983,97.52
Cyprus,CYP,Europe & Central Asia,High income,1983,98.0
Greece,GRC,Europe & Central Asia,High income,1983,98.44
Bulgaria,BGR,Europe & Central Asia,High income,1983,98.5
Italy,ITA,Europe & Central Asia,High income,1983,99.35
Spain,ESP,Europe & Central Asia,High income,1983,99.62
Hungary,HUN,Europe & Central Asia,High income,1983,99.74
Ukraine,UKR,Europe & Central Asia,Upper middle income,1983,99.99
Belarus,BLR,Europe & Central Asia,Upper middle income,1983,100.0
Suriname,SUR,Latin America & Caribbean,Upper middle income,1983,32.3
St. Lucia,LCA,Latin America & Caribbean,Upper middle income,1983,35.64
Costa Rica,CRI,Latin America & Caribbean,High income,1983,54.06
Colombia,COL,Latin America & Caribbean,Upper middle income,1983,54.56
Ecuador,ECU,Latin America & Caribbean,Upper middle income,1983,75.13
Brazil,BRA,Latin America & Caribbean,Upper middle income,1983,89.84
Panama,PAN,Latin America & Caribbean,High income,1983,90.08
"Venezuela, RB",VEN,Latin America & Caribbean,,1983,90.7
El Salvador,SLV,Latin America & Caribbean,Upper middle income,1983,94.99
Jamaica,JAM,Latin America & Caribbean,Upper middle income,1983,96.6
Cuba,CUB,Latin America & Caribbean,Upper middle income,1983,96.97
Guyana,GUY,Latin America & Caribbean,High income,1983,100.0
Tunisia,TUN,Middle East & North Africa,Lower middle income,1983,57.31
Syrian Arab Republic,SYR,Middle East & North Africa,Low income,1983,84.32
Algeria,DZA,Middle East & North Africa,Upper middle income,1983,84.7
"Iran, Islamic Rep.",IRN,Middle East & North Africa,Upper middle income,1983,86.01
Oman,OMN,Middle East & North Africa,High income,1983,89.97
Bahrain,BHR,Middle East & North Africa,High income,1983,91.35
United Arab Emirates,ARE,Middle East & North Africa,High income,1983,97.32
Qatar,QAT,Middle East & North Africa,High income,1983,97.34
Malta,MLT,Middle East & North Africa,High income,1983,97.91
Kuwait,KWT,Middle East & North Africa,High income,1983,99.58
Sri Lanka,LKA,South Asia,Lower middle income,1983,86.79
Burundi,BDI,Sub-Saharan Africa,Low income,1983,11.17
Zambia,ZMB,Sub-Saharan Africa,Lower middle income,1983,25.74
Burkina Faso,BFA,Sub-Saharan Africa,Low income,1983,39.38
Cameroon,CMR,Sub-Saharan Africa,Lower middle income,1983,39.69
Senegal,SEN,Sub-Saharan Africa,Lower middle income,1983,44.84
Gabon,GAB,Sub-Saharan Africa,Upper middle income,1983,45.17
Cote d'Ivoire,CIV,Sub-Saharan Africa,Lower middle income,1983,45.55
Togo,TGO,Sub-Saharan Africa,Low income,1983,49.97
Cabo Verde,CPV,Sub-Saharan Africa,Upper middle income,1983,51.88
Benin,BEN,Sub-Saharan Africa,Lower middle income,1983,55.33
Mauritius,MUS,Sub-Saharan Africa,Upper middle income,1983,65.82
"Gambia, The",GMB,Sub-Saharan Africa,Low income,1983,67.95
Mali,MLI,Sub-Saharan Africa,Low income,1983,72.48
Eswatini,SWZ,Sub-Saharan Africa,Lower middle income,1983,80.1
Zimbabwe,ZWE,Sub-Saharan Africa,Lower middle income,1983,83.02
Malawi,MWI,Sub-Saharan Africa,Low income,1983,83.5
Guinea-Bissau,GNB,Sub-Saharan Africa,Low income,1983,92.3
"Congo, Rep.",COG,Sub-Saharan Africa,Lower middle income,1983,98.24
Seychelles,SYC,Sub-Saharan Africa,High income,1983,98.96
Indonesia,IDN,East Asia & Pacific,Upper middle income,1984,58.39
"Hong Kong SAR, China",HKG,East Asia & Pacific,High income,1984,91.1
Tonga,TON,East Asia & Pacific,Upper middle income,1984,93.31
Fiji,FJI,East Asia & Pacific,Upper middle income,1984,93.47
"Korea, Rep.",KOR,East Asia & Pacific,High income,1984,98.45
Netherlands,NLD,Europe & Central Asia,High income,1984,72.78
Poland,POL,Europe & Central Asia,High income,1984,97.38
Cyprus,CYP,Europe & Central Asia,High income,1984,97.55
Bulgaria,BGR,Europe & Central Asia,High income,1984,98.56
Greece,GRC,Europe & Central Asia,High income,1984,99.05
Spain,ESP,Europe & Central Asia,High income,1984,99.11
Italy,ITA,Europe & Central Asia,High income,1984,99.29
Hungary,HUN,Europe & Central Asia,High income,1984,99.79
Belarus,BLR,Europe & Central Asia,Upper middle income,1984,99.93
Ukraine,UKR,Europe & Central Asia,Upper middle income,1984,99.97
San Marino,SMR,Europe & Central Asia,High income,1984,100.0
Suriname,SUR,Latin America & Caribbean,Upper middle income,1984,46.89
Costa Rica,CRI,Latin America & Caribbean,High income,1984,53.47
Colombia,COL,Latin America & Caribbean,Upper middle income,1984,56.58
Haiti,HTI,Latin America & Caribbean,Lower middle income,1984,79.35
Ecuador,ECU,Latin America & Caribbean,Upper middle income,1984,79.5
Mexico,MEX,Latin America & Caribbean,Upper middle income,1984,79.93
Panama,PAN,Latin America & Caribbean,High income,1984,83.57
Trinidad and Tobago,TTO,Latin America & Caribbean,High income,1984,87.78
"Venezuela, RB",VEN,Latin America & Caribbean,,1984,91.2
Brazil,BRA,Latin America & Caribbean,Upper middle income,1984,91.96
Cuba,CUB,Latin America & Caribbean,Upper middle income,1984,96.97
Morocco,MAR,Middle East & North Africa,Lower middle income,1984,51.06
Tunisia,TUN,Middle East & North Africa,Lower middle income,1984,57.12
Iraq,IRQ,Middle East & North Africa,Upper middle income,1984,83.63
Algeria,DZA,Middle East & North Africa,Upper middle income,1984,84.09
Syrian Arab Republic,SYR,Middle East & North Africa,Low income,1984,84.35
"Iran, Islamic Rep.",IRN,Middle East & North Africa,Upper middle income,1984,86.53
Afghanistan,AFG,Middle East & North Africa,Low income,1984,89.53
Oman,OMN,Middle East & North Africa,High income,1984,91.87
Malta,MLT,Middle East & North Africa,High income,1984,92.4
United Arab Emirates,ARE,Middle East & North Africa,High income,1984,95.05
Qatar,QAT,Middle East & North Africa,High income,1984,96.3
Kuwait,KWT,Middle East & North Africa,High income,1984,99.25
Sri Lanka,LKA,South Asia,Lower middle income,1984,85.1
Burundi,BDI,Sub-Saharan Africa,Low income,1984,11.7
Gabon,GAB,Sub-Saharan Africa,Upper middle income,1984,35.65
Cameroon,CMR,Sub-Saharan Africa,Lower middle income,1984,41.33
Cabo Verde,CPV,Sub-Saharan Africa,Upper middle income,1984,43.23
Mozambique,MOZ,Sub-Saharan Africa,Low income,1984,47.81
Cote d'Ivoire,CIV,Sub-Saharan Africa,Lower middle income,1984,49.8
Togo,TGO,Sub-Saharan Africa,Low income,1984,50.82
Botswana,BWA,Sub-Saharan Africa,Upper middle income,1984,50.99
Benin,BEN,Sub-Saharan Africa,Lower middle income,1984,57.81
Mali,MLI,Sub-Saharan Africa,Low income,1984,59.16
Mauritius,MUS,Sub-Saharan Africa,Upper middle income,1984,66.16
Guinea,GIN,Sub-Saharan Africa,Lower middle income,1984,68.93
"Gambia, The",GMB,Sub-Saharan Africa,Low income,1984,70.85
Eswatini,SWZ,Sub-Saharan Africa,Lower middle income,1984,78.73
Malawi,MWI,Sub-Saharan Africa,Low income,1984,84.84
Seychelles,SYC,Sub-Saharan Africa,High income,1984,98.86
Kiribati,KIR,East Asia & Pacific,Lower middle income,1985,22.85
Indonesia,IDN,East Asia & Pacific,Upper middle income,1985,56.81
New Caledonia,NCL,East Asia & Pacific,High income,1985,82.9
Fiji,FJI,East Asia & Pacific,Upper middle income,1985,95.2
"Korea, Rep.",KOR,East Asia & Pacific,High income,1985,98.84
Turkiye,TUR,Europe & Central Asia,Upper middle income,1985,47.74
Poland,POL,Europe & Central Asia,High income,1985,97.37
France,FRA,Europe & Central Asia,High income,1985,97.82
Greece,GRC,Europe & Central Asia,High income,1985,98.78
Bulgaria,BGR,Europe & Central Asia,High income,1985,98.94
Cyprus,CYP,Europe & Central Asia,High income,1985,99.06
Italy,ITA,Europe & Central Asia,High income,1985,99.48
Hungary,HUN,Europe & Central Asia,High income,1985,99.7
Spain,ESP,Europe & Central Asia,High income,1985,99.73
Belarus,BLR,Europe & Central Asia,Upper middle income,1985,100.0
San Marino,SMR,Europe & Central Asia,High income,1985,100.0
Costa Rica,CRI,Latin America & Caribbean,High income,1985,58.16
Colombia,COL,Latin America & Caribbean,Upper middle income,1985,64.91
Haiti,HTI,Latin America & Caribbean,Lower middle income,1985,66.94
Mexico,MEX,Latin America & Caribbean,Upper middle income,1985,82.75
Panama,PAN,Latin America & Caribbean,High income,1985,86.44
"Venezuela, RB",VEN,Latin America & Caribbean,,1985,90.46
Cuba,CUB,Latin America & Caribbean,Upper middle income,1985,96.06
Jamaica,JAM,Latin America & Caribbean,Upper middle income,1985,100.0
Djibouti,DJI,Middle East & North Africa,Lower middle income,1985,48.55
Tunisia,TUN,Middle East & North Africa,Lower middle income,1985,58.81
Morocco,MAR,Middle East & North Africa,Lower middle income,1985,70.26
Iraq,IRQ,Middle East & North Africa,Upper middle income,1985,78.05
Syrian Arab Republic,SYR,Middle East & North Africa,Low income,1985,83.44
"Iran, Islamic Rep.",IRN,Middle East & North Africa,Upper middle income,1985,86.76
Malta,MLT,Middle East & North Africa,High income,1985,88.19
Oman,OMN,Middle East & North Africa,High income,1985,93.34
Qatar,QAT,Middle East & North Africa,High income,1985,96.35
Bahrain,BHR,Middle East & North Africa,High income,1985,97.0
United Arab Emirates,ARE,Middle East & North Africa,High income,1985,97.27
Sri Lanka,LKA,South Asia,Lower middle income,1985,87.87
Burundi,BDI,Sub-Saharan Africa,Low income,1985,12.49
Niger,NER,Sub-Saharan Africa,Low income,1985,31.59
Cameroon,CMR,Sub-Saharan Africa,Lower middle income,1985,40.77
Senegal,SEN,Sub-Saharan Africa,Lower middle income,1985,43.88
Mozambique,MOZ,Sub-Saharan Africa,Low income,1985,45.29
Botswana,BWA,Sub-Saharan Africa,Upper middle income,1985,47.62
Cote d'Ivoire,CIV,Sub-Saharan Africa,Lower middle income,1985,48.18
Benin,BEN,Sub-Saharan Africa,Lower middle income,1985,48.53
Mauritania,MRT,Sub-Saharan Africa,Lower middle income,1985,51.27
Central African Republic,CAF,Sub-Saharan Africa,Low income,1985,56.76
Guinea,GIN,Sub-Saharan Africa,Lower middle income,1985,57.77
"Gambia, The",GMB,Sub-Saharan Africa,Low income,1985,59.74
Cabo Verde,CPV,Sub-Saharan Africa,Upper middle income,1985,63.24
Lesotho,LSO,Sub-Saharan Africa,Lower middle income,1985,63.65
Mauritius,MUS,Sub-Saharan Africa,Upper middle income,1985,64.17
Togo,TGO,Sub-Saharan Africa,Low income,1985,67.27
Mali,MLI,Sub-Saharan Africa,Low income,1985,69.78
Eswatini,SWZ,Sub-Saharan Africa,Lower middle income,1985,78.72
Malawi,MWI,Sub-Saharan Africa,Low income,1985,82.0
Rwanda,RWA,Sub-Saharan Africa,Low income,1985,85.5
Seychelles,SYC,Sub-Saharan Africa,High income,1985,98.76
New Caledonia,NCL,East Asia & Pacific,High income,1986,83.99
"Korea, Rep.",KOR,East Asia & Pacific,High income,1986,98.97
Turkiye,TUR,Europe & Central Asia,Upper middle income,1986,47.13
France,FRA,Europe & Central Asia,High income,1986,96.14
Poland,POL,Europe & Central Asia,High income,1986,97.34
Cyprus,CYP,Europe & Central Asia,High income,1986,98.29
Greece,GRC,Europe & Central Asia,High income,1986,99.04
Finland,FIN,Europe & Central Asia,High income,1986,99.17
Italy,ITA,Europe & Central Asia,High income,1986,99.45
Spain,ESP,Europe & Central Asia,High income,1986,99.69
Hungary,HUN,Europe & Central Asia,High income,1986,99.78
Bulgaria,BGR,Europe & Central Asia,High income,1986,99.8
Costa Rica,CRI,Latin America & Caribbean,High income,1986,59.12
Colombia,COL,Latin America & Caribbean,Upper middle income,1986,61.59
Haiti,HTI,Latin America & Caribbean,Lower middle income,1986,73.36
Mexico,MEX,Latin America & Caribbean,Upper middle income,1986,82.03
Panama,PAN,Latin America & Caribbean,High income,1986,85.47
"Venezuela, RB",VEN,Latin America & Caribbean,,1986,92.15
Cuba,CUB,Latin America & Caribbean,Upper middle income,1986,95.28
Tunisia,TUN,Middle East & North Africa,Lower middle income,1986,51.41
Djibouti,DJI,Middle East & North Africa,Lower middle income,1986,55.0
Iraq,IRQ,Middle East & North Africa,Upper middle income,1986,73.08
Morocco,MAR,Middle East & North Africa,Lower middle income,1986,74.55
Syrian Arab Republic,SYR,Middle East & North Africa,Low income,1986,80.74
"Iran, Islamic Rep.",IRN,Middle East & North Africa,Upper middle income,1986,83.11
Malta,MLT,Middle East & North Africa,High income,1986,89.4
Qatar,QAT,Middle East & North Africa,High income,1986,94.1
Oman,OMN,Middle East & North Africa,High income,1986,95.74
Jordan,JOR,Middle East & North Africa,Lower middle income,1986,95.75
United Arab Emirates,ARE,Middle East & North Africa,High income,1986,96.8
India,IND,South Asia,Lower middle income,1986,86.84
Sri Lanka,LKA,South Asia,Lower middle income,1986,94.44
Burundi,BDI,Sub-Saharan Africa,Low income,1986,13.9
Guinea,GIN,Sub-Saharan Africa,Lower middle income,1986,42.7
Central African Republic,CAF,Sub-Saharan Africa,Low income,1986,43.38
Cameroon,CMR,Sub-Saharan Africa,Lower middle income,1986,44.36
Cote d'Ivoire,CIV,Sub-Saharan Africa,Lower middle income,1986,46.05
Mauritania,MRT,Sub-Saharan Africa,Lower middle income,1986,47.67
Botswana,BWA,Sub-Saharan Africa,Upper middle income,1986,49.48
"Gambia, The",GMB,Sub-Saharan Africa,Low income,1986,52.63
Comoros,COM,Sub-Saharan Africa,Lower middle income,1986,54.06
Gabon,GAB,Sub-Saharan Africa,Upper middle income,1986,57.38
Benin,BEN,Sub-Saharan Africa,Lower middle income,1986,59.74
Togo,TGO,Sub-Saharan Africa,Low income,1986,65.63
Mali,MLI,Sub-Saharan Africa,Low income,1986,66.23
Mauritius,MUS,Sub-Saharan Africa,Upper middle income,1986,67.19
Lesotho,LSO,Sub-Saharan Africa,Lower middle income,1986,67.68
Eswatini,SWZ,Sub-Saharan Africa,Lower middle income,1986,80.98
"Congo, Rep.",COG,Sub-Saharan Africa,Lower middle income,1986,83.55
Malawi,MWI,Sub-Saharan Africa,Low income,1986,85.93
Rwanda,RWA,Sub-Saharan Africa,Low income,1986,88.2
Ethiopia,ETH,Sub-Saharan Africa,,1986,89.11
Seychelles,SYC,Sub-Saharan Africa,High income,1986,97.03
Indonesia,IDN,East Asia & Pacific,Upper middle income,1987,56.26
New Caledonia,NCL,East Asia & Pacific,High income,1987,84.34
"Korea, Rep.",KOR,East Asia & Pacific,High income,1987,98.94
Turkiye,TUR,Europe & Central Asia,Upper middle income,1987,49.28
Poland,POL,Europe & Central Asia,High income,1987,97.34
Italy,ITA,Europe & Central Asia,High income,1987,97.6
Bulgaria,BGR,Europe & Central Asia,High income,1987,98.72
Greece,GRC,Europe & Central Asia,High income,1987,98.78
Spain,ESP,Europe & Central Asia,High income,1987,98.93
Finland,FIN,Europe & Central Asia,High income,1987,99.06
Cyprus,CYP,Europe & Central Asia,High income,1987,99.07
Hungary,HUN,Europe & Central Asia,High income,1987,99.54
Costa Rica,CRI,Latin America & Caribbean,High income,1987,62.29
Colombia,COL,Latin America & Caribbean,Upper middle income,1987,62.78
Mexico,MEX,Latin America & Caribbean,Upper middle income,1987,81.36
Trinidad and Tobago,TTO,Latin America & Caribbean,High income,1987,83.82
Dominica,DMA,Latin America & Caribbean,Upper middle income,1987,86.03
Panama,PAN,Latin America & Caribbean,High income,1987,87.11
El Salvador,SLV,Latin America & Caribbean,Upper middle income,1987,88.83
"Venezuela, RB",VEN,Latin America & Caribbean,,1987,90.35
Nicaragua,NIC,Latin America & Caribbean,Lower middle income,1987,93.77
Cuba,CUB,Latin America & Caribbean,Upper middle income,1987,98.18
Djibouti,DJI,Middle East & North Africa,Lower middle income,1987,49.41
Tunisia,TUN,Middle East & North Africa,Lower middle income,1987,54.65
Iraq,IRQ,Middle East & North Africa,Upper middle income,1987,70.86
Morocco,MAR,Middle East & North Africa,Lower middle income,1987,75.97
Syrian Arab Republic,SYR,Middle East & North Africa,Low income,1987,78.01
"Iran, Islamic Rep.",IRN,Middle East & North Africa,Upper middle income,1987,84.79
Malta,MLT,Middle East & North Africa,High income,1987,88.19
Oman,OMN,Middle East & North Africa,High income,1987,94.24
Bahrain,BHR,Middle East & North Africa,High income,1987,96.46
Jordan,JOR,Middle East & North Africa,Lower middle income,1987,97.85
United Arab Emirates,ARE,Middle East & North Africa,High income,1987,98.79
Qatar,QAT,Middle East & North Africa,High income,1987,99.17
India,IND,South Asia,Lower middle income,1987,89.83
Burundi,BDI,Sub-Saharan Africa,Low income,1987,17.9
Senegal,SEN,Sub-Saharan Africa,Lower middle income,1987,43.06
Cameroon,CMR,Sub-Saharan Africa,Lower middle income,1987,44.9
Mauritania,MRT,Sub-Saharan Africa,Lower middle income,1987,45.26
Cote d'Ivoire,CIV,Sub-Saharan Africa,Lower middle income,1987,46.91
Central African Republic,CAF,Sub-Saharan Africa,Low income,1987,52.25
Burkina Faso,BFA,Sub-Saharan Africa,Low income,1987,55.6
Botswana,BWA,Sub-Saharan Africa,Upper middle income,1987,57.25
Cabo Verde,CPV,Sub-Saharan Africa,Upper middle income,1987,57.35
Guinea,GIN,Sub-Saharan Africa,Lower middle income,1987,57.94
Gabon,GAB,Sub-Saharan Africa,Upper middle income,1987,58.08
Mauritius,MUS,Sub-Saharan Africa,Upper middle income,1987,63.05
Mali,MLI,Sub-Saharan Africa,Low income,1987,68.01
Togo,TGO,Sub-Saharan Africa,Low income,1987,76.23
Malawi,MWI,Sub-Saharan Africa,Low income,1987,80.31
Eswatini,SWZ,Sub-Saharan Africa,Lower middle income,1987,80.5
Chad,TCD,Sub-Saharan Africa,Low income,1987,81.57
Ethiopia,ETH,Sub-Saharan Africa,,1987,87.41
Rwanda,RWA,Sub-Saharan Africa,Low income,1987,87.76
Seychelles,SYC,Sub-Saharan Africa,High income,1987,99.03
Kiribati,KIR,East Asia & Pacific,Lower middle income,1988,27.84
New Caledonia,NCL,East Asia & Pacific,High income,1988,88.61
Turkiye,TUR,Europe & Central Asia,Upper middle income,1988,49.38
Poland,POL,Europe & Central Asia,High income,1988,97.21
Spain,ESP,Europe & Central Asia,High income,1988,97.25
France,FRA,Europe & Central Asia,High income,1988,97.71
Italy,ITA,Europe & Central Asia,High income,1988,98.21
Greece,GRC,Europe & Central Asia,High income,1988,99.09
Finland,FIN,Europe & Central Asia,High income,1988,99.26
Bulgaria,BGR,Europe & Central Asia,High income,1988,99.28
Hungary,HUN,Europe & Central Asia,High income,1988,99.87
Costa Rica,CRI,Latin America & Caribbean,High income,1988,63.18
Colombia,COL,Latin America & Caribbean,Upper middle income,1988,63.41
Mexico,MEX,Latin America & Caribbean,Upper middle income,1988,81.59
El Salvador,SLV,Latin America & Caribbean,Upper middle income,1988,84.84
"Venezuela, RB",VEN,Latin America & Caribbean,,1988,93.13
Cuba,CUB,Latin America & Caribbean,Upper middle income,1988,97.28
Nicaragua,NIC,Latin America & Caribbean,Lower middle income,1988,97.59
Djibouti,DJI,Middle East & North Africa,Lower middle income,1988,38.39
Iraq,IRQ,Middle East & North Africa,Upper middle income,1988,71.43
Morocco,MAR,Middle East & North Africa,Lower middle income,1988,75.0
Syrian Arab Republic,SYR,Middle East & North Africa,Low income,1988,76.14
"Iran, Islamic Rep.",IRN,Middle East & North Africa,Upper middle income,1988,86.44
Algeria,DZA,Middle East & North Africa,Upper middle income,1988,90.79
Qatar,QAT,Middle East & North Africa,High income,1988,92.9
Jordan,JOR,Middle East & North Africa,Lower middle income,1988,94.07
Oman,OMN,Middle East & North Africa,High income,1988,95.35
Malta,MLT,Middle East & North Africa,High income,1988,98.8
United Arab Emirates,ARE,Middle East & North Africa,High income,1988,99.49
Sri Lanka,LKA,South Asia,Lower middle income,1988,96.03
Burundi,BDI,Sub-Saharan Africa,Low income,1988,17.47
Mauritania,MRT,Sub-Saharan Africa,Lower middle income,1988,38.89
Niger,NER,Sub-Saharan Africa,Low income,1988,49.71
Cote d'Ivoire,CIV,Sub-Saharan Africa,Lower middle income,1988,52.07
Central African Republic,CAF,Sub-Saharan Africa,Low income,1988,53.55
Burkina Faso,BFA,Sub-Saharan Africa,Low income,1988,58.66
Madagascar,MDG,Sub-Saharan Africa,Low income,1988,59.85
Senegal,SEN,Sub-Saharan Africa,Lower middle income,1988,61.01
Botswana,BWA,Sub-Saharan Africa,Upper middle income,1988,61.74
Togo,TGO,Sub-Saharan Africa,Low income,1988,62.44
Mauritius,MUS,Sub-Saharan Africa,Upper middle income,1988,71.03
Guinea,GIN,Sub-Saharan Africa,Lower middle income,1988,74.13
Chad,TCD,Sub-Saharan Africa,Low income,1988,75.1
"Congo, Rep.",COG,Sub-Saharan Africa,Lower middle income,1988,81.63
Rwanda,RWA,Sub-Saharan Africa,Low income,1988,86.57
Eswatini,SWZ,Sub-Saharan Africa,Lower middle income,1988,88.1
Malawi,MWI,Sub-Saharan Africa,Low income,1988,89.35
Seychelles,SYC,Sub-Saharan Africa,High income,1988,99.1
Kiribati,KIR,East Asia & Pacific,Lower middle income,1989,32.88
China,CHN,East Asia & Pacific,Upper middle income,1989,63.73
Philippines,PHL,East Asia & Pacific,Lower middle income,1989,93.99
New Caledonia,NCL,East Asia & Pacific,High income,1989,97.04
Turkiye,TUR,Europe & Central Asia,Upper middle income,1989,48.43
Bulgaria,BGR,Europe & Central Asia,High income,1989,93.54
Poland,POL,Europe & Central Asia,High income,1989,97.27
Italy,ITA,Europe & Central Asia,High income,1989,97.56
France,FRA,Europe & Central Asia,High income,1989,97.88
Finland,FIN,Europe & Central Asia,High income,1989,98.86
Cyprus,CYP,Europe & Central Asia,High income,1989,99.63
Hungary,HUN,Europe & Central Asia,High income,1989,99.76
Spain,ESP,Europe & Central Asia,High income,1989,99.76
Costa Rica,CRI,Latin America & Caribbean,High income,1989,64.74
Mexico,MEX,Latin America & Caribbean,Upper middle income,1989,80.62
"Venezuela, RB",VEN,Latin America & Caribbean,,1989,92.74
Jamaica,JAM,Latin America & Caribbean,Upper middle income,1989,97.93
Cuba,CUB,Latin America & Caribbean,Upper middle income,1989,98.21
Tunisia,TUN,Middle East & North Africa,Lower middle income,1989,69.26
Syrian Arab Republic,SYR,Middle East & North Africa,Low income,1989,74.83
Morocco,MAR,Middle East & North Africa,Lower middle income,1989,83.98
"Iran, Islamic Rep.",IRN,Middle East & North Africa,Upper middle income,1989,86.34
Algeria,DZA,Middle East & North Africa,Upper middle income,1989,91.0
Malta,MLT,Middle East & North Africa,High income,1989,94.04
Qatar,QAT,Middle East & North Africa,High income,1989,94.7
Oman,OMN,Middle East & North Africa,High income,1989,96.82
United Arab Emirates,ARE,Middle East & North Africa,High income,1989,98.8
Sri Lanka,LKA,South Asia,Lower middle income,1989,96.35
Burundi,BDI,Sub-Saharan Africa,Low income,1989,11.12
Benin,BEN,Sub-Saharan Africa,Lower middle income,1989,34.52
Senegal,SEN,Sub-Saharan Africa,Lower middle income,1989,38.83
Niger,NER,Sub-Saharan Africa,Low income,1989,42.94
Central African Republic,CAF,Sub-Saharan Africa,Low income,1989,49.88
Cote d'Ivoire,CIV,Sub-Saharan Africa,Lower middle income,1989,53.26
Mozambique,MOZ,Sub-Saharan Africa,Low income,1989,53.82
Cabo Verde,CPV,Sub-Saharan Africa,Upper middle income,1989,55.86
Burkina Faso,BFA,Sub-Saharan Africa,Low income,1989,59.56
Madagascar,MDG,Sub-Saharan Africa,Low income,1989,62.97
Guinea,GIN,Sub-Saharan Africa,Lower middle income,1989,65.08
Mauritius,MUS,Sub-Saharan Africa,Upper middle income,1989,66.7
Botswana,BWA,Sub-Saharan Africa,Upper middle income,1989,73.23
Togo,TGO,Sub-Saharan Africa,Low income,1989,78.62
Chad,TCD,Sub-Saharan Africa,Low income,1989,82.03
Rwanda,RWA,Sub-Saharan Africa,Low income,1989,83.28
Eswatini,SWZ,Sub-Saharan Africa,Lower middle income,1989,85.0
Malawi,MWI,Sub-Saharan Africa,Low income,1989,90.7
Kiribati,KIR,East Asia & Pacific,Lower middle income,1990,34.48
China,CHN,East Asia & Pacific,Upper middle income,1990,69.39
"Hong Kong SAR, China",HKG,East Asia & Pacific,High income,1990,98.43
Turkiye,TUR,Europe & Central Asia,Upper middle income,1990,51.38
Ukraine,UKR,Europe & Central Asia,Upper middle income,1990,89.23
France,FRA,Europe & Central Asia,High income,1990,97.85
Poland,POL,Europe & Central Asia,High income,1990,97.9
Italy,ITA,Europe & Central Asia,High income,1990,98.12
Bulgaria,BGR,Europe & Central Asia,High income,1990,98.31
Finland,FIN,Europe & Central Asia,High income,1990,99.12
Hungary,HUN,Europe & Central Asia,High income,1990,100.0
Costa Rica,CRI,Latin America & Caribbean,High income,1990,64.19
Mexico,MEX,Latin America & Caribbean,Upper middle income,1990,80.72
"Venezuela, RB",VEN,Latin America & Caribbean,,1990,94.22
Cuba,CUB,Latin America & Caribbean,Upper middle income,1990,97.62
Morocco,MAR,Middle East & North Africa,Lower middle income,1990,67.61
Tunisia,TUN,Middle East & North Africa,Lower middle income,1990,69.66
Syrian Arab Republic,SYR,Middle East & North Africa,Low income,1990,72.94
"Iran, Islamic Rep.",IRN,Middle East & North Africa,Upper middle income,1990,87.75
Algeria,DZA,Middle East & North Africa,Upper middle income,1990,90.0
Malta,MLT,Middle East & North Africa,High income,1990,96.13
Bahrain,BHR,Middle East & North Africa,High income,1990,97.58
United Arab Emirates,ARE,Middle East & North Africa,High income,1990,98.27
Qatar,QAT,Middle East & North Africa,High income,1990,98.83
Sri Lanka,LKA,South Asia,Lower middle income,1990,97.5
Cameroon,CMR,Sub-Saharan Africa,Lower middle income,1990,45.09
Mauritania,MRT,Sub-Saharan Africa,Lower middle income,1990,45.24
Cote d'Ivoire,CIV,Sub-Saharan Africa,Lower middle income,1990,51.0
Central African Republic,CAF,Sub-Saharan Africa,Low income,1990,56.13
Burkina Faso,BFA,Sub-Saharan Africa,Low income,1990,56.43
Madagascar,MDG,Sub-Saharan Africa,Low income,1990,63.67
Chad,TCD,Sub-Saharan Africa,Low income,1990,65.14
Guinea,GIN,Sub-Saharan Africa,Lower middle income,1990,67.69
Niger,NER,Sub-Saharan Africa,Low income,1990,68.41
Togo,TGO,Sub-Saharan Africa,Low income,1990,71.47
Mauritius,MUS,Sub-Saharan Africa,Upper middle income,1990,74.78
Rwanda,RWA,Sub-Saharan Africa,Low income,1990,82.75
Eswatini,SWZ,Sub-Saharan Africa,Lower middle income,1990,85.67
Botswana,BWA,Sub-Saharan Africa,Upper middle income,1990,89.7
Malawi,MWI,Sub-Saharan Africa,Low income,1990,91.02
South Africa,ZAF,Sub-Saharan Africa,Upper middle income,1990,98.77
Kiribati,KIR,East Asia & Pacific,Lower middle income,1991,34.98
China,CHN,East Asia & Pacific,Upper middle income,1991,71.81
Brunei Darussalam,BRN,East Asia & Pacific,High income,1991,90.59
"Hong Kong SAR, China",HKG,East Asia & Pacific,High income,1991,98.73
Turkiye,TUR,Europe & Central Asia,Upper middle income,1991,55.19
Ukraine,UKR,Europe & Central Asia,Upper middle income,1991,89.98
France,FRA,Europe & Central Asia,High income,1991,97.73
Bulgaria,BGR,Europe & Central Asia,High income,1991,98.27
Poland,POL,Europe & Central Asia,High income,1991,98.33
Finland,FIN,Europe & Central Asia,High income,1991,98.5
Greece,GRC,Europe & Central Asia,High income,1991,98.63
Italy,ITA,Europe & Central Asia,High income,1991,99.69
Hungary,HUN,Europe & Central Asia,High income,1991,99.96
Belarus,BLR,Europe & Central Asia,Upper middle income,1991,100.0
Costa Rica,CRI,Latin America & Caribbean,High income,1991,66.77
Mexico,MEX,Latin America & Caribbean,Upper middle income,1991,80.99
El Salvador,SLV,Latin America & Caribbean,Upper middle income,1991,87.14
Belize,BLZ,Latin America & Caribbean,Upper middle income,1991,92.71
"Venezuela, RB",VEN,Latin America & Caribbean,,1991,94.11
Guyana,GUY,Latin America & Caribbean,High income,1991,95.55
Cuba,CUB,Latin America & Caribbean,Upper middle income,1991,96.47
Brazil,BRA,Latin America & Caribbean,Upper middle income,1991,100.0
Djibouti,DJI,Middle East & North Africa,Lower middle income,1991,54.24
Syrian Arab Republic,SYR,Middle East & North Africa,Low income,1991,72.0
Tunisia,TUN,Middle East & North Africa,Lower middle income,1991,72.29
Algeria,DZA,Middle East & North Africa,Upper middle income,1991,90.91
Qatar,QAT,Middle East & North Africa,High income,1991,93.51
United Arab Emirates,ARE,Middle East & North Africa,High income,1991,94.02
Oman,OMN,Middle East & North Africa,High income,1991,97.7
Morocco,MAR,Middle East & North Africa,Lower middle income,1991,97.83
Jordan,JOR,Middle East & North Africa,Lower middle income,1991,97.9
Bahrain,BHR,Middle East & North Africa,High income,1991,99.08
Malta,MLT,Middle East & North Africa,High income,1991,99.94
Nepal,NPL,South Asia,Lower middle income,1991,88.88
Sri Lanka,LKA,South Asia,Lower middle income,1991,96.52
Burundi,BDI,Sub-Saharan Africa,Low income,1991,15.63
"Congo, Dem. Rep.",COD,Sub-Saharan Africa,Low income,1991,31.2
Senegal,SEN,Sub-Saharan Africa,Lower middle income,1991,39.32
Niger,NER,Sub-Saharan Africa,Low income,1991,44.65
Mozambique,MOZ,Sub-Saharan Africa,Low income,1991,48.99
Mauritania,MRT,Sub-Saharan Africa,Lower middle income,1991,49.62
Burkina Faso,BFA,Sub-Saharan Africa,Low income,1991,53.33
Cote d'Ivoire,CIV,Sub-Saharan Africa,Lower middle income,1991,62.54
Togo,TGO,Sub-Saharan Africa,Low income,1991,66.51
Mauritius,MUS,Sub-Saharan Africa,Upper middle income,1991,67.32
Guinea,GIN,Sub-Saharan Africa,Lower middle income,1991,80.32
Botswana,BWA,Sub-Saharan Africa,Upper middle income,1991,82.4
Rwanda,RWA,Sub-Saharan Africa,Low income,1991,85.24
Malawi,MWI,Sub-Saharan Africa,Low income,1991,88.77
Namibia,NAM,Sub-Saharan Africa,Lower middle income,1991,89.85
Eswatini,SWZ,Sub-Saharan Africa,Lower middle income,1991,97.61
Seychelles,SYC,Sub-Saharan Africa,High income,1991,99.07
China,CHN,East Asia & Pacific,Upper middle income,1992,76.84
Lao PDR,LAO,East Asia & Pacific,Lower middle income,1992,78.25
"Macao SAR, China",MAC,East Asia & Pacific,High income,1992,90.68
Brunei Darussalam,BRN,East Asia & Pacific,High income,1992,95.65
"Hong Kong SAR, China",HKG,East Asia & Pacific,High income,1992,98.86
Azerbaijan,AZE,Europe & Central Asia,Upper middle income,1992,95.86
Bulgaria,BGR,Europe & Central Asia,High income,1992,96.68
Slovak Republic,SVK,Europe & Central Asia,High income,1992,96.89
Romania,ROU,Europe & Central Asia,High income,1992,98.23
Finland,FIN,Europe & Central Asia,High income,1992,99.41
Ukraine,UKR,Europe & Central Asia,Upper middle income,1992,99.58
Spain,ESP,Europe & Central Asia,High income,1992,99.78
Cyprus,CYP,Europe & Central Asia,High income,1992,99.9
Belarus,BLR,Europe & Central Asia,Upper middle income,1992,100.0
Hungary,HUN,Europe & Central Asia,High income,1992,100.0
Poland,POL,Europe & Central Asia,High income,1992,100.0
Costa Rica,CRI,Latin America & Caribbean,High income,1992,67.09
Trinidad and Tobago,TTO,Latin America & Caribbean,High income,1992,74.05
Mexico,MEX,Latin America & Caribbean,Upper middle income,1992,82.12
El Salvador,SLV,Latin America & Caribbean,Upper middle income,1992,88.79
"Venezuela, RB",VEN,Latin America & Caribbean,,1992,92.28
Guyana,GUY,Latin America & Caribbean,High income,1992,93.24
Cuba,CUB,Latin America & Caribbean,Upper middle income,1992,96.68
Brazil,BRA,Latin America & Caribbean,Upper middle income,1992,99.08
Djibouti,DJI,Middle East & North Africa,Lower middle income,1992,45.69
Syrian Arab Republic,SYR,Middle East & North Africa,Low income,1992,67.96
Tunisia,TUN,Middle East & North Africa,Lower middle income,1992,80.79
"Iran, Islamic Rep.",IRN,Middle East & North Africa,Upper middle income,1992,90.68
Algeria,DZA,Middle East & North Africa,Upper middle income,1992,91.14
Morocco,MAR,Middle East & North Africa,Lower middle income,1992,91.97
United Arab Emirates,ARE,Middle East & North Africa,High income,1992,96.95
Qatar,QAT,Middle East & North Africa,High income,1992,98.58
Jordan,JOR,Middle East & North Africa,Lower middle income,1992,98.67
Malta,MLT,Middle East & North Africa,High income,1992,99.04
Bahrain,BHR,Middle East & North Africa,High income,1992,99.34
Burundi,BDI,Sub-Saharan Africa,Low income,1992,17.18
"Congo, Dem. Rep.",COD,Sub-Saharan Africa,Low income,1992,36.13
Burkina Faso,BFA,Sub-Saharan Africa,Low income,1992,41.74
Comoros,COM,Sub-Saharan Africa,Lower middle income,1992,42.16
Mozambique,MOZ,Sub-Saharan Africa,Low income,1992,48.76
Mauritania,MRT,Sub-Saharan Africa,Lower middle income,1992,50.96
Cote d'Ivoire,CIV,Sub-Saharan Africa,Lower middle income,1992,56.61
"Congo, Rep.",COG,Sub-Saharan Africa,Lower middle income,1992,71.75
Mauritius,MUS,Sub-Saharan Africa,Upper middle income,1992,71.97
Guinea,GIN,Sub-Saharan Africa,Lower middle income,1992,78.68
Malawi,MWI,Sub-Saharan Africa,Low income,1992,83.86
Botswana,BWA,Sub-Saharan Africa,Upper middle income,1992,88.37
Eswatini,SWZ,Sub-Saharan Africa,Lower middle income,1992,91.43
Seychelles,SYC,Sub-Saharan Africa,High income,1992,96.8
Vanuatu,VUT,East Asia & Pacific,Lower middle income,1993,38.08
China,CHN,East Asia & Pacific,Upper middle income,1993,75.36
Lao PDR,LAO,East Asia & Pacific,Lower middle income,1993,80.61
Brunei Darussalam,BRN,East Asia & Pacific,High income,1993,96.58
"Hong Kong SAR, China",HKG,East Asia & Pacific,High income,1993,99.18
Bulgaria,BGR,Europe & Central Asia,High income,1993,95.31
Azerbaijan,AZE,Europe & Central Asia,Upper middle income,1993,96.79
North Macedonia,MKD,Europe & Central Asia,Upper middle income,1993,97.38
Ukraine,UKR,Europe & Central Asia,Upper middle income,1993,98.81
Spain,ESP,Europe & Central Asia,High income,1993,99.04
Poland,POL,Europe & Central Asia,High income,1993,99.2
Cyprus,CYP,Europe & Central Asia,High income,1993,99.22
Finland,FIN,Europe & Central Asia,High income,1993,99.27
Belarus,BLR,Europe & Central Asia,Upper middle income,1993,99.52
Slovak Republic,SVK,Europe & Central Asia,High income,1993,99.84
Slovenia,SVN,Europe & Central Asia,High income,1993,99.9
Germany,DEU,Europe & Central Asia,High income,1993,99.97
Croatia,HRV,Europe & Central Asia,High income,1993,100.0
Czechia,CZE,Europe & Central Asia,High income,1993,100.0
San Marino,SMR,Europe & Central Asia,High income,1993,100.0
Ecuador,ECU,Latin America & Caribbean,Upper middle income,1993,60.7
Costa Rica,CRI,Latin America & Caribbean,High income,1993,67.9
Mexico,MEX,Latin America & Caribbean,Upper middle income,1993,84.03
Dominican Republic,DOM,Latin America & Caribbean,Upper middle income,1993,84.77
Cuba,CUB,Latin America & Caribbean,Upper middle income,1993,95.38
Brazil,BRA,Latin America & Caribbean,Upper middle income,1993,95.71
Syrian Arab Republic,SYR,Middle East & North Africa,Low income,1993,68.91
Tunisia,TUN,Middle East & North Africa,Lower middle income,1993,80.43
Algeria,DZA,Middle East & North Africa,Upper middle income,1993,90.13
"Iran, Islamic Rep.",IRN,Middle East & North Africa,Upper middle income,1993,91.72
Morocco,MAR,Middle East & North Africa,Lower middle income,1993,92.29
Malta,MLT,Middle East & North Africa,High income,1993,94.73
Oman,OMN,Middle East & North Africa,High income,1993,97.66
Jordan,JOR,Middle East & North Africa,Lower middle income,1993,98.92
Qatar,QAT,Middle East & North Africa,High income,1993,99.06
United Arab Emirates,ARE,Middle East & North Africa,High income,1993,99.49
Bhutan,BTN,South Asia,Lower middle income,1993,89.52
"Congo, Dem. Rep.",COD,Sub-Saharan Africa,Low income,1993,31.19
Burkina Faso,BFA,Sub-Saharan Africa,Low income,1993,42.23
Mauritania,MRT,Sub-Saharan Africa,Lower middle income,1993,50.6
Mozambique,MOZ,Sub-Saharan Africa,Low income,1993,50.63
Madagascar,MDG,Sub-Saharan Africa,Low income,1993,55.45
Cote d'Ivoire,CIV,Sub-Saharan Africa,Lower middle income,1993,66.68
"Congo, Rep.",COG,Sub-Saharan Africa,Lower middle income,1993,69.91
Mauritius,MUS,Sub-Saharan Africa,Upper middle income,1993,69.95
Guinea,GIN,Sub-Saharan Africa,Lower middle income,1993,76.38
Malawi,MWI,Sub-Saharan Africa,Low income,1993,81.61
Botswana,BWA,Sub-Saharan Africa,Upper middle income,1993,86.45
Ethiopia,ETH,Sub-Saharan Africa,,1993,89.46
Eswatini,SWZ,Sub-Saharan Africa,Lower middle income,1993,89.7
Namibia,NAM,Sub-Saharan Africa,Lower middle income,1993,91.76
Seychelles,SYC,Sub-Saharan Africa,High income,1993,95.89
Eritrea,ERI,Sub-Saharan Africa,Low income,1993,96.63
Indonesia,IDN,East Asia & Pacific,Upper middle income,1994,68.36
China,CHN,East Asia & Pacific,Upper middle income,1994,79.79
Samoa,WSM,East Asia & Pacific,Upper middle income,1994,98.39
"Hong Kong SAR, China",HKG,East Asia & Pacific,High income,1994,99.28
"Korea, Rep.",KOR,East Asia & Pacific,High income,1994,99.4
Poland,POL,Europe & Central Asia,High income,1994,96.28
Italy,ITA,Europe & Central Asia,High income,1994,97.61
Moldova,MDA,Europe & Central Asia,Upper middle income,1994,98.05
Belarus,BLR,Europe & Central Asia,Upper middle income,1994,98.11
North Macedonia,MKD,Europe & Central Asia,Upper middle income,1994,98.25
Bulgaria,BGR,Europe & Central Asia,High income,1994,98.6
Croatia,HRV,Europe & Central Asia,High income,1994,99.59
Cyprus,CYP,Europe & Central Asia,High income,1994,99.66
Germany,DEU,Europe & Central Asia,High income,1994,99.99
Czechia,CZE,Europe & Central Asia,High income,1994,100.0
Slovenia,SVN,Europe & Central Asia,High income,1994,100.0
Costa Rica,CRI,Latin America & Caribbean,High income,1994,68.73
Mexico,MEX,Latin America & Caribbean,Upper middle income,1994,85.95
Belize,BLZ,Latin America & Caribbean,Upper middle income,1994,94.23
Cuba,CUB,Latin America & Caribbean,Upper middle income,1994,95.49
Nicaragua,NIC,Latin America & Caribbean,Lower middle income,1994,97.8
Tunisia,TUN,Middle East & North Africa,Lower middle income,1994,81.63
Algeria,DZA,Middle East & North Africa,Upper middle income,1994,90.01
Morocco,MAR,Middle East & North Africa,Lower middle income,1994,91.27
United Arab Emirates,ARE,Middle East & North Africa,High income,1994,98.73
Oman,OMN,Middle East & North Africa,High income,1994,99.23
Kuwait,KWT,Middle East & North Africa,High income,1994,99.72
Qatar,QAT,Middle East & North Africa,High income,1994,99.87
Malta,MLT,Middle East & North Africa,High income,1994,99.96
Mauritania,MRT,Sub-Saharan Africa,Lower middle income,1994,53.73
Mozambique,MOZ,Sub-Saharan Africa,Low income,1994,54.03
Cote d'Ivoire,CIV,Sub-Saharan Africa,Lower middle income,1994,65.04
Chad,TCD,Sub-Saharan Africa,Low income,1994,67.7
Mauritius,MUS,Sub-Saharan Africa,Upper middle income,1994,74.01
Togo,TGO,Sub-Saharan Africa,Low income,1994,81.85
Eswatini,SWZ,Sub-Saharan Africa,Lower middle income,1994,87.61
Ethiopia,ETH,Sub-Saharan Africa,,1994,88.98
Namibia,NAM,Sub-Saharan Africa,Lower middle income,1994,89.18
Eritrea,ERI,Sub-Saharan Africa,Low income,1994,92.74
Botswana,BWA,Sub-Saharan Africa,Upper middle income,1994,92.87
China,CHN,East Asia & Pacific,Upper middle income,1995,88.36
Mongolia,MNG,East Asia & Pacific,Upper middle income,1995,95.74
Samoa,WSM,East Asia & Pacific,Upper middle income,1995,95.92
"Hong Kong SAR, China",HKG,East Asia & Pacific,High income,1995,99.24
Azerbaijan,AZE,Europe & Central Asia,Upper middle income,1995,49.33
Czechia,CZE,Europe & Central Asia,High income,1995,97.79
Georgia,GEO,Europe & Central Asia,Upper middle income,1995,98.2
Belarus,BLR,Europe & Central Asia,Upper middle income,1995,98.54
North Macedonia,MKD,Europe & Central Asia,Upper middle income,1995,98.8
Poland,POL,Europe & Central Asia,High income,1995,99.18
Estonia,EST,Europe & Central Asia,High income,1995,99.2
Slovenia,SVN,Europe & Central Asia,High income,1995,99.31
Bulgaria,BGR,Europe & Central Asia,High income,1995,99.41
Albania,ALB,Europe & Central Asia,Upper middle income,1995,99.52
Croatia,HRV,Europe & Central Asia,High income,1995,99.79
Italy,ITA,Europe & Central Asia,High income,1995,99.82
Germany,DEU,Europe & Central Asia,High income,1995,99.92
Cyprus,CYP,Europe & Central Asia,High income,1995,99.95
Latvia,LVA,Europe & Central Asia,High income,1995,100.0
Lithuania,LTU,Europe & Central Asia,High income,1995,100.0
Romania,ROU,Europe & Central Asia,High income,1995,100.0
Costa Rica,CRI,Latin America & Caribbean,High income,1995,68.68
Trinidad and Tobago,TTO,Latin America & Caribbean,High income,1995,75.28
El Salvador,SLV,Latin America & Caribbean,Upper middle income,1995,91.37
Belize,BLZ,Latin America & Caribbean,Upper middle income,1995,94.27
Cuba,CUB,Latin America & Caribbean,Upper middle income,1995,97.15
Guyana,GUY,Latin America & Caribbean,High income,1995,98.22
Djibouti,DJI,Middle East & North Africa,Lower middle income,1995,58.05
Tunisia,TUN,Middle East & North Africa,Lower middle income,1995,81.7
Algeria,DZA,Middle East & North Africa,Upper middle income,1995,89.64
Malta,MLT,Middle East & North Africa,High income,1995,99.01
Oman,OMN,Middle East & North Africa,High income,1995,99.27
Qatar,QAT,Middle East & North Africa,High income,1995,99.59
West Bank and Gaza,PSE,Middle East & North Africa,Lower middle income,1995,99.88
Senegal,SEN,Sub-Saharan Africa,Lower middle income,1995,44.36
Madagascar,MDG,Sub-Saharan Africa,Low income,1995,62.75
"Congo, Rep.",COG,Sub-Saharan Africa,Lower middle income,1995,66.33
Cote d'Ivoire,CIV,Sub-Saharan Africa,Lower middle income,1995,66.76
Togo,TGO,Sub-Saharan Africa,Low income,1995,69.92
Chad,TCD,Sub-Saharan Africa,Low income,1995,74.05
Mauritius,MUS,Sub-Saharan Africa,Upper middle income,1995,77.61
Eswatini,SWZ,Sub-Saharan Africa,Lower middle income,1995,85.96
Malawi,MWI,Sub-Saharan Africa,Low income,1995,86.66
Namibia,NAM,Sub-Saharan Africa,Lower middle income,1995,89.98
Eritrea,ERI,Sub-Saharan Africa,Low income,1995,93.7
Ethiopia,ETH,Sub-Saharan Africa,,1995,94.02
Lao PDR,LAO,East Asia & Pacific,Lower middle income,1996,74.74
Mongolia,MNG,East Asia & Pacific,Upper middle income,1996,82.64
China,CHN,East Asia & Pacific,Upper middle income,1996,88.44
Samoa,WSM,East Asia & Pacific,Upper middle income,1996,98.03
Azerbaijan,AZE,Europe & Central Asia,Upper middle income,1996,96.24
Bulgaria,BGR,Europe & Central Asia,High income,1996,97.67
North Macedonia,MKD,Europe & Central Asia,Upper middle income,1996,98.21
Georgia,GEO,Europe & Central Asia,Upper middle income,1996,98.42
Cyprus,CYP,Europe & Central Asia,High income,1996,99.25
Hungary,HUN,Europe & Central Asia,High income,1996,99.43
Slovak Republic,SVK,Europe & Central Asia,High income,1996,99.47
Latvia,LVA,Europe & Central Asia,High income,1996,99.57
Lithuania,LTU,Europe & Central Asia,High income,1996,99.59
Italy,ITA,Europe & Central Asia,High income,1996,99.63
Belarus,BLR,Europe & Central Asia,Upper middle income,1996,99.71
Croatia,HRV,Europe & Central Asia,High income,1996,99.91
Kazakhstan,KAZ,Europe & Central Asia,Upper middle income,1996,99.96
Romania,ROU,Europe & Central Asia,High income,1996,99.96
Germany,DEU,Europe & Central Asia,High income,1996,99.99
Poland,POL,Europe & Central Asia,High income,1996,100.0
Trinidad and Tobago,TTO,Latin America & Caribbean,High income,1996,74.73
Mexico,MEX,Latin America & Caribbean,Upper middle income,1996,85.51
"Venezuela, RB",VEN,Latin America & Caribbean,,1996,91.21
Guyana,GUY,Latin America & Caribbean,High income,1996,97.59
Chile,CHL,Latin America & Caribbean,High income,1996,98.57
Djibouti,DJI,Middle East & North Africa,Lower middle income,1996,69.98
Tunisia,TUN,Middle East & North Africa,Lower middle income,1996,84.48
Morocco,MAR,Middle East & North Africa,Lower middle income,1996,87.55
Algeria,DZA,Middle East & North Africa,Upper middle income,1996,91.35
Kuwait,KWT,Middle East & North Africa,High income,1996,97.18
United Arab Emirates,ARE,Middle East & North Africa,High income,1996,98.04
Oman,OMN,Middle East & North Africa,High income,1996,99.07
West Bank and Gaza,PSE,Middle East & North Africa,Lower middle income,1996,99.79
Malta,MLT,Middle East & North Africa,High income,1996,99.98
Senegal,SEN,Sub-Saharan Africa,Lower middle income,1996,42.5
Niger,NER,Sub-Saharan Africa,Low income,1996,47.37
Cote d'Ivoire,CIV,Sub-Saharan Africa,Lower middle income,1996,65.65
Mauritius,MUS,Sub-Saharan Africa,Upper middle income,1996,77.56
Eritrea,ERI,Sub-Saharan Africa,Low income,1996,89.08
Vanuatu,VUT,East Asia & Pacific,Lower middle income,1997,47.65
Papua New Guinea,PNG,East Asia & Pacific,Lower middle income,1997,67.6
Samoa,WSM,East Asia & Pacific,Upper middle income,1997,94.88
Philippines,PHL,East Asia & Pacific,Lower middle income,1997,97.24
"Korea, Rep.",KOR,East Asia & Pacific,High income,1997,99.77
Poland,POL,Europe & Central Asia,High income,1997,97.37
Iceland,ISL,Europe & Central Asia,High income,1997,99.04
Hungary,HUN,Europe & Central Asia,High income,1997,99.4
Slovak Republic,SVK,Europe & Central Asia,High income,1997,99.47
Finland,FIN,Europe & Central Asia,High income,1997,99.97
Uruguay,URY,Latin America & Caribbean,High income,1997,75.57
Malta,MLT,Middle East & North Africa,High income,1997,98.05
Bhutan,BTN,South Asia,Lower middle income,1997,94.94
Cote d'Ivoire,CIV,Sub-Saharan Africa,Lower middle income,1997,61.17
Lesotho,LSO,Sub-Saharan Africa,Lower middle income,1997,66.8
Mauritius,MUS,Sub-Saharan Africa,Upper middle income,1997,78.97
Eswatini,SWZ,Sub-Saharan Africa,Lower middle income,1997,86.64
Namibia,NAM,Sub-Saharan Africa,Lower middle income,1997,91.79
Seychelles,SYC,Sub-Saharan Africa,High income,1997,99.26
Lao PDR,LAO,East Asia & Pacific,Lower middle income,1998,77.0
Cambodia,KHM,East Asia & Pacific,Lower middle income,1998,79.75
Samoa,WSM,East Asia & Pacific,Upper middle income,1998,92.29
Mongolia,MNG,East Asia & Pacific,Upper middle income,1998,95.04
Philippines,PHL,East Asia & Pacific,Lower middle income,1998,97.24
Malaysia,MYS,East Asia & Pacific,Upper middle income,1998,99.05
"Korea, Rep.",KOR,East Asia & Pacific,High income,1998,99.9
Austria,AUT,Europe & Central Asia,High income,1998,94.5
Denmark,DNK,Europe & Central Asia,High income,1998,95.97
Tajikistan,TJK,Europe & Central Asia,Lower middle income,1998,97.12
Azerbaijan,AZE,Europe & Central Asia,Upper middle income,1998,97.92
Bulgaria,BGR,Europe & Central Asia,High income,1998,98.56
Belarus,BLR,Europe & Central Asia,Upper middle income,1998,98.71
Hungary,HUN,Europe & Central Asia,High income,1998,99.25
North Macedonia,MKD,Europe & Central Asia,Upper middle income,1998,99.36
Estonia,EST,Europe & Central Asia,High income,1998,99.41
Norway,NOR,Europe & Central Asia,High income,1998,99.7
Croatia,HRV,Europe & Central Asia,High income,1998,99.74
Slovenia,SVN,Europe & Central Asia,High income,1998,99.8
Romania,ROU,Europe & Central Asia,High income,1998,99.81
Ukraine,UKR,Europe & Central Asia,Upper middle income,1998,99.89
Finland,FIN,Europe & Central Asia,High income,1998,99.91
Iceland,ISL,Europe & Central Asia,High income,1998,99.93
Lithuania,LTU,Europe & Central Asia,High income,1998,99.96
Slovak Republic,SVK,Europe & Central Asia,High income,1998,99.96
Poland,POL,Europe & Central Asia,High income,1998,100.0
Ecuador,ECU,Latin America & Caribbean,Upper middle income,1998,67.81
Dominican Republic,DOM,Latin America & Caribbean,Upper middle income,1998,89.59
Paraguay,PRY,Latin America & Caribbean,Upper middle income,1998,91.13
Peru,PER,Latin America & Caribbean,Upper middle income,1998,95.86
Colombia,COL,Latin America & Caribbean,Upper middle income,1998,96.31
Argentina,ARG,Latin America & Caribbean,Upper middle income,1998,97.21
Syrian Arab Republic,SYR,Middle East & North Africa,Low income,1998,71.7
Morocco,MAR,Middle East & North Africa,Lower middle income,1998,84.58
Tunisia,TUN,Middle East & North Africa,Lower middle income,1998,88.63
Algeria,DZA,Middle East & North Africa,Upper middle income,1998,90.84
Kuwait,KWT,Middle East & North Africa,High income,1998,97.05
Lebanon,LBN,Middle East & North Africa,Lower middle income,1998,97.75
Malta,MLT,Middle East & North Africa,High income,1998,99.8
Bhutan,BTN,South Asia,Lower middle income,1998,93.53
Senegal,SEN,Sub-Saharan Africa,Lower middle income,1998,45.41
Niger,NER,Sub-Saharan Africa,Low income,1998,49.02
Mozambique,MOZ,Sub-Saharan Africa,Low income,1998,50.91
Mauritania,MRT,Sub-Saharan Africa,Lower middle income,1998,54.61
Cote d'Ivoire,CIV,Sub-Saharan Africa,Lower middle income,1998,62.36
Madagascar,MDG,Sub-Saharan Africa,Low income,1998,63.17
Burkina Faso,BFA,Sub-Saharan Africa,Low income,1998,64.84
Lesotho,LSO,Sub-Saharan Africa,Lower middle income,1998,67.24
Chad,TCD,Sub-Saharan Africa,Low income,1998,71.38
Mauritius,MUS,Sub-Saharan Africa,Upper middle income,1998,81.35
"Gambia, The",GMB,Sub-Saharan Africa,Low income,1998,85.48
Malawi,MWI,Sub-Saharan Africa,Low income,1998,87.92
Namibia,NAM,Sub-Saharan Africa,Lower middle income,1998,88.72
Eswatini,SWZ,Sub-Saharan Africa,Lower middle income,1998,90.73
Ethiopia,ETH,Sub-Saharan Africa,,1998,96.22
Botswana,BWA,Sub-Saharan Africa,Upper middle income,1998,96.26
Seychelles,SYC,Sub-Saharan Africa,High income,1998,98.6
South Africa,ZAF,Sub-Saharan Africa,Upper middle income,1998,99.88
Vanuatu,VUT,East Asia & Pacific,Lower middle income,1999,53.49
Myanmar,MMR,East Asia & Pacific,Lower middle income,1999,68.33
Lao PDR,LAO,East Asia & Pacific,Lower middle income,1999,76.24
"Macao SAR, China",MAC,East Asia & Pacific,High income,1999,92.37
Samoa,WSM,East Asia & Pacific,Upper middle income,1999,93.19
Viet Nam,VNM,East Asia & Pacific,Lower middle income,1999,93.37
Mongolia,MNG,East Asia & Pacific,Upper middle income,1999,94.92
Malaysia,MYS,East Asia & Pacific,Upper middle income,1999,99.18
"Korea, Rep.",KOR,East Asia & Pacific,High income,1999,99.62
Fiji,FJI,East Asia & Pacific,Upper middle income,1999,99.64
Italy,ITA,Europe & Central Asia,High income,1999,96.7
Slovenia,SVN,Europe & Central Asia,High income,1999,97.17
Tajikistan,TJK,Europe & Central Asia,Lower middle income,1999,97.55
Azerbaijan,AZE,Europe & Central Asia,Upper middle income,1999,97.96
Georgia,GEO,Europe & Central Asia,Upper middle income,1999,98.56
North Macedonia,MKD,Europe & Central Asia,Upper middle income,1999,99.07
Latvia,LVA,Europe & Central Asia,High income,1999,99.32
Hungary,HUN,Europe & Central Asia,High income,1999,99.37
Estonia,EST,Europe & Central Asia,High income,1999,99.68
Iceland,ISL,Europe & Central Asia,High income,1999,99.75
Finland,FIN,Europe & Central Asia,High income,1999,99.77
Ukraine,UKR,Europe & Central Asia,Upper middle income,1999,99.78
Cyprus,CYP,Europe & Central Asia,High income,1999,99.82
Lithuania,LTU,Europe & Central Asia,High income,1999,99.83
Belarus,BLR,Europe & Central Asia,Upper middle income,1999,99.85
Moldova,MDA,Europe & Central Asia,Upper middle income,1999,99.85
Croatia,HRV,Europe & Central Asia,High income,1999,99.86
Germany,DEU,Europe & Central Asia,High income,1999,99.87
Norway,NOR,Europe & Central Asia,High income,1999,99.87
Denmark,DNK,Europe & Central Asia,High income,1999,99.94
Czechia,CZE,Europe & Central Asia,High income,1999,99.95
Sweden,SWE,Europe & Central Asia,High income,1999,99.99
Switzerland,CHE,Europe & Central Asia,High income,1999,99.99
Russian Federation,RUS,Europe & Central Asia,High income,1999,100.0
Turks and Caicos Islands,TCA,Latin America & Caribbean,High income,1999,67.1
Ecuador,ECU,Latin America & Caribbean,Upper middle income,1999,68.71
Guyana,GUY,Latin America & Caribbean,High income,1999,69.0
Costa Rica,CRI,Latin America & Caribbean,High income,1999,84.76
Uruguay,URY,Latin America & Caribbean,High income,1999,87.34
Mexico,MEX,Latin America & Caribbean,Upper middle income,1999,90.08
Dominican Republic,DOM,Latin America & Caribbean,Upper middle income,1999,91.23
Trinidad and Tobago,TTO,Latin America & Caribbean,High income,1999,92.21
Belize,BLZ,Latin America & Caribbean,Upper middle income,1999,94.45
Paraguay,PRY,Latin America & Caribbean,Upper middle income,1999,95.09
Guatemala,GTM,Latin America & Caribbean,Upper middle income,1999,95.83
"Venezuela, RB",VEN,Latin America & Caribbean,,1999,96.1
Peru,PER,Latin America & Caribbean,Upper middle income,1999,97.04
Cuba,CUB,Latin America & Caribbean,Upper middle income,1999,97.1
Dominica,DMA,Latin America & Caribbean,Upper middle income,1999,97.97
Argentina,ARG,Latin America & Caribbean,Upper middle income,1999,98.2
Cayman Islands,CYM,Latin America & Caribbean,High income,1999,98.63
Barbados,BRB,Latin America & Caribbean,High income,1999,98.82
Nicaragua,NIC,Latin America & Caribbean,Lower middle income,1999,98.83
Aruba,ABW,Latin America & Caribbean,High income,1999,99.7
Djibouti,DJI,Middle East & North Africa,Lower middle income,1999,63.83
Syrian Arab Republic,SYR,Middle East & North Africa,Low income,1999,71.18
Iraq,IRQ,Middle East & North Africa,Upper middle income,1999,77.28
Morocco,MAR,Middle East & North Africa,Lower middle income,1999,87.55
Tunisia,TUN,Middle East & North Africa,Lower middle income,1999,90.39
"Egypt, Arab Rep.",EGY,Middle East & North Africa,Lower middle income,1999,93.09
Lebanon,LBN,Middle East & North Africa,Lower middle income,1999,93.31
Algeria,DZA,Middle East & North Africa,Upper middle income,1999,97.11
Malta,MLT,Middle East & North Africa,High income,1999,97.97
Jordan,JOR,Middle East & North Africa,Lower middle income,1999,98.52
United Arab Emirates,ARE,Middle East & North Africa,High income,1999,98.71
Kuwait,KWT,Middle East & North Africa,High income,1999,99.05
West Bank and Gaza,PSE,Middle East & North Africa,Lower middle income,1999,99.42
Oman,OMN,Middle East & North Africa,High income,1999,99.51
Bahrain,BHR,Middle East & North Africa,High income,1999,99.84
Nepal,NPL,South Asia,Lower middle income,1999,80.44
India,IND,South Asia,Lower middle income,1999,92.59
Bhutan,BTN,South Asia,Lower middle income,1999,93.35
Cameroon,CMR,Sub-Saharan Africa,Lower middle income,1999,30.91
Nigeria,NGA,Sub-Saharan Africa,Lower middle income,1999,33.73
Niger,NER,Sub-Saharan Africa,Low income,1999,48.0
Senegal,SEN,Sub-Saharan Africa,Lower middle income,1999,48.47
Zambia,ZMB,Sub-Saharan Africa,Lower middle income,1999,49.93
Mozambique,MOZ,Sub-Saharan Africa,Low income,1999,60.39
Burkina Faso,BFA,Sub-Saharan Africa,Low income,1999,60.54
Cote d'Ivoire,CIV,Sub-Saharan Africa,Lower middle income,1999,61.51
Lesotho,LSO,Sub-Saharan Africa,Lower middle income,1999,64.2
Madagascar,MDG,Sub-Saharan Africa,Low income,1999,66.05
Chad,TCD,Sub-Saharan Africa,Low income,1999,66.15
"Gambia, The",GMB,Sub-Saharan Africa,Low income,1999,68.69
Zimbabwe,ZWE,Sub-Saharan Africa,Lower middle income,1999,74.6
Mali,MLI,Sub-Saharan Africa,Low income,1999,76.43
Guinea,GIN,Sub-Saharan Africa,Lower middle income,1999,77.71
Mauritius,MUS,Sub-Saharan Africa,Upper middle income,1999,78.0
Togo,TGO,Sub-Saharan Africa,Low income,1999,79.18
Malawi,MWI,Sub-Saharan Africa,Low income,1999,83.91
Eswatini,SWZ,Sub-Saharan Africa,Lower middle income,1999,84.16
Botswana,BWA,Sub-Saharan Africa,Upper middle income,1999,96.44
Ghana,GHA,Sub-Saharan Africa,Lower middle income,1999,96.87
South Africa,ZAF,Sub-Saharan Africa,Upper middle income,1999,97.38
Namibia,NAM,Sub-Saharan Africa,Lower middle income,1999,98.06
Eritrea,ERI,Sub-Saharan Africa,Low income,1999,98.18
Seychelles,SYC,Sub-Saharan Africa,High income,1999,99.01
Vanuatu,VUT,East Asia & Pacific,Lower middle income,2000,44.93
Myanmar,MMR,East Asia & Pacific,Lower middle income,2000,66.13
Lao PDR,LAO,East Asia & Pacific,Lower middle income,2000,77.86
Cambodia,KHM,East Asia & Pacific,Lower middle income,2000,78.61
"Macao SAR, China",MAC,East Asia & Pacific,High income,2000,92.79
Viet Nam,VNM,East Asia & Pacific,Lower middle income,2000,93.42
Mongolia,MNG,East Asia & Pacific,Upper middle income,2000,97.21
Samoa,WSM,East Asia & Pacific,Upper middle income,2000,97.77
Fiji,FJI,East Asia & Pacific,Upper middle income,2000,98.36
Malaysia,MYS,East Asia & Pacific,Upper middle income,2000,99.25
"Korea, Rep.",KOR,East Asia & Pacific,High income,2000,99.34
Albania,ALB,Europe & Central Asia,Upper middle income,2000,97.25
Tajikistan,TJK,Europe & Central Asia,Lower middle income,2000,97.39
Moldova,MDA,Europe & Central Asia,Upper middle income,2000,98.05
Azerbaijan,AZE,Europe & Central Asia,Upper middle income,2000,98.23
Georgia,GEO,Europe & Central Asia,Upper middle income,2000,98.42
Uzbekistan,UZB,Europe & Central Asia,Lower middle income,2000,98.56
Kyrgyz Republic,KGZ,Europe & Central Asia,Lower middle income,2000,98.59
North Macedonia,MKD,Europe & Central Asia,Upper middle income,2000,98.82
Kazakhstan,KAZ,Europe & Central Asia,Upper middle income,2000,98.93
Russian Federation,RUS,Europe & Central Asia,High income,2000,99.31
Bulgaria,BGR,Europe & Central Asia,High income,2000,99.34
Romania,ROU,Europe & Central Asia,High income,2000,99.46
Latvia,LVA,Europe & Central Asia,High income,2000,99.47
Slovak Republic,SVK,Europe & Central Asia,High income,2000,99.49
Cyprus,CYP,Europe & Central Asia,High income,2000,99.53
Slovenia,SVN,Europe & Central Asia,High income,2000,99.63
Croatia,HRV,Europe & Central Asia,High income,2000,99.74
Lithuania,LTU,Europe & Central Asia,High income,2000,99.77
Italy,ITA,Europe & Central Asia,High income,2000,99.78
Finland,FIN,Europe & Central Asia,High income,2000,99.84
Estonia,EST,Europe & Central Asia,High income,2000,99.85
Iceland,ISL,Europe & Central Asia,High income,2000,99.88
Belarus,BLR,Europe & Central Asia,Upper middle income,2000,99.89
Germany,DEU,Europe & Central Asia,High income,2000,99.9
Norway,NOR,Europe & Central Asia,High income,2000,99.92
Sweden,SWE,Europe & Central Asia,High income,2000,99.92
Switzerland,CHE,Europe & Central Asia,High income,2000,99.94
Czechia,CZE,Europe & Central Asia,High income,2000,99.97
Hungary,HUN,Europe & Central Asia,High income,2000,99.99
Poland,POL,Europe & Central Asia,High income,2000,100.0
Ecuador,ECU,Latin America & Caribbean,Upper middle income,2000,70.25
Uruguay,URY,Latin America & Caribbean,High income,2000,81.47
Costa Rica,CRI,Latin America & Caribbean,High income,2000,82.92
Turks and Caicos Islands,TCA,Latin America & Caribbean,High income,2000,88.64
Mexico,MEX,Latin America & Caribbean,Upper middle income,2000,90.63
Dominica,DMA,Latin America & Caribbean,Upper middle income,2000,90.69
St. Kitts and Nevis,KNA,Latin America & Caribbean,High income,2000,91.49
Colombia,COL,Latin America & Caribbean,Upper middle income,2000,92.34
Cayman Islands,CYM,Latin America & Caribbean,High income,2000,92.59
Paraguay,PRY,Latin America & Caribbean,Upper middle income,2000,92.84
El Salvador,SLV,Latin America & Caribbean,Upper middle income,2000,93.21
Belize,BLZ,Latin America & Caribbean,Upper middle income,2000,94.41
Guatemala,GTM,Latin America & Caribbean,Upper middle income,2000,94.43
Cuba,CUB,Latin America & Caribbean,Upper middle income,2000,97.4
Trinidad and Tobago,TTO,Latin America & Caribbean,High income,2000,97.41
Peru,PER,Latin America & Caribbean,Upper middle income,2000,97.55
Argentina,ARG,Latin America & Caribbean,Upper middle income,2000,97.69
Brazil,BRA,Latin America & Caribbean,Upper middle income,2000,97.88
Jamaica,JAM,Latin America & Caribbean,Upper middle income,2000,97.97
"Venezuela, RB",VEN,Latin America & Caribbean,,2000,98.71
Barbados,BRB,Latin America & Caribbean,High income,2000,99.2
Syrian Arab Republic,SYR,Middle East & North Africa,Low income,2000,73.49
Djibouti,DJI,Middle East & North Africa,Lower middle income,2000,79.95
Morocco,MAR,Middle East & North Africa,Lower middle income,2000,87.85
Tunisia,TUN,Middle East & North Africa,Lower middle income,2000,91.92
"Iran, Islamic Rep.",IRN,Middle East & North Africa,Upper middle income,2000,92.32
Algeria,DZA,Middle East & North Africa,Upper middle income,2000,93.26
"Egypt, Arab Rep.",EGY,Middle East & North Africa,Lower middle income,2000,93.33
Lebanon,LBN,Middle East & North Africa,Lower middle income,2000,96.47
Malta,MLT,Middle East & North Africa,High income,2000,98.47
Bahrain,BHR,Middle East & North Africa,High income,2000,99.28
West Bank and Gaza,PSE,Middle East & North Africa,Lower middle income,2000,99.34
Kuwait,KWT,Middle East & North Africa,High income,2000,99.62
Oman,OMN,Middle East & North Africa,High income,2000,99.91
United Arab Emirates,ARE,Middle East & North Africa,High income,2000,99.95
Nepal,NPL,South Asia,Lower middle income,2000,79.65
India,IND,South Asia,Lower middle income,2000,90.55
Bhutan,BTN,South Asia,Lower middle income,2000,93.51
Tanzania,TZA,Sub-Saharan Africa,Lower middle income,2000,19.77
Uganda,UGA,Sub-Saharan Africa,Low income,2000,43.94
Niger,NER,Sub-Saharan Africa,Low income,2000,49.91
Senegal,SEN,Sub-Saharan Africa,Lower middle income,2000,55.19
Burkina Faso,BFA,Sub-Saharan Africa,Low income,2000,61.96
Madagascar,MDG,Sub-Saharan Africa,Low income,2000,62.6
Cote d'Ivoire,CIV,Sub-Saharan Africa,Lower middle income,2000,67.47
Lesotho,LSO,Sub-Saharan Africa,Lower middle income,2000,68.5
"Gambia, The",GMB,Sub-Saharan Africa,Low income,2000,71.71
Chad,TCD,Sub-Saharan Africa,Low income,2000,75.69
Guinea,GIN,Sub-Saharan Africa,Lower middle income,2000,76.98
Mali,MLI,Sub-Saharan Africa,Low income,2000,77.94
Mauritius,MUS,Sub-Saharan Africa,Upper middle income,2000,80.76
Togo,TGO,Sub-Saharan Africa,Low income,2000,81.94
Eswatini,SWZ,Sub-Saharan Africa,Lower middle income,2000,83.88
Ghana,GHA,Sub-Saharan Africa,Lower middle income,2000,85.34
Eritrea,ERI,Sub-Saharan Africa,Low income,2000,86.32
Malawi,MWI,Sub-Saharan Africa,Low income,2000,87.62
Botswana,BWA,Sub-Saharan Africa,Upper middle income,2000,95.92
Seychelles,SYC,Sub-Saharan Africa,High income,2000,98.8
Benin,BEN,Sub-Saharan Africa,Lower middle income,2000,98.97
Tuvalu,TUV,East Asia & Pacific,Upper middle income,2001,69.29
Myanmar,MMR,East Asia & Pacific,Lower middle income,2001,69.94
Indonesia,IDN,East Asia & Pacific,Upper middle income,2001,78.36
Lao PDR,LAO,East Asia & Pacific,Lower middle income,2001,81.19
Cambodia,KHM,East Asia & Pacific,Lower middle income,2001,84.96
"Macao SAR, China",MAC,East Asia & Pacific,High income,2001,93.54
Viet Nam,VNM,East Asia & Pacific,Lower middle income,2001,94.8
Mongolia,MNG,East Asia & Pacific,Upper middle income,2001,97.48
Philippines,PHL,East Asia & Pacific,Lower middle income,2001,98.26
Samoa,WSM,East Asia & Pacific,Upper middle income,2001,98.73
"Hong Kong SAR, China",HKG,East Asia & Pacific,High income,2001,99.03
"Korea, Rep.",KOR,East Asia & Pacific,High income,2001,99.31
Fiji,FJI,East Asia & Pacific,Upper middle income,2001,99.78
Georgia,GEO,Europe & Central Asia,Upper middle income,2001,97.83
Azerbaijan,AZE,Europe & Central Asia,Upper middle income,2001,98.26
Bulgaria,BGR,Europe & Central Asia,High income,2001,98.28
Moldova,MDA,Europe & Central Asia,Upper middle income,2001,98.28
North Macedonia,MKD,Europe & Central Asia,Upper middle income,2001,98.46
Tajikistan,TJK,Europe & Central Asia,Lower middle income,2001,98.88
Kazakhstan,KAZ,Europe & Central Asia,Upper middle income,2001,98.89
Cyprus,CYP,Europe & Central Asia,High income,2001,99.28
Ukraine,UKR,Europe & Central Asia,Upper middle income,2001,99.41
Hungary,HUN,Europe & Central Asia,High income,2001,99.47
Estonia,EST,Europe & Central Asia,High income,2001,99.54
Belarus,BLR,Europe & Central Asia,Upper middle income,2001,99.55
Romania,ROU,Europe & Central Asia,High income,2001,99.56
Uzbekistan,UZB,Europe & Central Asia,Lower middle income,2001,99.6
Kyrgyz Republic,KGZ,Europe & Central Asia,Lower middle income,2001,99.65
Lithuania,LTU,Europe & Central Asia,High income,2001,99.67
Slovak Republic,SVK,Europe & Central Asia,High income,2001,99.69
Latvia,LVA,Europe & Central Asia,High income,2001,99.71
Germany,DEU,Europe & Central Asia,High income,2001,99.78
Iceland,ISL,Europe & Central Asia,High income,2001,99.78
Czechia,CZE,Europe & Central Asia,High income,2001,99.79
Slovenia,SVN,Europe & Central Asia,High income,2001,99.79
Italy,ITA,Europe & Central Asia,High income,2001,99.8
Norway,NOR,Europe & Central Asia,High income,2001,99.88
Switzerland,CHE,Europe & Central Asia,High income,2001,99.89
Croatia,HRV,Europe & Central Asia,High income,2001,99.92
Denmark,DNK,Europe & Central Asia,High income,2001,99.95
Sweden,SWE,Europe & Central Asia,High income,2001,99.95
Finland,FIN,Europe & Central Asia,High income,2001,99.99
Poland,POL,Europe & Central Asia,High income,2001,100.0
St. Lucia,LCA,Latin America & Caribbean,Upper middle income,2001,68.08
Ecuador,ECU,Latin America & Caribbean,Upper middle income,2001,73.06
Turks and Caicos Islands,TCA,Latin America & Caribbean,High income,2001,82.01
Uruguay,URY,Latin America & Caribbean,High income,2001,83.55
Costa Rica,CRI,Latin America & Caribbean,High income,2001,87.88
Cayman Islands,CYM,Latin America & Caribbean,High income,2001,90.81
Paraguay,PRY,Latin America & Caribbean,Upper middle income,2001,91.74
Mexico,MEX,Latin America & Caribbean,Upper middle income,2001,92.75
El Salvador,SLV,Latin America & Caribbean,Upper middle income,2001,95.83
Guatemala,GTM,Latin America & Caribbean,Upper middle income,2001,95.95
Argentina,ARG,Latin America & Caribbean,Upper middle income,2001,97.4
Cuba,CUB,Latin America & Caribbean,Upper middle income,2001,97.73
Peru,PER,Latin America & Caribbean,Upper middle income,2001,97.8
Brazil,BRA,Latin America & Caribbean,Upper middle income,2001,97.91
Barbados,BRB,Latin America & Caribbean,High income,2001,97.98
"Venezuela, RB",VEN,Latin America & Caribbean,,2001,98.8
Aruba,ABW,Latin America & Caribbean,High income,2001,99.4
Colombia,COL,Latin America & Caribbean,Upper middle income,2001,100.0
Syrian Arab Republic,SYR,Middle East & North Africa,Low income,2001,75.01
Morocco,MAR,Middle East & North Africa,Lower middle income,2001,88.58
"Iran, Islamic Rep.",IRN,Middle East & North Africa,Upper middle income,2001,92.57
Algeria,DZA,Middle East & North Africa,Upper middle income,2001,94.47
Lebanon,LBN,Middle East & North Africa,Lower middle income,2001,95.39
Tunisia,TUN,Middle East & North Africa,Lower middle income,2001,95.85
"Egypt, Arab Rep.",EGY,Middle East & North Africa,Lower middle income,2001,96.59
Malta,MLT,Middle East & North Africa,High income,2001,98.71
United Arab Emirates,ARE,Middle East & North Africa,High income,2001,98.99
Bahrain,BHR,Middle East & North Africa,High income,2001,99.19
West Bank and Gaza,PSE,Middle East & North Africa,Lower middle income,2001,99.23
Oman,OMN,Middle East & North Africa,High income,2001,99.51
Kuwait,KWT,Middle East & North Africa,High income,2001,99.58
Israel,ISR,Middle East & North Africa,High income,2001,99.9
Bermuda,BMU,North America,High income,2001,93.52
Nepal,NPL,South Asia,Lower middle income,2001,89.72
India,IND,South Asia,Lower middle income,2001,93.11
Sri Lanka,LKA,South Asia,Lower middle income,2001,98.42
Tanzania,TZA,Sub-Saharan Africa,Lower middle income,2001,20.38
Uganda,UGA,Sub-Saharan Africa,Low income,2001,46.3
Mauritania,MRT,Sub-Saharan Africa,Lower middle income,2001,51.67
Senegal,SEN,Sub-Saharan Africa,Lower middle income,2001,52.99
Niger,NER,Sub-Saharan Africa,Low income,2001,58.72
Mozambique,MOZ,Sub-Saharan Africa,Low income,2001,61.85
Zambia,ZMB,Sub-Saharan Africa,Lower middle income,2001,65.11
"Gambia, The",GMB,Sub-Saharan Africa,Low income,2001,70.47
Madagascar,MDG,Sub-Saharan Africa,Low income,2001,70.93
Mali,MLI,Sub-Saharan Africa,Low income,2001,71.62
"Congo, Rep.",COG,Sub-Saharan Africa,Lower middle income,2001,73.52
Lesotho,LSO,Sub-Saharan Africa,Lower middle income,2001,75.88
Chad,TCD,Sub-Saharan Africa,Low income,2001,77.2
Mauritius,MUS,Sub-Saharan Africa,Upper middle income,2001,80.92
Eswatini,SWZ,Sub-Saharan Africa,Lower middle income,2001,85.33
Malawi,MWI,Sub-Saharan Africa,Low income,2001,85.69
Cabo Verde,CPV,Sub-Saharan Africa,Upper middle income,2001,87.76
Eritrea,ERI,Sub-Saharan Africa,Low income,2001,93.74
Botswana,BWA,Sub-Saharan Africa,Upper middle income,2001,96.83
Ghana,GHA,Sub-Saharan Africa,Lower middle income,2001,96.93
South Africa,ZAF,Sub-Saharan Africa,Upper middle income,2001,97.78
Seychelles,SYC,Sub-Saharan Africa,High income,2001,99.04
Myanmar,MMR,East Asia & Pacific,Lower middle income,2002,70.08
Indonesia,IDN,East Asia & Pacific,Upper middle income,2002,81.76
Lao PDR,LAO,East Asia & Pacific,Lower middle income,2002,83.1
Cambodia,KHM,East Asia & Pacific,Lower middle income,2002,84.81
Marshall Islands,MHL,East Asia & Pacific,Upper middle income,2002,86.57
Brunei Darussalam,BRN,East Asia & Pacific,High income,2002,90.17
"Macao SAR, China",MAC,East Asia & Pacific,High income,2002,97.03
Samoa,WSM,East Asia & Pacific,Upper middle income,2002,97.47
Philippines,PHL,East Asia & Pacific,Lower middle income,2002,97.94
Mongolia,MNG,East Asia & Pacific,Upper middle income,2002,99.25
"Korea, Rep.",KOR,East Asia & Pacific,High income,2002,99.37
"Hong Kong SAR, China",HKG,East Asia & Pacific,High income,2002,99.86
North Macedonia,MKD,Europe & Central Asia,Upper middle income,2002,97.83
Azerbaijan,AZE,Europe & Central Asia,Upper middle income,2002,98.1
Armenia,ARM,Europe & Central Asia,Upper middle income,2002,98.21
Bulgaria,BGR,Europe & Central Asia,High income,2002,98.22
Moldova,MDA,Europe & Central Asia,Upper middle income,2002,98.36
Kyrgyz Republic,KGZ,Europe & Central Asia,Lower middle income,2002,98.42
Georgia,GEO,Europe & Central Asia,Upper middle income,2002,98.53
Tajikistan,TJK,Europe & Central Asia,Lower middle income,2002,98.56
Lithuania,LTU,Europe & Central Asia,High income,2002,99.32
Uzbekistan,UZB,Europe & Central Asia,Lower middle income,2002,99.43
Cyprus,CYP,Europe & Central Asia,High income,2002,99.44
Kazakhstan,KAZ,Europe & Central Asia,Upper middle income,2002,99.55
Iceland,ISL,Europe & Central Asia,High income,2002,99.58
Slovak Republic,SVK,Europe & Central Asia,High income,2002,99.71
Norway,NOR,Europe & Central Asia,High income,2002,99.75
Germany,DEU,Europe & Central Asia,High income,2002,99.76
Romania,ROU,Europe & Central Asia,High income,2002,99.76
Latvia,LVA,Europe & Central Asia,High income,2002,99.8
Slovenia,SVN,Europe & Central Asia,High income,2002,99.8
Switzerland,CHE,Europe & Central Asia,High income,2002,99.82
Czechia,CZE,Europe & Central Asia,High income,2002,99.84
Finland,FIN,Europe & Central Asia,High income,2002,99.84
Italy,ITA,Europe & Central Asia,High income,2002,99.84
Hungary,HUN,Europe & Central Asia,High income,2002,99.87
Croatia,HRV,Europe & Central Asia,High income,2002,99.89
Belarus,BLR,Europe & Central Asia,Upper middle income,2002,99.9
Poland,POL,Europe & Central Asia,High income,2002,100.0
St. Lucia,LCA,Latin America & Caribbean,Upper middle income,2002,69.23
Ecuador,ECU,Latin America & Caribbean,Upper middle income,2002,73.29
Uruguay,URY,Latin America & Caribbean,High income,2002,83.43
Paraguay,PRY,Latin America & Caribbean,Upper middle income,2002,92.13
St. Kitts and Nevis,KNA,Latin America & Caribbean,High income,2002,92.31
Mexico,MEX,Latin America & Caribbean,Upper middle income,2002,93.31
Argentina,ARG,Latin America & Caribbean,Upper middle income,2002,96.52
Brazil,BRA,Latin America & Caribbean,Upper middle income,2002,96.9
El Salvador,SLV,Latin America & Caribbean,Upper middle income,2002,97.18
Dominica,DMA,Latin America & Caribbean,Upper middle income,2002,97.82
Cuba,CUB,Latin America & Caribbean,Upper middle income,2002,98.18
"Venezuela, RB",VEN,Latin America & Caribbean,,2002,98.33
Belize,BLZ,Latin America & Caribbean,Upper middle income,2002,98.62
Barbados,BRB,Latin America & Caribbean,High income,2002,99.46
Aruba,ABW,Latin America & Caribbean,High income,2002,99.83
Morocco,MAR,Middle East & North Africa,Lower middle income,2002,87.45
"Egypt, Arab Rep.",EGY,Middle East & North Africa,Lower middle income,2002,93.29
Algeria,DZA,Middle East & North Africa,Upper middle income,2002,94.47
Lebanon,LBN,Middle East & North Africa,Lower middle income,2002,95.03
Tunisia,TUN,Middle East & North Africa,Lower middle income,2002,95.49
Syrian Arab Republic,SYR,Middle East & North Africa,Low income,2002,97.01
"Iran, Islamic Rep.",IRN,Middle East & North Africa,Upper middle income,2002,97.15
United Arab Emirates,ARE,Middle East & North Africa,High income,2002,97.75
Jordan,JOR,Middle East & North Africa,Lower middle income,2002,98.45
West Bank and Gaza,PSE,Middle East & North Africa,Lower middle income,2002,99.07
Kuwait,KWT,Middle East & North Africa,High income,2002,99.18
Oman,OMN,Middle East & North Africa,High income,2002,99.32
Bahrain,BHR,Middle East & North Africa,High income,2002,99.36
Malta,MLT,Middle East & North Africa,High income,2002,99.67
Israel,ISR,Middle East & North Africa,High income,2002,99.89
Bermuda,BMU,North America,High income,2002,96.83
Nepal,NPL,South Asia,Lower middle income,2002,87.89
India,IND,South Asia,Lower middle income,2002,90.66
Sri Lanka,LKA,South Asia,Lower middle income,2002,98.03
Uganda,UGA,Sub-Saharan Africa,Low income,2002,43.24
Senegal,SEN,Sub-Saharan Africa,Lower middle income,2002,55.55
Niger,NER,Sub-Saharan Africa,Low income,2002,58.41
Burkina Faso,BFA,Sub-Saharan Africa,Low income,2002,61.23
Madagascar,MDG,Sub-Saharan Africa,Low income,2002,64.77
"Congo, Rep.",COG,Sub-Saharan Africa,Lower middle income,2002,68.66
Guinea,GIN,Sub-Saharan Africa,Lower middle income,2002,70.51
Sao Tome and Principe,STP,Sub-Saharan Africa,Lower middle income,2002,72.37
Togo,TGO,Sub-Saharan Africa,Low income,2002,77.13
Mali,MLI,Sub-Saharan Africa,Low income,2002,77.36
Benin,BEN,Sub-Saharan Africa,Lower middle income,2002,78.07
Lesotho,LSO,Sub-Saharan Africa,Lower middle income,2002,78.36
Comoros,COM,Sub-Saharan Africa,Lower middle income,2002,80.22
Mauritius,MUS,Sub-Saharan Africa,Upper middle income,2002,81.65
Chad,TCD,Sub-Saharan Africa,Low income,2002,83.55
Eswatini,SWZ,Sub-Saharan Africa,Lower middle income,2002,84.81
Cabo Verde,CPV,Sub-Saharan Africa,Upper middle income,2002,87.73
Ghana,GHA,Sub-Saharan Africa,Lower middle income,2002,90.57
"Gambia, The",GMB,Sub-Saharan Africa,Low income,2002,91.61
Eritrea,ERI,Sub-Saharan Africa,Low income,2002,96.56
Botswana,BWA,Sub-Saharan Africa,Upper middle income,2002,97.77
South Africa,ZAF,Sub-Saharan Africa,Upper middle income,2002,98.38
Seychelles,SYC,Sub-Saharan Africa,High income,2002,99.75
Myanmar,MMR,East Asia & Pacific,Lower middle income,2003,73.21
Lao PDR,LAO,East Asia & Pacific,Lower middle income,2003,82.21
Indonesia,IDN,East Asia & Pacific,Upper middle income,2003,83.73
Cambodia,KHM,East Asia & Pacific,Lower middle income,2003,84.76
Philippines,PHL,East Asia & Pacific,Lower middle income,2003,96.99
Samoa,WSM,East Asia & Pacific,Upper middle income,2003,97.45
Brunei Darussalam,BRN,East Asia & Pacific,High income,2003,97.89
"Macao SAR, China",MAC,East Asia & Pacific,High income,2003,98.68
"Korea, Rep.",KOR,East Asia & Pacific,High income,2003,98.69
Mongolia,MNG,East Asia & Pacific,Upper middle income,2003,99.28
Fiji,FJI,East Asia & Pacific,Upper middle income,2003,99.32
"Hong Kong SAR, China",HKG,East Asia & Pacific,High income,2003,99.79
Palau,PLW,East Asia & Pacific,High income,2003,100.0
Turkiye,TUR,Europe & Central Asia,Upper middle income,2003,97.64
Armenia,ARM,Europe & Central Asia,Upper middle income,2003,98.05
Tajikistan,TJK,Europe & Central Asia,Lower middle income,2003,98.22
Bulgaria,BGR,Europe & Central Asia,High income,2003,98.3
North Macedonia,MKD,Europe & Central Asia,Upper middle income,2003,98.39
Moldova,MDA,Europe & Central Asia,Upper middle income,2003,98.43
Belarus,BLR,Europe & Central Asia,Upper middle income,2003,98.77
Kyrgyz Republic,KGZ,Europe & Central Asia,Lower middle income,2003,99.02
Azerbaijan,AZE,Europe & Central Asia,Upper middle income,2003,99.24
Lithuania,LTU,Europe & Central Asia,High income,2003,99.39
Uzbekistan,UZB,Europe & Central Asia,Lower middle income,2003,99.42
Estonia,EST,Europe & Central Asia,High income,2003,99.56
Italy,ITA,Europe & Central Asia,High income,2003,99.59
Germany,DEU,Europe & Central Asia,High income,2003,99.64
Iceland,ISL,Europe & Central Asia,High income,2003,99.65
Slovak Republic,SVK,Europe & Central Asia,High income,2003,99.69
Latvia,LVA,Europe & Central Asia,High income,2003,99.71
Kazakhstan,KAZ,Europe & Central Asia,Upper middle income,2003,99.72
Norway,NOR,Europe & Central Asia,High income,2003,99.8
Cyprus,CYP,Europe & Central Asia,High income,2003,99.81
Romania,ROU,Europe & Central Asia,High income,2003,99.81
Hungary,HUN,Europe & Central Asia,High income,2003,99.84
Sweden,SWE,Europe & Central Asia,High income,2003,99.84
Switzerland,CHE,Europe & Central Asia,High income,2003,99.85
Finland,FIN,Europe & Central Asia,High income,2003,99.93
Czechia,CZE,Europe & Central Asia,High income,2003,100.0
Poland,POL,Europe & Central Asia,High income,2003,100.0
St. Lucia,LCA,Latin America & Caribbean,Upper middle income,2003,71.77
Ecuador,ECU,Latin America & Caribbean,Upper middle income,2003,74.0
St. Vincent and the Grenadines,VCT,Latin America & Caribbean,Upper middle income,2003,81.42
Uruguay,URY,Latin America & Caribbean,High income,2003,82.49
St. Kitts and Nevis,KNA,Latin America & Caribbean,High income,2003,90.43
Paraguay,PRY,Latin America & Caribbean,Upper middle income,2003,91.6
Dominican Republic,DOM,Latin America & Caribbean,Upper middle income,2003,92.08
Turks and Caicos Islands,TCA,Latin America & Caribbean,High income,2003,93.95
Mexico,MEX,Latin America & Caribbean,Upper middle income,2003,94.11
Brazil,BRA,Latin America & Caribbean,Upper middle income,2003,95.22
Belize,BLZ,Latin America & Caribbean,Upper middle income,2003,95.37
Argentina,ARG,Latin America & Caribbean,Upper middle income,2003,96.71
Peru,PER,Latin America & Caribbean,Upper middle income,2003,97.79
Barbados,BRB,Latin America & Caribbean,High income,2003,98.12
Cuba,CUB,Latin America & Caribbean,Upper middle income,2003,98.67
"Venezuela, RB",VEN,Latin America & Caribbean,,2003,98.99
Trinidad and Tobago,TTO,Latin America & Caribbean,High income,2003,99.14
Aruba,ABW,Latin America & Caribbean,High income,2003,99.53
Morocco,MAR,Middle East & North Africa,Lower middle income,2003,86.89
"Egypt, Arab Rep.",EGY,Middle East & North Africa,Lower middle income,2003,93.63
Algeria,DZA,Middle East & North Africa,Upper middle income,2003,93.8
Tunisia,TUN,Middle East & North Africa,Lower middle income,2003,95.09
Lebanon,LBN,Middle East & North Africa,Lower middle income,2003,96.14
Syrian Arab Republic,SYR,Middle East & North Africa,Low income,2003,97.82
United Arab Emirates,ARE,Middle East & North Africa,High income,2003,98.48
"Iran, Islamic Rep.",IRN,Middle East & North Africa,Upper middle income,2003,99.1
Kuwait,KWT,Middle East & North Africa,High income,2003,99.17
Bahrain,BHR,Middle East & North Africa,High income,2003,99.21
Jordan,JOR,Middle East & North Africa,Lower middle income,2003,99.31
West Bank and Gaza,PSE,Middle East & North Africa,Lower middle income,2003,99.83
Israel,ISR,Middle East & North Africa,High income,2003,99.97
Bermuda,BMU,North America,High income,2003,91.25
Nepal,NPL,South Asia,Lower middle income,2003,85.61
Bhutan,BTN,South Asia,Lower middle income,2003,94.38
Tanzania,TZA,Sub-Saharan Africa,Lower middle income,2003,27.99
Uganda,UGA,Sub-Saharan Africa,Low income,2003,40.49
Burundi,BDI,Sub-Saharan Africa,Low income,2003,60.77
Niger,NER,Sub-Saharan Africa,Low income,2003,63.23
Senegal,SEN,Sub-Saharan Africa,Lower middle income,2003,64.21
Chad,TCD,Sub-Saharan Africa,Low income,2003,65.92
Lesotho,LSO,Sub-Saharan Africa,Lower middle income,2003,73.68
Madagascar,MDG,Sub-Saharan Africa,Low income,2003,76.61
Sao Tome and Principe,STP,Sub-Saharan Africa,Lower middle income,2003,77.72
Togo,TGO,Sub-Saharan Africa,Low income,2003,78.89
Mauritius,MUS,Sub-Saharan Africa,Upper middle income,2003,80.69
Mali,MLI,Sub-Saharan Africa,Low income,2003,83.13
Guinea,GIN,Sub-Saharan Africa,Lower middle income,2003,83.51
"Congo, Rep.",COG,Sub-Saharan Africa,Lower middle income,2003,87.68
Cabo Verde,CPV,Sub-Saharan Africa,Upper middle income,2003,88.83
"Gambia, The",GMB,Sub-Saharan Africa,Low income,2003,90.63
Comoros,COM,Sub-Saharan Africa,Lower middle income,2003,91.69
Ghana,GHA,Sub-Saharan Africa,Lower middle income,2003,94.37
South Africa,ZAF,Sub-Saharan Africa,Upper middle income,2003,94.86
Seychelles,SYC,Sub-Saharan Africa,High income,2003,94.87
Eritrea,ERI,Sub-Saharan Africa,Low income,2003,95.29
Eswatini,SWZ,Sub-Saharan Africa,Lower middle income,2003,95.57
Botswana,BWA,Sub-Saharan Africa,Upper middle income,2003,97.47
Indonesia,IDN,East Asia & Pacific,Upper middle income,2004,78.59
Lao PDR,LAO,East Asia & Pacific,Lower middle income,2004,81.98
Cambodia,KHM,East Asia & Pacific,Lower middle income,2004,84.4
Philippines,PHL,East Asia & Pacific,Lower middle income,2004,92.28
"Macao SAR, China",MAC,East Asia & Pacific,High income,2004,95.78
Brunei Darussalam,BRN,East Asia & Pacific,High income,2004,96.98
Samoa,WSM,East Asia & Pacific,Upper middle income,2004,98.31
"Korea, Rep.",KOR,East Asia & Pacific,High income,2004,98.93
Malaysia,MYS,East Asia & Pacific,Upper middle income,2004,99.69
"Hong Kong SAR, China",HKG,East Asia & Pacific,High income,2004,99.89
Turkiye,TUR,Europe & Central Asia,Upper middle income,2004,97.72
Tajikistan,TJK,Europe & Central Asia,Lower middle income,2004,97.88
Georgia,GEO,Europe & Central Asia,Upper middle income,2004,97.94
Bulgaria,BGR,Europe & Central Asia,High income,2004,98.34
Liechtenstein,LIE,Europe & Central Asia,High income,2004,98.71
Moldova,MDA,Europe & Central Asia,Upper middle income,2004,98.76
Kyrgyz Republic,KGZ,Europe & Central Asia,Lower middle income,2004,99.08
Azerbaijan,AZE,Europe & Central Asia,Upper middle income,2004,99.27
Lithuania,LTU,Europe & Central Asia,High income,2004,99.27
Latvia,LVA,Europe & Central Asia,High income,2004,99.4
Greece,GRC,Europe & Central Asia,High income,2004,99.42
Iceland,ISL,Europe & Central Asia,High income,2004,99.45
North Macedonia,MKD,Europe & Central Asia,Upper middle income,2004,99.56
Belarus,BLR,Europe & Central Asia,Upper middle income,2004,99.57
Uzbekistan,UZB,Europe & Central Asia,Lower middle income,2004,99.59
Italy,ITA,Europe & Central Asia,High income,2004,99.63
Romania,ROU,Europe & Central Asia,High income,2004,99.65
Hungary,HUN,Europe & Central Asia,High income,2004,99.66
Cyprus,CYP,Europe & Central Asia,High income,2004,99.68
Denmark,DNK,Europe & Central Asia,High income,2004,99.69
Armenia,ARM,Europe & Central Asia,Upper middle income,2004,99.74
Germany,DEU,Europe & Central Asia,High income,2004,99.82
Switzerland,CHE,Europe & Central Asia,High income,2004,99.85
Czechia,CZE,Europe & Central Asia,High income,2004,99.86
Norway,NOR,Europe & Central Asia,High income,2004,99.86
Kazakhstan,KAZ,Europe & Central Asia,Upper middle income,2004,99.92
Estonia,EST,Europe & Central Asia,High income,2004,99.95
Slovak Republic,SVK,Europe & Central Asia,High income,2004,99.96
Finland,FIN,Europe & Central Asia,High income,2004,99.97
Poland,POL,Europe & Central Asia,High income,2004,100.0
Panama,PAN,Latin America & Caribbean,High income,2004,65.31
St. Lucia,LCA,Latin America & Caribbean,Upper middle income,2004,71.03
Ecuador,ECU,Latin America & Caribbean,Upper middle income,2004,78.59
Uruguay,URY,Latin America & Caribbean,High income,2004,82.04
Paraguay,PRY,Latin America & Caribbean,Upper middle income,2004,90.23
Turks and Caicos Islands,TCA,Latin America & Caribbean,High income,2004,92.27
Guatemala,GTM,Latin America & Caribbean,Upper middle income,2004,92.75
Mexico,MEX,Latin America & Caribbean,Upper middle income,2004,94.29
Trinidad and Tobago,TTO,Latin America & Caribbean,High income,2004,95.77
Argentina,ARG,Latin America & Caribbean,Upper middle income,2004,95.87
Costa Rica,CRI,Latin America & Caribbean,High income,2004,96.81
Belize,BLZ,Latin America & Caribbean,Upper middle income,2004,98.06
Peru,PER,Latin America & Caribbean,Upper middle income,2004,98.36
Cuba,CUB,Latin America & Caribbean,Upper middle income,2004,98.67
Cayman Islands,CYM,Latin America & Caribbean,High income,2004,98.68
Dominica,DMA,Latin America & Caribbean,Upper middle income,2004,99.03
Barbados,BRB,Latin America & Caribbean,High income,2004,99.45
Colombia,COL,Latin America & Caribbean,Upper middle income,2004,99.62
"Venezuela, RB",VEN,Latin America & Caribbean,,2004,99.8
Pakistan,PAK,Middle East & North Africa,Lower middle income,2004,71.83
"Yemen, Rep.",YEM,Middle East & North Africa,Low income,2004,87.11
"Iran, Islamic Rep.",IRN,Middle East & North Africa,Upper middle income,2004,90.97
Djibouti,DJI,Middle East & North Africa,Lower middle income,2004,91.35
Algeria,DZA,Middle East & North Africa,Upper middle income,2004,93.74
Tunisia,TUN,Middle East & North Africa,Lower middle income,2004,95.21
Lebanon,LBN,Middle East & North Africa,Lower middle income,2004,95.76
Kuwait,KWT,Middle East & North Africa,High income,2004,96.82
Qatar,QAT,Middle East & North Africa,High income,2004,98.35
Syrian Arab Republic,SYR,Middle East & North Africa,Low income,2004,98.46
Jordan,JOR,Middle East & North Africa,Lower middle income,2004,98.56
Bahrain,BHR,Middle East & North Africa,High income,2004,99.02
United Arab Emirates,ARE,Middle East & North Africa,High income,2004,99.23
West Bank and Gaza,PSE,Middle East & North Africa,Lower middle income,2004,99.24
Malta,MLT,Middle East & North Africa,High income,2004,99.28
Israel,ISR,Middle East & North Africa,High income,2004,99.6
Bermuda,BMU,North America,High income,2004,98.17
Maldives,MDV,South Asia,Upper middle income,2004,92.18
Bhutan,BTN,South Asia,Lower middle income,2004,98.5
Tanzania,TZA,Sub-Saharan Africa,Lower middle income,2004,33.19
Uganda,UGA,Sub-Saharan Africa,Low income,2004,41.69
Mauritania,MRT,Sub-Saharan Africa,Lower middle income,2004,54.31
Burundi,BDI,Sub-Saharan Africa,Low income,2004,58.18
Mozambique,MOZ,Sub-Saharan Africa,Low income,2004,59.49
Senegal,SEN,Sub-Saharan Africa,Lower middle income,2004,64.53
Zambia,ZMB,Sub-Saharan Africa,Lower middle income,2004,64.58
Chad,TCD,Sub-Saharan Africa,Low income,2004,66.62
Burkina Faso,BFA,Sub-Saharan Africa,Low income,2004,66.83
"Congo, Rep.",COG,Sub-Saharan Africa,Lower middle income,2004,70.11
Madagascar,MDG,Sub-Saharan Africa,Low income,2004,73.44
Lesotho,LSO,Sub-Saharan Africa,Lower middle income,2004,74.31
Niger,NER,Sub-Saharan Africa,Low income,2004,74.49
Central African Republic,CAF,Sub-Saharan Africa,Low income,2004,76.44
Sao Tome and Principe,STP,Sub-Saharan Africa,Lower middle income,2004,78.6
Togo,TGO,Sub-Saharan Africa,Low income,2004,79.82
Mali,MLI,Sub-Saharan Africa,Low income,2004,81.33
Mauritius,MUS,Sub-Saharan Africa,Upper middle income,2004,82.1
Malawi,MWI,Sub-Saharan Africa,Low income,2004,82.15
Guinea,GIN,Sub-Saharan Africa,Lower middle income,2004,83.08
"Gambia, The",GMB,Sub-Saharan Africa,Low income,2004,86.87
Namibia,NAM,Sub-Saharan Africa,Lower middle income,2004,91.59
Cabo Verde,CPV,Sub-Saharan Africa,Upper middle income,2004,93.74
Eritrea,ERI,Sub-Saharan Africa,Low income,2004,93.94
Eswatini,SWZ,Sub-Saharan Africa,Lower middle income,2004,95.3
Ghana,GHA,Sub-Saharan Africa,Lower middle income,2004,97.44
Botswana,BWA,Sub-Saharan Africa,Upper middle income,2004,99.03
Ethiopia,ETH,Sub-Saharan Africa,,2004,99.05
Seychelles,SYC,Sub-Saharan Africa,High income,2004,99.89
Myanmar,MMR,East Asia & Pacific,Lower middle income,2005,73.97
Lao PDR,LAO,East Asia & Pacific,Lower middle income,2005,80.55
Cambodia,KHM,East Asia & Pacific,Lower middle income,2005,83.46
Indonesia,IDN,East Asia & Pacific,Upper middle income,2005,88.62
Tonga,TON,East Asia & Pacific,Upper middle income,2005,93.92
"Macao SAR, China",MAC,East Asia & Pacific,High income,2005,96.79
Samoa,WSM,East Asia & Pacific,Upper middle income,2005,97.67
Philippines,PHL,East Asia & Pacific,Lower middle income,2005,98.76
Malaysia,MYS,East Asia & Pacific,Upper middle income,2005,98.84
"Korea, Rep.",KOR,East Asia & Pacific,High income,2005,98.95
Brunei Darussalam,BRN,East Asia & Pacific,High income,2005,99.38
"Hong Kong SAR, China",HKG,East Asia & Pacific,High income,2005,99.95
Liechtenstein,LIE,Europe & Central Asia,High income,2005,96.82
Tajikistan,TJK,Europe & Central Asia,Lower middle income,2005,98.31
Bulgaria,BGR,Europe & Central Asia,High income,2005,98.33
Turkiye,TUR,Europe & Central Asia,Upper middle income,2005,98.39
Moldova,MDA,Europe & Central Asia,Upper middle income,2005,98.64
Lithuania,LTU,Europe & Central Asia,High income,2005,98.72
North Macedonia,MKD,Europe & Central Asia,Upper middle income,2005,98.91
Azerbaijan,AZE,Europe & Central Asia,Upper middle income,2005,99.07
Latvia,LVA,Europe & Central Asia,High income,2005,99.14
Greece,GRC,Europe & Central Asia,High income,2005,99.28
Italy,ITA,Europe & Central Asia,High income,2005,99.36
Slovak Republic,SVK,Europe & Central Asia,High income,2005,99.49
Armenia,ARM,Europe & Central Asia,Upper middle income,2005,99.5
Germany,DEU,Europe & Central Asia,High income,2005,99.59
Romania,ROU,Europe & Central Asia,High income,2005,99.59
Hungary,HUN,Europe & Central Asia,High income,2005,99.61
Belarus,BLR,Europe & Central Asia,Upper middle income,2005,99.66
Georgia,GEO,Europe & Central Asia,Upper middle income,2005,99.67
Norway,NOR,Europe & Central Asia,High income,2005,99.68
Ukraine,UKR,Europe & Central Asia,Upper middle income,2005,99.71
Switzerland,CHE,Europe & Central Asia,High income,2005,99.73
Czechia,CZE,Europe & Central Asia,High income,2005,99.78
Cyprus,CYP,Europe & Central Asia,High income,2005,99.79
Uzbekistan,UZB,Europe & Central Asia,Lower middle income,2005,99.79
Iceland,ISL,Europe & Central Asia,High income,2005,99.83
Finland,FIN,Europe & Central Asia,High income,2005,99.88
Sweden,SWE,Europe & Central Asia,High income,2005,99.95
Croatia,HRV,Europe & Central Asia,High income,2005,99.96
Kyrgyz Republic,KGZ,Europe & Central Asia,Lower middle income,2005,99.96
Denmark,DNK,Europe & Central Asia,High income,2005,99.98
Kazakhstan,KAZ,Europe & Central Asia,Upper middle income,2005,99.98
Poland,POL,Europe & Central Asia,High income,2005,100.0
Honduras,HND,Latin America & Caribbean,Lower middle income,2005,71.39
Ecuador,ECU,Latin America & Caribbean,Upper middle income,2005,77.9
Uruguay,URY,Latin America & Caribbean,High income,2005,82.88
Guatemala,GTM,Latin America & Caribbean,Upper middle income,2005,92.75
Dominica,DMA,Latin America & Caribbean,Upper middle income,2005,92.97
Belize,BLZ,Latin America & Caribbean,Upper middle income,2005,93.52
Mexico,MEX,Latin America & Caribbean,Upper middle income,2005,94.34
Panama,PAN,Latin America & Caribbean,High income,2005,94.74
El Salvador,SLV,Latin America & Caribbean,Upper middle income,2005,95.24
Argentina,ARG,Latin America & Caribbean,Upper middle income,2005,95.39
Peru,PER,Latin America & Caribbean,Upper middle income,2005,98.05
Costa Rica,CRI,Latin America & Caribbean,High income,2005,98.15
Cuba,CUB,Latin America & Caribbean,Upper middle income,2005,98.64
Barbados,BRB,Latin America & Caribbean,High income,2005,98.66
"Bahamas, The",BHS,Latin America & Caribbean,High income,2005,98.92
Colombia,COL,Latin America & Caribbean,Upper middle income,2005,99.54
"Venezuela, RB",VEN,Latin America & Caribbean,,2005,99.58
Cayman Islands,CYM,Latin America & Caribbean,High income,2005,99.78
Pakistan,PAK,Middle East & North Africa,Lower middle income,2005,73.26
Morocco,MAR,Middle East & North Africa,Lower middle income,2005,85.13
Djibouti,DJI,Middle East & North Africa,Lower middle income,2005,87.78
"Iran, Islamic Rep.",IRN,Middle East & North Africa,Upper middle income,2005,89.0
Algeria,DZA,Middle East & North Africa,Upper middle income,2005,92.31
Malta,MLT,Middle East & North Africa,High income,2005,93.9
Lebanon,LBN,Middle East & North Africa,Lower middle income,2005,96.32
Jordan,JOR,Middle East & North Africa,Lower middle income,2005,98.39
Syrian Arab Republic,SYR,Middle East & North Africa,Low income,2005,98.57
Qatar,QAT,Middle East & North Africa,High income,2005,98.59
Israel,ISR,Middle East & North Africa,High income,2005,99.81
United Arab Emirates,ARE,Middle East & North Africa,High income,2005,99.88
Bermuda,BMU,North America,High income,2005,95.27
Maldives,MDV,South Asia,Upper middle income,2005,95.0
Bhutan,BTN,South Asia,Lower middle income,2005,96.57
Sri Lanka,LKA,South Asia,Lower middle income,2005,99.29
Mauritania,MRT,Sub-Saharan Africa,Lower middle income,2005,58.71
Mozambique,MOZ,Sub-Saharan Africa,Low income,2005,60.06
Zambia,ZMB,Sub-Saharan Africa,Lower middle income,2005,61.65
Senegal,SEN,Sub-Saharan Africa,Lower middle income,2005,64.55
Burkina Faso,BFA,Sub-Saharan Africa,Low income,2005,65.41
Chad,TCD,Sub-Saharan Africa,Low income,2005,69.75
Madagascar,MDG,Sub-Saharan Africa,Low income,2005,70.36
Niger,NER,Sub-Saharan Africa,Low income,2005,72.35
Togo,TGO,Sub-Saharan Africa,Low income,2005,79.61
Mali,MLI,Sub-Saharan Africa,Low income,2005,79.68
Lesotho,LSO,Sub-Saharan Africa,Lower middle income,2005,82.16
Mauritius,MUS,Sub-Saharan Africa,Upper middle income,2005,83.48
Malawi,MWI,Sub-Saharan Africa,Low income,2005,83.64
Guinea,GIN,Sub-Saharan Africa,Lower middle income,2005,86.61
Namibia,NAM,Sub-Saharan Africa,Lower middle income,2005,89.8
Eritrea,ERI,Sub-Saharan Africa,Low income,2005,90.75
"Gambia, The",GMB,Sub-Saharan Africa,Low income,2005,93.37
Eswatini,SWZ,Sub-Saharan Africa,Lower middle income,2005,95.55
Ethiopia,ETH,Sub-Saharan Africa,,2005,96.58
Ghana,GHA,Sub-Saharan Africa,Lower middle income,2005,96.69
Botswana,BWA,Sub-Saharan Africa,Upper middle income,2005,98.52
Cabo Verde,CPV,Sub-Saharan Africa,Upper middle income,2005,98.92
Myanmar,MMR,East Asia & Pacific,Lower middle income,2006,72.84
Lao PDR,LAO,East Asia & Pacific,Lower middle income,2006,81.04
Cambodia,KHM,East Asia & Pacific,Lower middle income,2006,81.57
Marshall Islands,MHL,East Asia & Pacific,Upper middle income,2006,93.47
Malaysia,MYS,East Asia & Pacific,Upper middle income,2006,97.71
Philippines,PHL,East Asia & Pacific,Lower middle income,2006,98.05
Samoa,WSM,East Asia & Pacific,Upper middle income,2006,98.2
"Korea, Rep.",KOR,East Asia & Pacific,High income,2006,98.86
Indonesia,IDN,East Asia & Pacific,Upper middle income,2006,98.94
Brunei Darussalam,BRN,East Asia & Pacific,High income,2006,99.18
"Macao SAR, China",MAC,East Asia & Pacific,High income,2006,99.7
"Hong Kong SAR, China",HKG,East Asia & Pacific,High income,2006,99.84
Denmark,DNK,Europe & Central Asia,High income,2006,96.76
Greece,GRC,Europe & Central Asia,High income,2006,97.15
Liechtenstein,LIE,Europe & Central Asia,High income,2006,97.32
Bulgaria,BGR,Europe & Central Asia,High income,2006,97.72
Tajikistan,TJK,Europe & Central Asia,Lower middle income,2006,98.15
Albania,ALB,Europe & Central Asia,Upper middle income,2006,98.39
Turkiye,TUR,Europe & Central Asia,Upper middle income,2006,98.91
Moldova,MDA,Europe & Central Asia,Upper middle income,2006,98.93
Kyrgyz Republic,KGZ,Europe & Central Asia,Lower middle income,2006,99.01
Azerbaijan,AZE,Europe & Central Asia,Upper middle income,2006,99.08
Cyprus,CYP,Europe & Central Asia,High income,2006,99.15
Lithuania,LTU,Europe & Central Asia,High income,2006,99.22
Czechia,CZE,Europe & Central Asia,High income,2006,99.27
Armenia,ARM,Europe & Central Asia,Upper middle income,2006,99.32
Germany,DEU,Europe & Central Asia,High income,2006,99.32
Slovak Republic,SVK,Europe & Central Asia,High income,2006,99.34
North Macedonia,MKD,Europe & Central Asia,Upper middle income,2006,99.52
Serbia,SRB,Europe & Central Asia,Upper middle income,2006,99.57
Croatia,HRV,Europe & Central Asia,High income,2006,99.58
Hungary,HUN,Europe & Central Asia,High income,2006,99.62
Norway,NOR,Europe & Central Asia,High income,2006,99.64
Italy,ITA,Europe & Central Asia,High income,2006,99.68
Ukraine,UKR,Europe & Central Asia,Upper middle income,2006,99.76
Iceland,ISL,Europe & Central Asia,High income,2006,99.77
Switzerland,CHE,Europe & Central Asia,High income,2006,99.77
Uzbekistan,UZB,Europe & Central Asia,Lower middle income,2006,99.81
Finland,FIN,Europe & Central Asia,High income,2006,99.91
Sweden,SWE,Europe & Central Asia,High income,2006,99.91
Belarus,BLR,Europe & Central Asia,Upper middle income,2006,99.94
Kazakhstan,KAZ,Europe & Central Asia,Upper middle income,2006,99.99
Georgia,GEO,Europe & Central Asia,Upper middle income,2006,100.0
Poland,POL,Europe & Central Asia,High income,2006,100.0
Suriname,SUR,Latin America & Caribbean,Upper middle income,2006,55.0
Uruguay,URY,Latin America & Caribbean,High income,2006,78.53
Ecuador,ECU,Latin America & Caribbean,Upper middle income,2006,79.1
Paraguay,PRY,Latin America & Caribbean,Upper middle income,2006,88.37
Cayman Islands,CYM,Latin America & Caribbean,High income,2006,91.78
Guatemala,GTM,Latin America & Caribbean,Upper middle income,2006,93.28
Mexico,MEX,Latin America & Caribbean,Upper middle income,2006,94.7
Belize,BLZ,Latin America & Caribbean,Upper middle income,2006,94.93
Argentina,ARG,Latin America & Caribbean,Upper middle income,2006,94.96
El Salvador,SLV,Latin America & Caribbean,Upper middle income,2006,95.01
Costa Rica,CRI,Latin America & Caribbean,High income,2006,96.71
Aruba,ABW,Latin America & Caribbean,High income,2006,97.76
Peru,PER,Latin America & Caribbean,Upper middle income,2006,97.96
Barbados,BRB,Latin America & Caribbean,High income,2006,98.32
Cuba,CUB,Latin America & Caribbean,Upper middle income,2006,98.49
Dominican Republic,DOM,Latin America & Caribbean,Upper middle income,2006,98.83
Panama,PAN,Latin America & Caribbean,High income,2006,98.88
"Venezuela, RB",VEN,Latin America & Caribbean,,2006,99.25
"Bahamas, The",BHS,Latin America & Caribbean,High income,2006,99.3
Colombia,COL,Latin America & Caribbean,Upper middle income,2006,99.8
Pakistan,PAK,Middle East & North Africa,Lower middle income,2006,78.72
Morocco,MAR,Middle East & North Africa,Lower middle income,2006,86.57
Algeria,DZA,Middle East & North Africa,Upper middle income,2006,93.24
"Iran, Islamic Rep.",IRN,Middle East & North Africa,Upper middle income,2006,96.12
Lebanon,LBN,Middle East & North Africa,Lower middle income,2006,96.91
Malta,MLT,Middle East & North Africa,High income,2006,97.58
Syrian Arab Republic,SYR,Middle East & North Africa,Low income,2006,98.35
Qatar,QAT,Middle East & North Africa,High income,2006,98.85
West Bank and Gaza,PSE,Middle East & North Africa,Lower middle income,2006,99.37
United Arab Emirates,ARE,Middle East & North Africa,High income,2006,99.63
Jordan,JOR,Middle East & North Africa,Lower middle income,2006,99.67
Israel,ISR,Middle East & North Africa,High income,2006,99.83
Bhutan,BTN,South Asia,Lower middle income,2006,97.85
Sri Lanka,LKA,South Asia,Lower middle income,2006,99.45
Cameroon,CMR,Sub-Saharan Africa,Lower middle income,2006,44.92
Niger,NER,Sub-Saharan Africa,Low income,2006,52.62
Mauritania,MRT,Sub-Saharan Africa,Lower middle income,2006,60.79
Uganda,UGA,Sub-Saharan Africa,Low income,2006,64.49
Mozambique,MOZ,Sub-Saharan Africa,Low income,2006,65.69
Zambia,ZMB,Sub-Saharan Africa,Lower middle income,2006,66.57
Burkina Faso,BFA,Sub-Saharan Africa,Low income,2006,66.92
Cote d'Ivoire,CIV,Sub-Saharan Africa,Lower middle income,2006,70.73
Madagascar,MDG,Sub-Saharan Africa,Low income,2006,75.01
Lesotho,LSO,Sub-Saharan Africa,Lower middle income,2006,76.25
Senegal,SEN,Sub-Saharan Africa,Lower middle income,2006,78.61
Guinea,GIN,Sub-Saharan Africa,Lower middle income,2006,80.51
Malawi,MWI,Sub-Saharan Africa,Low income,2006,84.89
Eritrea,ERI,Sub-Saharan Africa,Low income,2006,85.27
Mauritius,MUS,Sub-Saharan Africa,Upper middle income,2006,86.32
Mali,MLI,Sub-Saharan Africa,Low income,2006,86.33
Cabo Verde,CPV,Sub-Saharan Africa,Upper middle income,2006,92.81
Ethiopia,ETH,Sub-Saharan Africa,,2006,95.47
"Gambia, The",GMB,Sub-Saharan Africa,Low income,2006,96.76
Botswana,BWA,Sub-Saharan Africa,Upper middle income,2006,97.66
Cambodia,KHM,East Asia & Pacific,Lower middle income,2007,81.44
Lao PDR,LAO,East Asia & Pacific,Lower middle income,2007,81.73
Indonesia,IDN,East Asia & Pacific,Upper middle income,2007,91.55
Singapore,SGP,East Asia & Pacific,High income,2007,92.93
Marshall Islands,MHL,East Asia & Pacific,Upper middle income,2007,94.0
Malaysia,MYS,East Asia & Pacific,Upper middle income,2007,97.84
"Macao SAR, China",MAC,East Asia & Pacific,High income,2007,98.22
Philippines,PHL,East Asia & Pacific,Lower middle income,2007,99.06
Brunei Darussalam,BRN,East Asia & Pacific,High income,2007,99.66
"Korea, Rep.",KOR,East Asia & Pacific,High income,2007,99.92
"Hong Kong SAR, China",HKG,East Asia & Pacific,High income,2007,99.97
Fiji,FJI,East Asia & Pacific,Upper middle income,2007,99.98
Denmark,DNK,Europe & Central Asia,High income,2007,96.28
Bulgaria,BGR,Europe & Central Asia,High income,2007,97.31
Albania,ALB,Europe & Central Asia,Upper middle income,2007,98.22
Moldova,MDA,Europe & Central Asia,Upper middle income,2007,98.38
Latvia,LVA,Europe & Central Asia,High income,2007,98.47
Turkiye,TUR,Europe & Central Asia,Upper middle income,2007,98.52
Liechtenstein,LIE,Europe & Central Asia,High income,2007,98.55
Belarus,BLR,Europe & Central Asia,Upper middle income,2007,98.7
Tajikistan,TJK,Europe & Central Asia,Lower middle income,2007,98.72
Lithuania,LTU,Europe & Central Asia,High income,2007,99.05
Armenia,ARM,Europe & Central Asia,Upper middle income,2007,99.25
Czechia,CZE,Europe & Central Asia,High income,2007,99.25
Slovak Republic,SVK,Europe & Central Asia,High income,2007,99.39
North Macedonia,MKD,Europe & Central Asia,Upper middle income,2007,99.4
Croatia,HRV,Europe & Central Asia,High income,2007,99.43
Estonia,EST,Europe & Central Asia,High income,2007,99.44
Germany,DEU,Europe & Central Asia,High income,2007,99.54
Azerbaijan,AZE,Europe & Central Asia,Upper middle income,2007,99.58
Switzerland,CHE,Europe & Central Asia,High income,2007,99.61
Ukraine,UKR,Europe & Central Asia,Upper middle income,2007,99.62
Georgia,GEO,Europe & Central Asia,Upper middle income,2007,99.7
Serbia,SRB,Europe & Central Asia,Upper middle income,2007,99.79
Iceland,ISL,Europe & Central Asia,High income,2007,99.83
Hungary,HUN,Europe & Central Asia,High income,2007,99.84
Kyrgyz Republic,KGZ,Europe & Central Asia,Lower middle income,2007,99.85
Cyprus,CYP,Europe & Central Asia,High income,2007,99.91
Sweden,SWE,Europe & Central Asia,High income,2007,99.91
Uzbekistan,UZB,Europe & Central Asia,Lower middle income,2007,99.94
Norway,NOR,Europe & Central Asia,High income,2007,99.95
Italy,ITA,Europe & Central Asia,High income,2007,99.96
Kazakhstan,KAZ,Europe & Central Asia,Upper middle income,2007,99.97
Finland,FIN,Europe & Central Asia,High income,2007,99.98
Russian Federation,RUS,Europe & Central Asia,High income,2007,100.0
Suriname,SUR,Latin America & Caribbean,Upper middle income,2007,67.85
Uruguay,URY,Latin America & Caribbean,High income,2007,88.42
Paraguay,PRY,Latin America & Caribbean,Upper middle income,2007,89.29
Guatemala,GTM,Latin America & Caribbean,Upper middle income,2007,92.87
Guyana,GUY,Latin America & Caribbean,High income,2007,93.63
Mexico,MEX,Latin America & Caribbean,Upper middle income,2007,94.25
Argentina,ARG,Latin America & Caribbean,Upper middle income,2007,95.16
El Salvador,SLV,Latin America & Caribbean,Upper middle income,2007,95.18
"Venezuela, RB",VEN,Latin America & Caribbean,,2007,95.97
Belize,BLZ,Latin America & Caribbean,Upper middle income,2007,96.38
Peru,PER,Latin America & Caribbean,Upper middle income,2007,96.39
Costa Rica,CRI,Latin America & Caribbean,High income,2007,96.93
Dominica,DMA,Latin America & Caribbean,Upper middle income,2007,97.08
Cayman Islands,CYM,Latin America & Caribbean,High income,2007,97.44
Trinidad and Tobago,TTO,Latin America & Caribbean,High income,2007,97.55
St. Lucia,LCA,Latin America & Caribbean,Upper middle income,2007,97.9
St. Vincent and the Grenadines,VCT,Latin America & Caribbean,Upper middle income,2007,98.22
Cuba,CUB,Latin America & Caribbean,Upper middle income,2007,98.48
Barbados,BRB,Latin America & Caribbean,High income,2007,99.08
Colombia,COL,Latin America & Caribbean,Upper middle income,2007,99.58
"Bahamas, The",BHS,Latin America & Caribbean,High income,2007,99.79
Panama,PAN,Latin America & Caribbean,High income,2007,99.84
Pakistan,PAK,Middle East & North Africa,Lower middle income,2007,74.97
Morocco,MAR,Middle East & North Africa,Lower middle income,2007,85.38
Tunisia,TUN,Middle East & North Africa,Lower middle income,2007,94.08
Saudi Arabia,SAU,Middle East & North Africa,High income,2007,94.79
Lebanon,LBN,Middle East & North Africa,Lower middle income,2007,94.81
Algeria,DZA,Middle East & North Africa,Upper middle income,2007,96.58
"Iran, Islamic Rep.",IRN,Middle East & North Africa,Upper middle income,2007,97.78
Syrian Arab Republic,SYR,Middle East & North Africa,Low income,2007,98.65
West Bank and Gaza,PSE,Middle East & North Africa,Lower middle income,2007,99.74
Malta,MLT,Middle East & North Africa,High income,2007,99.79
Qatar,QAT,Middle East & North Africa,High income,2007,99.89
Israel,ISR,Middle East & North Africa,High income,2007,99.98
Jordan,JOR,Middle East & North Africa,Lower middle income,2007,99.99
Nepal,NPL,South Asia,Lower middle income,2007,87.93
Bhutan,BTN,South Asia,Lower middle income,2007,98.25
Maldives,MDV,South Asia,Upper middle income,2007,98.53
Cameroon,CMR,Sub-Saharan Africa,Lower middle income,2007,59.51
Niger,NER,Sub-Saharan Africa,Low income,2007,59.59
Mozambique,MOZ,Sub-Saharan Africa,Low income,2007,64.05
Burundi,BDI,Sub-Saharan Africa,Low income,2007,66.17
Uganda,UGA,Sub-Saharan Africa,Low income,2007,66.43
"Congo, Rep.",COG,Sub-Saharan Africa,Lower middle income,2007,70.06
Burkina Faso,BFA,Sub-Saharan Africa,Low income,2007,73.63
Senegal,SEN,Sub-Saharan Africa,Lower middle income,2007,75.03
Madagascar,MDG,Sub-Saharan Africa,Low income,2007,75.09
Sao Tome and Principe,STP,Sub-Saharan Africa,Lower middle income,2007,75.85
Togo,TGO,Sub-Saharan Africa,Low income,2007,78.11
Zambia,ZMB,Sub-Saharan Africa,Lower middle income,2007,78.99
Lesotho,LSO,Sub-Saharan Africa,Lower middle income,2007,80.42
Mali,MLI,Sub-Saharan Africa,Low income,2007,83.16
"Gambia, The",GMB,Sub-Saharan Africa,Low income,2007,85.4
Mauritius,MUS,Sub-Saharan Africa,Upper middle income,2007,85.49
"Congo, Dem. Rep.",COD,Sub-Saharan Africa,Low income,2007,89.04
Malawi,MWI,Sub-Saharan Africa,Low income,2007,89.24
Namibia,NAM,Sub-Saharan Africa,Lower middle income,2007,92.39
Eritrea,ERI,Sub-Saharan Africa,Low income,2007,92.53
Ethiopia,ETH,Sub-Saharan Africa,,2007,92.93
Cabo Verde,CPV,Sub-Saharan Africa,Upper middle income,2007,94.28
Botswana,BWA,Sub-Saharan Africa,Upper middle income,2007,98.57
Seychelles,SYC,Sub-Saharan Africa,High income,2007,99.82
Ghana,GHA,Sub-Saharan Africa,Lower middle income,2007,99.93
Lao PDR,LAO,East Asia & Pacific,Lower middle income,2008,82.71
Timor-Leste,TLS,East Asia & Pacific,Lower middle income,2008,89.65
Singapore,SGP,East Asia & Pacific,High income,2008,90.83
Marshall Islands,MHL,East Asia & Pacific,Upper middle income,2008,90.87
Indonesia,IDN,East Asia & Pacific,Upper middle income,2008,92.05
Fiji,FJI,East Asia & Pacific,Upper middle income,2008,96.3
Malaysia,MYS,East Asia & Pacific,Upper middle income,2008,96.32
Philippines,PHL,East Asia & Pacific,Lower middle income,2008,98.89
"Macao SAR, China",MAC,East Asia & Pacific,High income,2008,99.11
China,CHN,East Asia & Pacific,Upper middle income,2008,99.36
Brunei Darussalam,BRN,East Asia & Pacific,High income,2008,99.49
"Hong Kong SAR, China",HKG,East Asia & Pacific,High income,2008,99.86
"Korea, Rep.",KOR,East Asia & Pacific,High income,2008,99.99
San Marino,SMR,Europe & Central Asia,High income,2008,96.62
Bulgaria,BGR,Europe & Central Asia,High income,2008,97.92
Moldova,MDA,Europe & Central Asia,Upper middle income,2008,98.15
Turkiye,TUR,Europe & Central Asia,Upper middle income,2008,98.22
Liechtenstein,LIE,Europe & Central Asia,High income,2008,98.32
Tajikistan,TJK,Europe & Central Asia,Lower middle income,2008,98.57
North Macedonia,MKD,Europe & Central Asia,Upper middle income,2008,98.68
Georgia,GEO,Europe & Central Asia,Upper middle income,2008,98.87
Belarus,BLR,Europe & Central Asia,Upper middle income,2008,99.07
Azerbaijan,AZE,Europe & Central Asia,Upper middle income,2008,99.19
Albania,ALB,Europe & Central Asia,Upper middle income,2008,99.22
Latvia,LVA,Europe & Central Asia,High income,2008,99.23
Lithuania,LTU,Europe & Central Asia,High income,2008,99.33
Poland,POL,Europe & Central Asia,High income,2008,99.36
Serbia,SRB,Europe & Central Asia,Upper middle income,2008,99.36
Croatia,HRV,Europe & Central Asia,High income,2008,99.39
Slovak Republic,SVK,Europe & Central Asia,High income,2008,99.39
Estonia,EST,Europe & Central Asia,High income,2008,99.43
Romania,ROU,Europe & Central Asia,High income,2008,99.43
Slovenia,SVN,Europe & Central Asia,High income,2008,99.43
Uzbekistan,UZB,Europe & Central Asia,Lower middle income,2008,99.48
Kyrgyz Republic,KGZ,Europe & Central Asia,Lower middle income,2008,99.6
Hungary,HUN,Europe & Central Asia,High income,2008,99.66
Switzerland,CHE,Europe & Central Asia,High income,2008,99.68
Czechia,CZE,Europe & Central Asia,High income,2008,99.73
Norway,NOR,Europe & Central Asia,High income,2008,99.77
Ukraine,UKR,Europe & Central Asia,Upper middle income,2008,99.77
Iceland,ISL,Europe & Central Asia,High income,2008,99.78
Sweden,SWE,Europe & Central Asia,High income,2008,99.78
Denmark,DNK,Europe & Central Asia,High income,2008,99.79
Spain,ESP,Europe & Central Asia,High income,2008,99.8
Kazakhstan,KAZ,Europe & Central Asia,Upper middle income,2008,99.84
Finland,FIN,Europe & Central Asia,High income,2008,99.88
Italy,ITA,Europe & Central Asia,High income,2008,99.94
Cyprus,CYP,Europe & Central Asia,High income,2008,99.99
Russian Federation,RUS,Europe & Central Asia,High income,2008,100.0
Suriname,SUR,Latin America & Caribbean,Upper middle income,2008,56.42
Uruguay,URY,Latin America & Caribbean,High income,2008,82.26
Grenada,GRD,Latin America & Caribbean,Upper middle income,2008,87.67
Paraguay,PRY,Latin America & Caribbean,Upper middle income,2008,90.13
Dominica,DMA,Latin America & Caribbean,Upper middle income,2008,91.6
Guyana,GUY,Latin America & Caribbean,High income,2008,93.9
Trinidad and Tobago,TTO,Latin America & Caribbean,High income,2008,94.33
Costa Rica,CRI,Latin America & Caribbean,High income,2008,94.57
Mexico,MEX,Latin America & Caribbean,Upper middle income,2008,94.87
Dominican Republic,DOM,Latin America & Caribbean,Upper middle income,2008,95.3
Argentina,ARG,Latin America & Caribbean,Upper middle income,2008,95.31
Belize,BLZ,Latin America & Caribbean,Upper middle income,2008,96.39
Ecuador,ECU,Latin America & Caribbean,Upper middle income,2008,97.17
El Salvador,SLV,Latin America & Caribbean,Upper middle income,2008,97.29
St. Lucia,LCA,Latin America & Caribbean,Upper middle income,2008,97.6
Peru,PER,Latin America & Caribbean,Upper middle income,2008,97.63
"Venezuela, RB",VEN,Latin America & Caribbean,,2008,97.81
Jamaica,JAM,Latin America & Caribbean,Upper middle income,2008,98.0
Panama,PAN,Latin America & Caribbean,High income,2008,98.05
Aruba,ABW,Latin America & Caribbean,High income,2008,98.6
Cuba,CUB,Latin America & Caribbean,Upper middle income,2008,98.6
Guatemala,GTM,Latin America & Caribbean,Upper middle income,2008,98.75
Barbados,BRB,Latin America & Caribbean,High income,2008,99.01
Colombia,COL,Latin America & Caribbean,Upper middle income,2008,99.66
Pakistan,PAK,Middle East & North Africa,Lower middle income,2008,74.95
Morocco,MAR,Middle East & North Africa,Lower middle income,2008,87.05
Tunisia,TUN,Middle East & North Africa,Lower middle income,2008,94.44
Lebanon,LBN,Middle East & North Africa,Lower middle income,2008,95.06
West Bank and Gaza,PSE,Middle East & North Africa,Lower middle income,2008,97.11
Syrian Arab Republic,SYR,Middle East & North Africa,Low income,2008,97.68
"Iran, Islamic Rep.",IRN,Middle East & North Africa,Upper middle income,2008,99.37
Qatar,QAT,Middle East & North Africa,High income,2008,99.61
Israel,ISR,Middle East & North Africa,High income,2008,99.99
Maldives,MDV,South Asia,Upper middle income,2008,96.24
Sri Lanka,LKA,South Asia,Lower middle income,2008,97.35
Bhutan,BTN,South Asia,Lower middle income,2008,98.17
Mauritania,MRT,Sub-Saharan Africa,Lower middle income,2008,39.31
Angola,AGO,Sub-Saharan Africa,Lower middle income,2008,40.82
Tanzania,TZA,Sub-Saharan Africa,Lower middle income,2008,47.56
Cameroon,CMR,Sub-Saharan Africa,Lower middle income,2008,51.29
Niger,NER,Sub-Saharan Africa,Low income,2008,58.72
Guinea,GIN,Sub-Saharan Africa,Lower middle income,2008,58.76
Mozambique,MOZ,Sub-Saharan Africa,Low income,2008,60.24
Central African Republic,CAF,Sub-Saharan Africa,Low income,2008,62.54
Burundi,BDI,Sub-Saharan Africa,Low income,2008,62.71
Uganda,UGA,Sub-Saharan Africa,Low income,2008,63.43
Cote d'Ivoire,CIV,Sub-Saharan Africa,Lower middle income,2008,68.76
"Congo, Rep.",COG,Sub-Saharan Africa,Lower middle income,2008,71.22
Senegal,SEN,Sub-Saharan Africa,Lower middle income,2008,71.83
Burkina Faso,BFA,Sub-Saharan Africa,Low income,2008,73.19
Madagascar,MDG,Sub-Saharan Africa,Low income,2008,73.3
Zambia,ZMB,Sub-Saharan Africa,Lower middle income,2008,74.52
Sao Tome and Principe,STP,Sub-Saharan Africa,Lower middle income,2008,75.36
Liberia,LBR,Sub-Saharan Africa,Low income,2008,80.73
Malawi,MWI,Sub-Saharan Africa,Low income,2008,84.14
Lesotho,LSO,Sub-Saharan Africa,Lower middle income,2008,84.73
Mauritius,MUS,Sub-Saharan Africa,Upper middle income,2008,84.74
Mali,MLI,Sub-Saharan Africa,Low income,2008,84.8
Ethiopia,ETH,Sub-Saharan Africa,,2008,90.64
Eritrea,ERI,Sub-Saharan Africa,Low income,2008,92.23
Cabo Verde,CPV,Sub-Saharan Africa,Upper middle income,2008,93.46
Namibia,NAM,Sub-Saharan Africa,Lower middle income,2008,93.9
Ghana,GHA,Sub-Saharan Africa,Lower middle income,2008,95.75
Seychelles,SYC,Sub-Saharan Africa,High income,2008,98.25
Cambodia,KHM,East Asia & Pacific,Lower middle income,2009,82.6
Lao PDR,LAO,East Asia & Pacific,Lower middle income,2009,82.65
Vanuatu,VUT,East Asia & Pacific,Lower middle income,2009,89.44
Timor-Leste,TLS,East Asia & Pacific,Lower middle income,2009,89.65
Indonesia,IDN,East Asia & Pacific,Upper middle income,2009,89.84
Malaysia,MYS,East Asia & Pacific,Upper middle income,2009,95.55
Brunei Darussalam,BRN,East Asia & Pacific,High income,2009,99.63
"Macao SAR, China",MAC,East Asia & Pacific,High income,2009,99.74
Samoa,WSM,East Asia & Pacific,Upper middle income,2009,99.86
Bosnia and Herzegovina,BIH,Europe & Central Asia,Upper middle income,2009,83.67
Liechtenstein,LIE,Europe & Central Asia,High income,2009,97.86
Albania,ALB,Europe & Central Asia,Upper middle income,2009,98.09
Moldova,MDA,Europe & Central Asia,Upper middle income,2009,98.25
Serbia,SRB,Europe & Central Asia,Upper middle income,2009,98.42
Azerbaijan,AZE,Europe & Central Asia,Upper middle income,2009,98.55
Belarus,BLR,Europe & Central Asia,Upper middle income,2009,98.55
Spain,ESP,Europe & Central Asia,High income,2009,98.68
Tajikistan,TJK,Europe & Central Asia,Lower middle income,2009,98.78
Latvia,LVA,Europe & Central Asia,High income,2009,98.8
Bulgaria,BGR,Europe & Central Asia,High income,2009,98.81
Poland,POL,Europe & Central Asia,High income,2009,99.04
Lithuania,LTU,Europe & Central Asia,High income,2009,99.24
Kyrgyz Republic,KGZ,Europe & Central Asia,Lower middle income,2009,99.33
Czechia,CZE,Europe & Central Asia,High income,2009,99.36
Slovak Republic,SVK,Europe & Central Asia,High income,2009,99.4
Uzbekistan,UZB,Europe & Central Asia,Lower middle income,2009,99.4
Romania,ROU,Europe & Central Asia,High income,2009,99.41
Slovenia,SVN,Europe & Central Asia,High income,2009,99.42
Croatia,HRV,Europe & Central Asia,High income,2009,99.7
San Marino,SMR,Europe & Central Asia,High income,2009,99.73
Ukraine,UKR,Europe & Central Asia,Upper middle income,2009,99.73
Sweden,SWE,Europe & Central Asia,High income,2009,99.76
Georgia,GEO,Europe & Central Asia,Upper middle income,2009,99.77
Hungary,HUN,Europe & Central Asia,High income,2009,99.82
Estonia,EST,Europe & Central Asia,High income,2009,99.83
Kazakhstan,KAZ,Europe & Central Asia,Upper middle income,2009,99.83
Cyprus,CYP,Europe & Central Asia,High income,2009,99.9
Switzerland,CHE,Europe & Central Asia,High income,2009,99.91
Denmark,DNK,Europe & Central Asia,High income,2009,99.92
Iceland,ISL,Europe & Central Asia,High income,2009,99.93
Norway,NOR,Europe & Central Asia,High income,2009,99.93
Finland,FIN,Europe & Central Asia,High income,2009,99.94
Italy,ITA,Europe & Central Asia,High income,2009,99.94
Suriname,SUR,Latin America & Caribbean,Upper middle income,2009,69.67
Uruguay,URY,Latin America & Caribbean,High income,2009,81.29
Dominican Republic,DOM,Latin America & Caribbean,Upper middle income,2009,91.06
Paraguay,PRY,Latin America & Caribbean,Upper middle income,2009,92.0
Costa Rica,CRI,Latin America & Caribbean,High income,2009,92.03
Trinidad and Tobago,TTO,Latin America & Caribbean,High income,2009,94.2
Bolivia,BOL,Latin America & Caribbean,Lower middle income,2009,95.04
Guyana,GUY,Latin America & Caribbean,High income,2009,95.21
Mexico,MEX,Latin America & Caribbean,Upper middle income,2009,95.31
Argentina,ARG,Latin America & Caribbean,Upper middle income,2009,95.88
Guatemala,GTM,Latin America & Caribbean,Upper middle income,2009,95.98
Belize,BLZ,Latin America & Caribbean,Upper middle income,2009,96.27
St. Kitts and Nevis,KNA,Latin America & Caribbean,High income,2009,96.62
Peru,PER,Latin America & Caribbean,Upper middle income,2009,96.66
Ecuador,ECU,Latin America & Caribbean,Upper middle income,2009,97.0
St. Lucia,LCA,Latin America & Caribbean,Upper middle income,2009,97.05
"Venezuela, RB",VEN,Latin America & Caribbean,,2009,97.81
Dominica,DMA,Latin America & Caribbean,Upper middle income,2009,98.05
Colombia,COL,Latin America & Caribbean,Upper middle income,2009,98.26
El Salvador,SLV,Latin America & Caribbean,Upper middle income,2009,98.31
Panama,PAN,Latin America & Caribbean,High income,2009,98.75
Cuba,CUB,Latin America & Caribbean,Upper middle income,2009,98.92
"Bahamas, The",BHS,Latin America & Caribbean,High income,2009,99.02
Jamaica,JAM,Latin America & Caribbean,Upper middle income,2009,99.35
Pakistan,PAK,Middle East & North Africa,Lower middle income,2009,76.71
Morocco,MAR,Middle East & North Africa,Lower middle income,2009,88.57
"Iran, Islamic Rep.",IRN,Middle East & North Africa,Upper middle income,2009,96.43
West Bank and Gaza,PSE,Middle East & North Africa,Lower middle income,2009,96.81
Lebanon,LBN,Middle East & North Africa,Lower middle income,2009,97.06
United Arab Emirates,ARE,Middle East & North Africa,High income,2009,97.67
Syrian Arab Republic,SYR,Middle East & North Africa,Low income,2009,97.91
Algeria,DZA,Middle East & North Africa,Upper middle income,2009,98.91
Tunisia,TUN,Middle East & North Africa,Lower middle income,2009,99.07
Kuwait,KWT,Middle East & North Africa,High income,2009,99.74
Israel,ISR,Middle East & North Africa,High income,2009,99.99
Bhutan,BTN,South Asia,Lower middle income,2009,98.61
Uganda,UGA,Sub-Saharan Africa,Low income,2009,49.62
Nigeria,NGA,Sub-Saharan Africa,Lower middle income,2009,60.37
Mozambique,MOZ,Sub-Saharan Africa,Low income,2009,62.25
Burundi,BDI,Sub-Saharan Africa,Low income,2009,69.99
Niger,NER,Sub-Saharan Africa,Low income,2009,71.91
Sao Tome and Principe,STP,Sub-Saharan Africa,Lower middle income,2009,72.69
Madagascar,MDG,Sub-Saharan Africa,Low income,2009,72.85
Zambia,ZMB,Sub-Saharan Africa,Lower middle income,2009,73.51
Burkina Faso,BFA,Sub-Saharan Africa,Low income,2009,74.86
"Congo, Rep.",COG,Sub-Saharan Africa,Lower middle income,2009,75.8
Guinea,GIN,Sub-Saharan Africa,Lower middle income,2009,76.83
Senegal,SEN,Sub-Saharan Africa,Lower middle income,2009,79.33
Togo,TGO,Sub-Saharan Africa,Low income,2009,84.6
Mauritius,MUS,Sub-Saharan Africa,Upper middle income,2009,85.45
Mali,MLI,Sub-Saharan Africa,Low income,2009,86.33
Lesotho,LSO,Sub-Saharan Africa,Lower middle income,2009,87.7
Malawi,MWI,Sub-Saharan Africa,Low income,2009,89.69
Eritrea,ERI,Sub-Saharan Africa,Low income,2009,90.5
Chad,TCD,Sub-Saharan Africa,Low income,2009,91.37
Ethiopia,ETH,Sub-Saharan Africa,,2009,92.64
Namibia,NAM,Sub-Saharan Africa,Lower middle income,2009,94.08
Sudan,SDN,Sub-Saharan Africa,Low income,2009,96.34
Cabo Verde,CPV,Sub-Saharan Africa,Upper middle income,2009,96.44
Eswatini,SWZ,Sub-Saharan Africa,Lower middle income,2009,97.73
Seychelles,SYC,Sub-Saharan Africa,High income,2009,98.04
Cambodia,KHM,East Asia & Pacific,Lower middle income,2010,81.87
Lao PDR,LAO,East Asia & Pacific,Lower middle income,2010,82.81
Solomon Islands,SLB,East Asia & Pacific,Lower middle income,2010,89.98
Samoa,WSM,East Asia & Pacific,Upper middle income,2010,94.45
Malaysia,MYS,East Asia & Pacific,Upper middle income,2010,94.76
Timor-Leste,TLS,East Asia & Pacific,Lower middle income,2010,94.81
"Macao SAR, China",MAC,East Asia & Pacific,High income,2010,99.41
"Hong Kong SAR, China",HKG,East Asia & Pacific,High income,2010,99.79
Brunei Darussalam,BRN,East Asia & Pacific,High income,2010,99.95
"Korea, Rep.",KOR,East Asia & Pacific,High income,2010,99.98
Viet Nam,VNM,East Asia & Pacific,Lower middle income,2010,100.0
Moldova,MDA,Europe & Central Asia,Upper middle income,2010,98.13
Kyrgyz Republic,KGZ,Europe & Central Asia,Lower middle income,2010,98.18
Belarus,BLR,Europe & Central Asia,Upper middle income,2010,98.44
Greece,GRC,Europe & Central Asia,High income,2010,98.52
Bulgaria,BGR,Europe & Central Asia,High income,2010,98.67
Tajikistan,TJK,Europe & Central Asia,Lower middle income,2010,98.68
Azerbaijan,AZE,Europe & Central Asia,Upper middle income,2010,98.72
Latvia,LVA,Europe & Central Asia,High income,2010,98.77
Lithuania,LTU,Europe & Central Asia,High income,2010,98.8
San Marino,SMR,Europe & Central Asia,High income,2010,98.8
Turkiye,TUR,Europe & Central Asia,Upper middle income,2010,98.91
Uzbekistan,UZB,Europe & Central Asia,Lower middle income,2010,99.03
Poland,POL,Europe & Central Asia,High income,2010,99.18
Albania,ALB,Europe & Central Asia,Upper middle income,2010,99.19
Slovak Republic,SVK,Europe & Central Asia,High income,2010,99.29
Czechia,CZE,Europe & Central Asia,High income,2010,99.34
Cyprus,CYP,Europe & Central Asia,High income,2010,99.43
Estonia,EST,Europe & Central Asia,High income,2010,99.48
Croatia,HRV,Europe & Central Asia,High income,2010,99.49
Romania,ROU,Europe & Central Asia,High income,2010,99.53
Hungary,HUN,Europe & Central Asia,High income,2010,99.68
Iceland,ISL,Europe & Central Asia,High income,2010,99.75
Liechtenstein,LIE,Europe & Central Asia,High income,2010,99.77
Norway,NOR,Europe & Central Asia,High income,2010,99.8
Sweden,SWE,Europe & Central Asia,High income,2010,99.85
Denmark,DNK,Europe & Central Asia,High income,2010,99.87
Ukraine,UKR,Europe & Central Asia,Upper middle income,2010,99.87
Switzerland,CHE,Europe & Central Asia,High income,2010,99.89
Italy,ITA,Europe & Central Asia,High income,2010,99.94
Austria,AUT,Europe & Central Asia,High income,2010,99.95
Serbia,SRB,Europe & Central Asia,Upper middle income,2010,99.95
Kazakhstan,KAZ,Europe & Central Asia,Upper middle income,2010,99.96
Finland,FIN,Europe & Central Asia,High income,2010,99.97
Slovenia,SVN,Europe & Central Asia,High income,2010,99.98
Suriname,SUR,Latin America & Caribbean,Upper middle income,2010,69.96
Guatemala,GTM,Latin America & Caribbean,Upper middle income,2010,89.82
Costa Rica,CRI,Latin America & Caribbean,High income,2010,92.91
Paraguay,PRY,Latin America & Caribbean,Upper middle income,2010,92.98
Bolivia,BOL,Latin America & Caribbean,Lower middle income,2010,94.0
Peru,PER,Latin America & Caribbean,Upper middle income,2010,94.38
Dominican Republic,DOM,Latin America & Caribbean,Upper middle income,2010,94.59
Ecuador,ECU,Latin America & Caribbean,Upper middle income,2010,95.31
St. Vincent and the Grenadines,VCT,Latin America & Caribbean,Upper middle income,2010,95.37
Argentina,ARG,Latin America & Caribbean,Upper middle income,2010,96.18
El Salvador,SLV,Latin America & Caribbean,Upper middle income,2010,96.32
Mexico,MEX,Latin America & Caribbean,Upper middle income,2010,96.35
Jamaica,JAM,Latin America & Caribbean,Upper middle income,2010,96.42
Chile,CHL,Latin America & Caribbean,High income,2010,96.53
Belize,BLZ,Latin America & Caribbean,Upper middle income,2010,97.49
St. Lucia,LCA,Latin America & Caribbean,Upper middle income,2010,97.76
Colombia,COL,Latin America & Caribbean,Upper middle income,2010,98.6
Cuba,CUB,Latin America & Caribbean,Upper middle income,2010,98.63
Panama,PAN,Latin America & Caribbean,High income,2010,98.89
"Venezuela, RB",VEN,Latin America & Caribbean,,2010,99.51
Dominica,DMA,Latin America & Caribbean,Upper middle income,2010,99.86
Pakistan,PAK,Middle East & North Africa,Lower middle income,2010,74.85
Morocco,MAR,Middle East & North Africa,Lower middle income,2010,88.43
Lebanon,LBN,Middle East & North Africa,Lower middle income,2010,95.16
United Arab Emirates,ARE,Middle East & North Africa,High income,2010,95.77
West Bank and Gaza,PSE,Middle East & North Africa,Lower middle income,2010,97.25
"Iran, Islamic Rep.",IRN,Middle East & North Africa,Upper middle income,2010,97.33
Malta,MLT,Middle East & North Africa,High income,2010,97.5
Syrian Arab Republic,SYR,Middle East & North Africa,Low income,2010,98.51
Algeria,DZA,Middle East & North Africa,Upper middle income,2010,98.57
Jordan,JOR,Middle East & North Africa,Lower middle income,2010,99.13
Israel,ISR,Middle East & North Africa,High income,2010,99.92
Qatar,QAT,Middle East & North Africa,High income,2010,99.97
Bermuda,BMU,North America,High income,2010,86.32
India,IND,South Asia,Lower middle income,2010,91.99
Bangladesh,BGD,South Asia,Lower middle income,2010,94.51
Sri Lanka,LKA,South Asia,Lower middle income,2010,98.74
Bhutan,BTN,South Asia,Lower middle income,2010,99.6
Angola,AGO,Sub-Saharan Africa,Lower middle income,2010,52.48
Mozambique,MOZ,Sub-Saharan Africa,Low income,2010,59.41
Zambia,ZMB,Sub-Saharan Africa,Lower middle income,2010,60.58
Cameroon,CMR,Sub-Saharan Africa,Lower middle income,2010,60.81
Uganda,UGA,Sub-Saharan Africa,Low income,2010,62.34
Burundi,BDI,Sub-Saharan Africa,Low income,2010,71.25
Niger,NER,Sub-Saharan Africa,Low income,2010,72.25
"Congo, Rep.",COG,Sub-Saharan Africa,Lower middle income,2010,77.27
Benin,BEN,Sub-Saharan Africa,Lower middle income,2010,78.35
Madagascar,MDG,Sub-Saharan Africa,Low income,2010,79.81
Lesotho,LSO,Sub-Saharan Africa,Lower middle income,2010,85.01
Mauritius,MUS,Sub-Saharan Africa,Upper middle income,2010,85.84
"Gambia, The",GMB,Sub-Saharan Africa,Low income,2010,86.42
Malawi,MWI,Sub-Saharan Africa,Low income,2010,89.05
Ethiopia,ETH,Sub-Saharan Africa,,2010,89.49
Togo,TGO,Sub-Saharan Africa,Low income,2010,91.14
Mali,MLI,Sub-Saharan Africa,Low income,2010,92.89
Senegal,SEN,Sub-Saharan Africa,Lower middle income,2010,94.66
Chad,TCD,Sub-Saharan Africa,Low income,2010,95.51
Eswatini,SWZ,Sub-Saharan Africa,Lower middle income,2010,96.18
Eritrea,ERI,Sub-Saharan Africa,Low income,2010,96.32
Seychelles,SYC,Sub-Saharan Africa,High income,2010,96.62
Sao Tome and Principe,STP,Sub-Saharan Africa,Lower middle income,2010,97.22
Equatorial Guinea,GNQ,Sub-Saharan Africa,Upper middle income,2010,97.24
Cabo Verde,CPV,Sub-Saharan Africa,Upper middle income,2010,97.8
Cambodia,KHM,East Asia & Pacific,Lower middle income,2011,81.02
Lao PDR,LAO,East Asia & Pacific,Lower middle income,2011,84.47
Solomon Islands,SLB,East Asia & Pacific,Lower middle income,2011,89.07
Timor-Leste,TLS,East Asia & Pacific,Lower middle income,2011,90.36
Malaysia,MYS,East Asia & Pacific,Upper middle income,2011,92.97
Fiji,FJI,East Asia & Pacific,Upper middle income,2011,94.25
Indonesia,IDN,East Asia & Pacific,Upper middle income,2011,96.44
Samoa,WSM,East Asia & Pacific,Upper middle income,2011,97.65
Brunei Darussalam,BRN,East Asia & Pacific,High income,2011,99.6
"Macao SAR, China",MAC,East Asia & Pacific,High income,2011,99.88
"Hong Kong SAR, China",HKG,East Asia & Pacific,High income,2011,99.95
Viet Nam,VNM,East Asia & Pacific,Lower middle income,2011,100.0
Denmark,DNK,Europe & Central Asia,High income,2011,97.29
Armenia,ARM,Europe & Central Asia,Upper middle income,2011,97.79
Greece,GRC,Europe & Central Asia,High income,2011,98.41
Moldova,MDA,Europe & Central Asia,Upper middle income,2011,98.42
Belarus,BLR,Europe & Central Asia,Upper middle income,2011,98.49
Georgia,GEO,Europe & Central Asia,Upper middle income,2011,98.58
Cyprus,CYP,Europe & Central Asia,High income,2011,98.88
Kyrgyz Republic,KGZ,Europe & Central Asia,Lower middle income,2011,98.9
Tajikistan,TJK,Europe & Central Asia,Lower middle income,2011,98.91
San Marino,SMR,Europe & Central Asia,High income,2011,98.92
Latvia,LVA,Europe & Central Asia,High income,2011,99.0
Azerbaijan,AZE,Europe & Central Asia,Upper middle income,2011,99.04
Turkiye,TUR,Europe & Central Asia,Upper middle income,2011,99.04
Bulgaria,BGR,Europe & Central Asia,High income,2011,99.05
Czechia,CZE,Europe & Central Asia,High income,2011,99.2
Slovak Republic,SVK,Europe & Central Asia,High income,2011,99.25
Romania,ROU,Europe & Central Asia,High income,2011,99.34
Lithuania,LTU,Europe & Central Asia,High income,2011,99.39
Uzbekistan,UZB,Europe & Central Asia,Lower middle income,2011,99.43
Albania,ALB,Europe & Central Asia,Upper middle income,2011,99.49
Estonia,EST,Europe & Central Asia,High income,2011,99.61
Iceland,ISL,Europe & Central Asia,High income,2011,99.67
Norway,NOR,Europe & Central Asia,High income,2011,99.72
Serbia,SRB,Europe & Central Asia,Upper middle income,2011,99.74
Ukraine,UKR,Europe & Central Asia,Upper middle income,2011,99.75
Croatia,HRV,Europe & Central Asia,High income,2011,99.8
Italy,ITA,Europe & Central Asia,High income,2011,99.81
Austria,AUT,Europe & Central Asia,High income,2011,99.84
Slovenia,SVN,Europe & Central Asia,High income,2011,99.84
Sweden,SWE,Europe & Central Asia,High income,2011,99.85
Finland,FIN,Europe & Central Asia,High income,2011,99.87
Switzerland,CHE,Europe & Central Asia,High income,2011,99.91
Kazakhstan,KAZ,Europe & Central Asia,Upper middle income,2011,100.0
Russian Federation,RUS,Europe & Central Asia,High income,2011,100.0
Honduras,HND,Latin America & Caribbean,Lower middle income,2011,68.45
Suriname,SUR,Latin America & Caribbean,Upper middle income,2011,72.6
Guatemala,GTM,Latin America & Caribbean,Upper middle income,2011,85.61
Peru,PER,Latin America & Caribbean,Upper middle income,2011,90.86
Cayman Islands,CYM,Latin America & Caribbean,High income,2011,92.72
Dominican Republic,DOM,Latin America & Caribbean,Upper middle income,2011,93.01
Costa Rica,CRI,Latin America & Caribbean,High income,2011,94.03
Paraguay,PRY,Latin America & Caribbean,Upper middle income,2011,94.46
Bolivia,BOL,Latin America & Caribbean,Lower middle income,2011,95.01
El Salvador,SLV,Latin America & Caribbean,Upper middle income,2011,95.82
St. Lucia,LCA,Latin America & Caribbean,Upper middle income,2011,95.98
Argentina,ARG,Latin America & Caribbean,Upper middle income,2011,96.62
Ecuador,ECU,Latin America & Caribbean,Upper middle income,2011,96.83
Mexico,MEX,Latin America & Caribbean,Upper middle income,2011,96.86
Chile,CHL,Latin America & Caribbean,High income,2011,97.39
"Venezuela, RB",VEN,Latin America & Caribbean,,2011,98.76
Panama,PAN,Latin America & Caribbean,High income,2011,98.77
Belize,BLZ,Latin America & Caribbean,Upper middle income,2011,98.88
Cuba,CUB,Latin America & Caribbean,Upper middle income,2011,99.03
Colombia,COL,Latin America & Caribbean,Upper middle income,2011,99.41
Dominica,DMA,Latin America & Caribbean,Upper middle income,2011,99.94
Pakistan,PAK,Middle East & North Africa,Lower middle income,2011,80.15
Djibouti,DJI,Middle East & North Africa,Lower middle income,2011,86.8
Morocco,MAR,Middle East & North Africa,Lower middle income,2011,88.62
Lebanon,LBN,Middle East & North Africa,Lower middle income,2011,96.35
Saudi Arabia,SAU,Middle East & North Africa,High income,2011,96.76
"Iran, Islamic Rep.",IRN,Middle East & North Africa,Upper middle income,2011,97.02
Algeria,DZA,Middle East & North Africa,Upper middle income,2011,97.73
Syrian Arab Republic,SYR,Middle East & North Africa,Low income,2011,97.87
West Bank and Gaza,PSE,Middle East & North Africa,Lower middle income,2011,98.3
Kuwait,KWT,Middle East & North Africa,High income,2011,99.36
Malta,MLT,Middle East & North Africa,High income,2011,99.4
United Arab Emirates,ARE,Middle East & North Africa,High income,2011,99.42
Oman,OMN,Middle East & North Africa,High income,2011,99.64
Bahrain,BHR,Middle East & North Africa,High income,2011,99.79
Israel,ISR,Middle East & North Africa,High income,2011,99.89
Bermuda,BMU,North America,High income,2011,92.84
Sri Lanka,LKA,South Asia,Lower middle income,2011,98.46
Bhutan,BTN,South Asia,Lower middle income,2011,98.88
Maldives,MDV,South Asia,Upper middle income,2011,99.16
Guinea,GIN,Sub-Saharan Africa,Lower middle income,2011,53.69
Mozambique,MOZ,Sub-Saharan Africa,Low income,2011,57.42
Mauritania,MRT,Sub-Saharan Africa,Lower middle income,2011,57.5
Uganda,UGA,Sub-Saharan Africa,Low income,2011,63.63
Niger,NER,Sub-Saharan Africa,Low income,2011,64.01
Cameroon,CMR,Sub-Saharan Africa,Lower middle income,2011,65.12
Burundi,BDI,Sub-Saharan Africa,Low income,2011,69.33
Burkina Faso,BFA,Sub-Saharan Africa,Low income,2011,72.08
Cote d'Ivoire,CIV,Sub-Saharan Africa,Lower middle income,2011,73.48
"Congo, Dem. Rep.",COD,Sub-Saharan Africa,Low income,2011,74.84
Central African Republic,CAF,Sub-Saharan Africa,Low income,2011,75.43
"Congo, Rep.",COG,Sub-Saharan Africa,Lower middle income,2011,76.44
Madagascar,MDG,Sub-Saharan Africa,Low income,2011,78.5
Sierra Leone,SLE,Sub-Saharan Africa,Low income,2011,79.29
Rwanda,RWA,Sub-Saharan Africa,Low income,2011,79.3
Lesotho,LSO,Sub-Saharan Africa,Lower middle income,2011,85.61
Malawi,MWI,Sub-Saharan Africa,Low income,2011,86.4
Chad,TCD,Sub-Saharan Africa,Low income,2011,87.23
Mauritius,MUS,Sub-Saharan Africa,Upper middle income,2011,87.68
"Gambia, The",GMB,Sub-Saharan Africa,Low income,2011,92.35
Senegal,SEN,Sub-Saharan Africa,Lower middle income,2011,92.87
Ghana,GHA,Sub-Saharan Africa,Lower middle income,2011,93.36
Eritrea,ERI,Sub-Saharan Africa,Low income,2011,95.82
Equatorial Guinea,GNQ,Sub-Saharan Africa,Upper middle income,2011,96.13
Eswatini,SWZ,Sub-Saharan Africa,Lower middle income,2011,96.5
Cabo Verde,CPV,Sub-Saharan Africa,Upper middle income,2011,97.23
Ethiopia,ETH,Sub-Saharan Africa,,2011,98.35
Cambodia,KHM,East Asia & Pacific,Lower middle income,2012,80.2
Lao PDR,LAO,East Asia & Pacific,Lower middle income,2012,86.72
Timor-Leste,TLS,East Asia & Pacific,Lower middle income,2012,89.45
Malaysia,MYS,East Asia & Pacific,Upper middle income,2012,90.75
Indonesia,IDN,East Asia & Pacific,Upper middle income,2012,91.65
Viet Nam,VNM,East Asia & Pacific,Lower middle income,2012,93.35
"Macao SAR, China",MAC,East Asia & Pacific,High income,2012,99.51
Brunei Darussalam,BRN,East Asia & Pacific,High income,2012,99.74
"Korea, Rep.",KOR,East Asia & Pacific,High income,2012,99.8
"Hong Kong SAR, China",HKG,East Asia & Pacific,High income,2012,99.96
Turkiye,TUR,Europe & Central Asia,Upper middle income,2012,90.81
Moldova,MDA,Europe & Central Asia,Upper middle income,2012,97.84
Latvia,LVA,Europe & Central Asia,High income,2012,97.9
Belarus,BLR,Europe & Central Asia,Upper middle income,2012,98.11
Greece,GRC,Europe & Central Asia,High income,2012,99.04
Azerbaijan,AZE,Europe & Central Asia,Upper middle income,2012,99.09
Norway,NOR,Europe & Central Asia,High income,2012,99.25
Slovak Republic,SVK,Europe & Central Asia,High income,2012,99.25
Uzbekistan,UZB,Europe & Central Asia,Lower middle income,2012,99.29
Bulgaria,BGR,Europe & Central Asia,High income,2012,99.3
Lithuania,LTU,Europe & Central Asia,High income,2012,99.3
Poland,POL,Europe & Central Asia,High income,2012,99.3
Hungary,HUN,Europe & Central Asia,High income,2012,99.33
Germany,DEU,Europe & Central Asia,High income,2012,99.34
Cyprus,CYP,Europe & Central Asia,High income,2012,99.54
Estonia,EST,Europe & Central Asia,High income,2012,99.55
Serbia,SRB,Europe & Central Asia,Upper middle income,2012,99.66
Czechia,CZE,Europe & Central Asia,High income,2012,99.68
Kyrgyz Republic,KGZ,Europe & Central Asia,Lower middle income,2012,99.7
Slovenia,SVN,Europe & Central Asia,High income,2012,99.73
Albania,ALB,Europe & Central Asia,Upper middle income,2012,99.75
Ukraine,UKR,Europe & Central Asia,Upper middle income,2012,99.82
Switzerland,CHE,Europe & Central Asia,High income,2012,99.84
Italy,ITA,Europe & Central Asia,High income,2012,99.9
Denmark,DNK,Europe & Central Asia,High income,2012,99.92
Kazakhstan,KAZ,Europe & Central Asia,Upper middle income,2012,99.92
Finland,FIN,Europe & Central Asia,High income,2012,99.93
Sweden,SWE,Europe & Central Asia,High income,2012,99.93
Austria,AUT,Europe & Central Asia,High income,2012,99.94
Georgia,GEO,Europe & Central Asia,Upper middle income,2012,99.96
Russian Federation,RUS,Europe & Central Asia,High income,2012,100.0
Honduras,HND,Latin America & Caribbean,Lower middle income,2012,58.85
Suriname,SUR,Latin America & Caribbean,Upper middle income,2012,73.24
Costa Rica,CRI,Latin America & Caribbean,High income,2012,84.38
Jamaica,JAM,Latin America & Caribbean,Upper middle income,2012,90.29
Guatemala,GTM,Latin America & Caribbean,Upper middle income,2012,92.46
British Virgin Islands,VGB,Latin America & Caribbean,High income,2012,93.68
El Salvador,SLV,Latin America & Caribbean,Upper middle income,2012,93.73
St. Lucia,LCA,Latin America & Caribbean,Upper middle income,2012,94.01
Dominica,DMA,Latin America & Caribbean,Upper middle income,2012,94.88
Dominican Republic,DOM,Latin America & Caribbean,Upper middle income,2012,94.92
Belize,BLZ,Latin America & Caribbean,Upper middle income,2012,95.26
Bolivia,BOL,Latin America & Caribbean,Lower middle income,2012,96.51
Cayman Islands,CYM,Latin America & Caribbean,High income,2012,96.55
Mexico,MEX,Latin America & Caribbean,Upper middle income,2012,96.55
Colombia,COL,Latin America & Caribbean,Upper middle income,2012,96.66
Argentina,ARG,Latin America & Caribbean,Upper middle income,2012,96.84
Chile,CHL,Latin America & Caribbean,High income,2012,97.35
Cuba,CUB,Latin America & Caribbean,Upper middle income,2012,98.83
Ecuador,ECU,Latin America & Caribbean,Upper middle income,2012,99.14
Peru,PER,Latin America & Caribbean,Upper middle income,2012,99.15
"Venezuela, RB",VEN,Latin America & Caribbean,,2012,99.48
St. Kitts and Nevis,KNA,Latin America & Caribbean,High income,2012,99.53
St. Vincent and the Grenadines,VCT,Latin America & Caribbean,Upper middle income,2012,99.95
Syrian Arab Republic,SYR,Middle East & North Africa,Low income,2012,57.26
Pakistan,PAK,Middle East & North Africa,Lower middle income,2012,77.05
Morocco,MAR,Middle East & North Africa,Lower middle income,2012,90.37
"Yemen, Rep.",YEM,Middle East & North Africa,Low income,2012,90.46
Tunisia,TUN,Middle East & North Africa,Lower middle income,2012,92.76
West Bank and Gaza,PSE,Middle East & North Africa,Lower middle income,2012,97.92
Kuwait,KWT,Middle East & North Africa,High income,2012,98.33
Lebanon,LBN,Middle East & North Africa,Lower middle income,2012,98.33
United Arab Emirates,ARE,Middle East & North Africa,High income,2012,98.39
Algeria,DZA,Middle East & North Africa,Upper middle income,2012,98.52
Malta,MLT,Middle East & North Africa,High income,2012,98.96
Saudi Arabia,SAU,Middle East & North Africa,High income,2012,99.3
Oman,OMN,Middle East & North Africa,High income,2012,99.68
Qatar,QAT,Middle East & North Africa,High income,2012,99.7
Israel,ISR,Middle East & North Africa,High income,2012,99.71
Bahrain,BHR,Middle East & North Africa,High income,2012,99.93
Nepal,NPL,South Asia,Lower middle income,2012,86.22
Bhutan,BTN,South Asia,Lower middle income,2012,96.29
Maldives,MDV,South Asia,Upper middle income,2012,96.5
Sri Lanka,LKA,South Asia,Lower middle income,2012,99.72
Guinea,GIN,Sub-Saharan Africa,Lower middle income,2012,54.69
Tanzania,TZA,Sub-Saharan Africa,Lower middle income,2012,56.31
Mozambique,MOZ,Sub-Saharan Africa,Low income,2012,60.52
Zambia,ZMB,Sub-Saharan Africa,Lower middle income,2012,63.92
Uganda,UGA,Sub-Saharan Africa,Low income,2012,64.42
Burkina Faso,BFA,Sub-Saharan Africa,Low income,2012,68.2
Niger,NER,Sub-Saharan Africa,Low income,2012,69.68
"Congo, Dem. Rep.",COD,Sub-Saharan Africa,Low income,2012,72.3
Madagascar,MDG,Sub-Saharan Africa,Low income,2012,72.86
Rwanda,RWA,Sub-Saharan Africa,Low income,2012,74.93
Burundi,BDI,Sub-Saharan Africa,Low income,2012,75.67
Zimbabwe,ZWE,Sub-Saharan Africa,Lower middle income,2012,77.9
Mauritius,MUS,Sub-Saharan Africa,Upper middle income,2012,78.11
Mali,MLI,Sub-Saharan Africa,Low income,2012,79.87
Sao Tome and Principe,STP,Sub-Saharan Africa,Lower middle income,2012,83.54
Togo,TGO,Sub-Saharan Africa,Low income,2012,84.29
Lesotho,LSO,Sub-Saharan Africa,Lower middle income,2012,84.71
Sierra Leone,SLE,Sub-Saharan Africa,Low income,2012,87.96
Ghana,GHA,Sub-Saharan Africa,Lower middle income,2012,88.37
Benin,BEN,Sub-Saharan Africa,Lower middle income,2012,88.7
Senegal,SEN,Sub-Saharan Africa,Lower middle income,2012,91.96
"Gambia, The",GMB,Sub-Saharan Africa,Low income,2012,93.34
Seychelles,SYC,Sub-Saharan Africa,High income,2012,94.96
Chad,TCD,Sub-Saharan Africa,Low income,2012,95.01
Sudan,SDN,Sub-Saharan Africa,Low income,2012,95.85
Namibia,NAM,Sub-Saharan Africa,Lower middle income,2012,95.97
Cabo Verde,CPV,Sub-Saharan Africa,Upper middle income,2012,96.05
Botswana,BWA,Sub-Saharan Africa,Upper middle income,2012,97.47
Eritrea,ERI,Sub-Saharan Africa,Low income,2012,97.82
Eswatini,SWZ,Sub-Saharan Africa,Lower middle income,2012,99.01
Cambodia,KHM,East Asia & Pacific,Lower middle income,2013,79.66
Viet Nam,VNM,East Asia & Pacific,Lower middle income,2013,87.11
Malaysia,MYS,East Asia & Pacific,Upper middle income,2013,89.05
Lao PDR,LAO,East Asia & Pacific,Lower middle income,2013,90.18
Timor-Leste,TLS,East Asia & Pacific,Lower middle income,2013,91.38
Palau,PLW,East Asia & Pacific,High income,2013,96.81
"Macao SAR, China",MAC,East Asia & Pacific,High income,2013,99.45
"Korea, Rep.",KOR,East Asia & Pacific,High income,2013,99.69
Brunei Darussalam,BRN,East Asia & Pacific,High income,2013,99.73
"Hong Kong SAR, China",HKG,East Asia & Pacific,High income,2013,99.75
Japan,JPN,East Asia & Pacific,High income,2013,100.0
Armenia,ARM,Europe & Central Asia,Upper middle income,2013,96.98
Moldova,MDA,Europe & Central Asia,Upper middle income,2013,98.29
Belarus,BLR,Europe & Central Asia,Upper middle income,2013,98.31
Latvia,LVA,Europe & Central Asia,High income,2013,98.34
Greece,GRC,Europe & Central Asia,High income,2013,98.89
Tajikistan,TJK,Europe & Central Asia,Lower middle income,2013,99.03
Azerbaijan,AZE,Europe & Central Asia,Upper middle income,2013,99.07
Slovak Republic,SVK,Europe & Central Asia,High income,2013,99.2
Lithuania,LTU,Europe & Central Asia,High income,2013,99.27
Poland,POL,Europe & Central Asia,High income,2013,99.37
Cyprus,CYP,Europe & Central Asia,High income,2013,99.38
Estonia,EST,Europe & Central Asia,High income,2013,99.4
Uzbekistan,UZB,Europe & Central Asia,Lower middle income,2013,99.51
Bulgaria,BGR,Europe & Central Asia,High income,2013,99.6
Hungary,HUN,Europe & Central Asia,High income,2013,99.61
Georgia,GEO,Europe & Central Asia,Upper middle income,2013,99.67
Germany,DEU,Europe & Central Asia,High income,2013,99.69
Czechia,CZE,Europe & Central Asia,High income,2013,99.71
Kyrgyz Republic,KGZ,Europe & Central Asia,Lower middle income,2013,99.72
Slovenia,SVN,Europe & Central Asia,High income,2013,99.73
Kazakhstan,KAZ,Europe & Central Asia,Upper middle income,2013,99.75
Albania,ALB,Europe & Central Asia,Upper middle income,2013,99.81
Russian Federation,RUS,Europe & Central Asia,High income,2013,99.82
Serbia,SRB,Europe & Central Asia,Upper middle income,2013,99.87
Italy,ITA,Europe & Central Asia,High income,2013,99.88
Switzerland,CHE,Europe & Central Asia,High income,2013,99.9
Finland,FIN,Europe & Central Asia,High income,2013,99.92
Ukraine,UKR,Europe & Central Asia,Upper middle income,2013,99.92
Denmark,DNK,Europe & Central Asia,High income,2013,99.97
Norway,NOR,Europe & Central Asia,High income,2013,99.97
Austria,AUT,Europe & Central Asia,High income,2013,99.98
Spain,ESP,Europe & Central Asia,High income,2013,99.99
Sweden,SWE,Europe & Central Asia,High income,2013,99.99
Suriname,SUR,Latin America & Caribbean,Upper middle income,2013,70.04
Honduras,HND,Latin America & Caribbean,Lower middle income,2013,72.07
Costa Rica,CRI,Latin America & Caribbean,High income,2013,84.84
Guatemala,GTM,Latin America & Caribbean,Upper middle income,2013,85.24
El Salvador,SLV,Latin America & Caribbean,Upper middle income,2013,93.14
Jamaica,JAM,Latin America & Caribbean,Upper middle income,2013,94.37
Peru,PER,Latin America & Caribbean,Upper middle income,2013,94.47
British Virgin Islands,VGB,Latin America & Caribbean,High income,2013,95.16
Bolivia,BOL,Latin America & Caribbean,Lower middle income,2013,96.29
Dominica,DMA,Latin America & Caribbean,Upper middle income,2013,96.44
Mexico,MEX,Latin America & Caribbean,Upper middle income,2013,96.77
St. Lucia,LCA,Latin America & Caribbean,Upper middle income,2013,97.04
Chile,CHL,Latin America & Caribbean,High income,2013,97.31
Argentina,ARG,Latin America & Caribbean,Upper middle income,2013,97.32
Dominican Republic,DOM,Latin America & Caribbean,Upper middle income,2013,97.37
Grenada,GRD,Latin America & Caribbean,Upper middle income,2013,97.51
Belize,BLZ,Latin America & Caribbean,Upper middle income,2013,97.9
Colombia,COL,Latin America & Caribbean,Upper middle income,2013,98.4
Cuba,CUB,Latin America & Caribbean,Upper middle income,2013,99.09
St. Kitts and Nevis,KNA,Latin America & Caribbean,High income,2013,99.37
St. Vincent and the Grenadines,VCT,Latin America & Caribbean,Upper middle income,2013,99.39
"Venezuela, RB",VEN,Latin America & Caribbean,,2013,99.59
Ecuador,ECU,Latin America & Caribbean,Upper middle income,2013,99.95
Pakistan,PAK,Middle East & North Africa,Lower middle income,2013,81.33
Morocco,MAR,Middle East & North Africa,Lower middle income,2013,88.68
Saudi Arabia,SAU,Middle East & North Africa,High income,2013,96.34
Tunisia,TUN,Middle East & North Africa,Lower middle income,2013,97.57
Malta,MLT,Middle East & North Africa,High income,2013,97.8
Jordan,JOR,Middle East & North Africa,Lower middle income,2013,98.79
Lebanon,LBN,Middle East & North Africa,Lower middle income,2013,99.16
Algeria,DZA,Middle East & North Africa,Upper middle income,2013,99.39
Djibouti,DJI,Middle East & North Africa,Lower middle income,2013,99.44
West Bank and Gaza,PSE,Middle East & North Africa,Lower middle income,2013,99.45
Qatar,QAT,Middle East & North Africa,High income,2013,99.76
Bahrain,BHR,Middle East & North Africa,High income,2013,99.83
Oman,OMN,Middle East & North Africa,High income,2013,99.9
United Arab Emirates,ARE,Middle East & North Africa,High income,2013,99.93
Israel,ISR,Middle East & North Africa,High income,2013,99.99
Nepal,NPL,South Asia,Lower middle income,2013,87.51
India,IND,South Asia,Lower middle income,2013,91.17
Bhutan,BTN,South Asia,Lower middle income,2013,99.01
Sri Lanka,LKA,South Asia,Lower middle income,2013,99.73
Mauritania,MRT,Sub-Saharan Africa,Lower middle income,2013,58.19
Mozambique,MOZ,Sub-Saharan Africa,Low income,2013,61.48
Uganda,UGA,Sub-Saharan Africa,Low income,2013,62.46
Niger,NER,Sub-Saharan Africa,Low income,2013,64.82
Burkina Faso,BFA,Sub-Saharan Africa,Low income,2013,68.74
Guinea,GIN,Sub-Saharan Africa,Lower middle income,2013,68.79
Rwanda,RWA,Sub-Saharan Africa,Low income,2013,71.83
Madagascar,MDG,Sub-Saharan Africa,Low income,2013,75.86
Burundi,BDI,Sub-Saharan Africa,Low income,2013,77.23
Togo,TGO,Sub-Saharan Africa,Low income,2013,80.05
Lesotho,LSO,Sub-Saharan Africa,Lower middle income,2013,84.9
Mali,MLI,Sub-Saharan Africa,Low income,2013,85.06
Benin,BEN,Sub-Saharan Africa,Lower middle income,2013,85.47
Cote d'Ivoire,CIV,Sub-Saharan Africa,Lower middle income,2013,87.98
Ghana,GHA,Sub-Saharan Africa,Lower middle income,2013,88.56
Mauritius,MUS,Sub-Saharan Africa,Upper middle income,2013,90.24
Senegal,SEN,Sub-Saharan Africa,Lower middle income,2013,90.88
Comoros,COM,Sub-Saharan Africa,Lower middle income,2013,92.62
Sao Tome and Principe,STP,Sub-Saharan Africa,Lower middle income,2013,92.95
Sudan,SDN,Sub-Saharan Africa,Low income,2013,94.4
"Gambia, The",GMB,Sub-Saharan Africa,Low income,2013,94.42
Cabo Verde,CPV,Sub-Saharan Africa,Upper middle income,2013,96.33
Eswatini,SWZ,Sub-Saharan Africa,Lower middle income,2013,97.77
Seychelles,SYC,Sub-Saharan Africa,High income,2013,99.73
Cambodia,KHM,East Asia & Pacific,Lower middle income,2014,81.7
Malaysia,MYS,East Asia & Pacific,Upper middle income,2014,87.53
Lao PDR,LAO,East Asia & Pacific,Lower middle income,2014,89.1
Viet Nam,VNM,East Asia & Pacific,Lower middle income,2014,94.02
Timor-Leste,TLS,East Asia & Pacific,Lower middle income,2014,94.32
Philippines,PHL,East Asia & Pacific,Lower middle income,2014,97.45
Samoa,WSM,East Asia & Pacific,Upper middle income,2014,99.23
Brunei Darussalam,BRN,East Asia & Pacific,High income,2014,99.38
Tuvalu,TUV,East Asia & Pacific,Upper middle income,2014,99.51
"Korea, Rep.",KOR,East Asia & Pacific,High income,2014,99.64
"Macao SAR, China",MAC,East Asia & Pacific,High income,2014,99.69
"Hong Kong SAR, China",HKG,East Asia & Pacific,High income,2014,99.8
Ukraine,UKR,Europe & Central Asia,Upper middle income,2014,88.52
Liechtenstein,LIE,Europe & Central Asia,High income,2014,95.73
Moldova,MDA,Europe & Central Asia,Upper middle income,2014,97.94
Latvia,LVA,Europe & Central Asia,High income,2014,98.38
Belarus,BLR,Europe & Central Asia,Upper middle income,2014,98.39
Albania,ALB,Europe & Central Asia,Upper middle income,2014,99.08
Slovak Republic,SVK,Europe & Central Asia,High income,2014,99.08
Kyrgyz Republic,KGZ,Europe & Central Asia,Lower middle income,2014,99.21
Bulgaria,BGR,Europe & Central Asia,High income,2014,99.25
Tajikistan,TJK,Europe & Central Asia,Lower middle income,2014,99.27
Estonia,EST,Europe & Central Asia,High income,2014,99.33
Cyprus,CYP,Europe & Central Asia,High income,2014,99.36
Azerbaijan,AZE,Europe & Central Asia,Upper middle income,2014,99.45
Uzbekistan,UZB,Europe & Central Asia,Lower middle income,2014,99.45
Poland,POL,Europe & Central Asia,High income,2014,99.47
Bosnia and Herzegovina,BIH,Europe & Central Asia,Upper middle income,2014,99.49
Serbia,SRB,Europe & Central Asia,Upper middle income,2014,99.5
Lithuania,LTU,Europe & Central Asia,High income,2014,99.52
Turkiye,TUR,Europe & Central Asia,Upper middle income,2014,99.53
Greece,GRC,Europe & Central Asia,High income,2014,99.57
Georgia,GEO,Europe & Central Asia,Upper middle income,2014,99.58
Germany,DEU,Europe & Central Asia,High income,2014,99.63
Hungary,HUN,Europe & Central Asia,High income,2014,99.64
Kazakhstan,KAZ,Europe & Central Asia,Upper middle income,2014,99.69
Finland,FIN,Europe & Central Asia,High income,2014,99.85
North Macedonia,MKD,Europe & Central Asia,Upper middle income,2014,99.86
Spain,ESP,Europe & Central Asia,High income,2014,99.88
Switzerland,CHE,Europe & Central Asia,High income,2014,99.88
Armenia,ARM,Europe & Central Asia,Upper middle income,2014,99.9
Slovenia,SVN,Europe & Central Asia,High income,2014,99.9
Russian Federation,RUS,Europe & Central Asia,High income,2014,99.92
Austria,AUT,Europe & Central Asia,High income,2014,99.93
Italy,ITA,Europe & Central Asia,High income,2014,99.93
Norway,NOR,Europe & Central Asia,High income,2014,99.93
Sweden,SWE,Europe & Central Asia,High income,2014,99.93
Czechia,CZE,Europe & Central Asia,High income,2014,99.98
Denmark,DNK,Europe & Central Asia,High income,2014,100.0
Suriname,SUR,Latin America & Caribbean,Upper middle income,2014,69.73
Costa Rica,CRI,Latin America & Caribbean,High income,2014,83.64
Guatemala,GTM,Latin America & Caribbean,Upper middle income,2014,84.28
Jamaica,JAM,Latin America & Caribbean,Upper middle income,2014,90.67
El Salvador,SLV,Latin America & Caribbean,Upper middle income,2014,93.43
Dominican Republic,DOM,Latin America & Caribbean,Upper middle income,2014,95.27
Peru,PER,Latin America & Caribbean,Upper middle income,2014,95.45
Ecuador,ECU,Latin America & Caribbean,Upper middle income,2014,95.7
Dominica,DMA,Latin America & Caribbean,Upper middle income,2014,96.16
Belize,BLZ,Latin America & Caribbean,Upper middle income,2014,96.36
Bolivia,BOL,Latin America & Caribbean,Lower middle income,2014,96.97
Mexico,MEX,Latin America & Caribbean,Upper middle income,2014,97.06
Chile,CHL,Latin America & Caribbean,High income,2014,97.4
Argentina,ARG,Latin America & Caribbean,Upper middle income,2014,97.41
Puerto Rico (US),PRI,Latin America & Caribbean,High income,2014,98.02
Colombia,COL,Latin America & Caribbean,Upper middle income,2014,98.3
Cuba,CUB,Latin America & Caribbean,Upper middle income,2014,98.37
"Venezuela, RB",VEN,Latin America & Caribbean,,2014,98.57
British Virgin Islands,VGB,Latin America & Caribbean,High income,2014,99.13
St. Vincent and the Grenadines,VCT,Latin America & Caribbean,Upper middle income,2014,99.19
St. Kitts and Nevis,KNA,Latin America & Caribbean,High income,2014,99.77
Djibouti,DJI,Middle East & North Africa,Lower middle income,2014,80.24
Morocco,MAR,Middle East & North Africa,Lower middle income,2014,87.4
Tunisia,TUN,Middle East & North Africa,Lower middle income,2014,88.89
Saudi Arabia,SAU,Middle East & North Africa,High income,2014,89.02
Lebanon,LBN,Middle East & North Africa,Lower middle income,2014,89.36
Malta,MLT,Middle East & North Africa,High income,2014,96.79
West Bank and Gaza,PSE,Middle East & North Africa,Lower middle income,2014,98.65
Algeria,DZA,Middle East & North Africa,Upper middle income,2014,99.0
Oman,OMN,Middle East & North Africa,High income,2014,99.36
Qatar,QAT,Middle East & North Africa,High income,2014,99.5
Israel,ISR,Middle East & North Africa,High income,2014,99.73
Bahrain,BHR,Middle East & North Africa,High income,2014,99.88
Bermuda,BMU,North America,High income,2014,50.78
Nepal,NPL,South Asia,Lower middle income,2014,87.3
India,IND,South Asia,Lower middle income,2014,90.32
Sri Lanka,LKA,South Asia,Lower middle income,2014,99.72
Uganda,UGA,Sub-Saharan Africa,Low income,2014,53.88
Mauritania,MRT,Sub-Saharan Africa,Lower middle income,2014,59.21
Mozambique,MOZ,Sub-Saharan Africa,Low income,2014,63.57
Cameroon,CMR,Sub-Saharan Africa,Lower middle income,2014,67.9
Rwanda,RWA,Sub-Saharan Africa,Low income,2014,68.46
Madagascar,MDG,Sub-Saharan Africa,Low income,2014,76.04
Burkina Faso,BFA,Sub-Saharan Africa,Low income,2014,76.55
Mali,MLI,Sub-Saharan Africa,Low income,2014,77.94
Liberia,LBR,Sub-Saharan Africa,Low income,2014,79.38
Burundi,BDI,Sub-Saharan Africa,Low income,2014,79.6
Togo,TGO,Sub-Saharan Africa,Low income,2014,85.32
Mauritius,MUS,Sub-Saharan Africa,Upper middle income,2014,85.85
Lesotho,LSO,Sub-Saharan Africa,Lower middle income,2014,86.6
Benin,BEN,Sub-Saharan Africa,Lower middle income,2014,87.57
Senegal,SEN,Sub-Saharan Africa,Lower middle income,2014,90.0
Ethiopia,ETH,Sub-Saharan Africa,,2014,91.44
Eritrea,ERI,Sub-Saharan Africa,Low income,2014,92.27
Cote d'Ivoire,CIV,Sub-Saharan Africa,Lower middle income,2014,92.68
Sudan,SDN,Sub-Saharan Africa,Low income,2014,94.25
South Africa,ZAF,Sub-Saharan Africa,Upper middle income,2014,97.3
Cabo Verde,CPV,Sub-Saharan Africa,Upper middle income,2014,98.2
Ghana,GHA,Sub-Saharan Africa,Lower middle income,2014,98.24
Kenya,KEN,Sub-Saharan Africa,Lower middle income,2014,98.77
Seychelles,SYC,Sub-Saharan Africa,High income,2014,99.14
Eswatini,SWZ,Sub-Saharan Africa,Lower middle income,2014,99.35
Cambodia,KHM,East Asia & Pacific,Lower middle income,2015,85.04
Malaysia,MYS,East Asia & Pacific,Upper middle income,2015,87.19
Lao PDR,LAO,East Asia & Pacific,Lower middle income,2015,88.37
Timor-Leste,TLS,East Asia & Pacific,Lower middle income,2015,93.65
Tuvalu,TUV,East Asia & Pacific,Upper middle income,2015,93.67
Kiribati,KIR,East Asia & Pacific,Lower middle income,2015,96.34
Philippines,PHL,East Asia & Pacific,Lower middle income,2015,96.59
Fiji,FJI,East Asia & Pacific,Upper middle income,2015,98.02
Samoa,WSM,East Asia & Pacific,Upper middle income,2015,98.42
"Hong Kong SAR, China",HKG,East Asia & Pacific,High income,2015,99.63
"Korea, Rep.",KOR,East Asia & Pacific,High income,2015,99.65
Viet Nam,VNM,East Asia & Pacific,Lower middle income,2015,99.79
Japan,JPN,East Asia & Pacific,High income,2015,99.97
Montenegro,MNE,Europe & Central Asia,Upper middle income,2015,96.63
Liechtenstein,LIE,Europe & Central Asia,High income,2015,96.74
Greece,GRC,Europe & Central Asia,High income,2015,97.13
Albania,ALB,Europe & Central Asia,Upper middle income,2015,98.07
Belarus,BLR,Europe & Central Asia,Upper middle income,2015,98.08
Moldova,MDA,Europe & Central Asia,Upper middle income,2015,98.22
Cyprus,CYP,Europe & Central Asia,High income,2015,98.4
Armenia,ARM,Europe & Central Asia,Upper middle income,2015,98.48
Bulgaria,BGR,Europe & Central Asia,High income,2015,98.7
Ukraine,UKR,Europe & Central Asia,Upper middle income,2015,98.78
Bosnia and Herzegovina,BIH,Europe & Central Asia,Upper middle income,2015,98.88
Latvia,LVA,Europe & Central Asia,High income,2015,98.9
Croatia,HRV,Europe & Central Asia,High income,2015,99.1
Slovenia,SVN,Europe & Central Asia,High income,2015,99.25
Spain,ESP,Europe & Central Asia,High income,2015,99.26
Azerbaijan,AZE,Europe & Central Asia,Upper middle income,2015,99.42
Tajikistan,TJK,Europe & Central Asia,Lower middle income,2015,99.42
Uzbekistan,UZB,Europe & Central Asia,Lower middle income,2015,99.5
Romania,ROU,Europe & Central Asia,High income,2015,99.51
Poland,POL,Europe & Central Asia,High income,2015,99.52
Serbia,SRB,Europe & Central Asia,Upper middle income,2015,99.58
Sweden,SWE,Europe & Central Asia,High income,2015,99.64
Turkiye,TUR,Europe & Central Asia,Upper middle income,2015,99.66
Kyrgyz Republic,KGZ,Europe & Central Asia,Lower middle income,2015,99.69
Lithuania,LTU,Europe & Central Asia,High income,2015,99.7
Estonia,EST,Europe & Central Asia,High income,2015,99.73
Georgia,GEO,Europe & Central Asia,Upper middle income,2015,99.82
Hungary,HUN,Europe & Central Asia,High income,2015,99.84
Switzerland,CHE,Europe & Central Asia,High income,2015,99.85
Germany,DEU,Europe & Central Asia,High income,2015,99.91
Austria,AUT,Europe & Central Asia,High income,2015,99.92
Italy,ITA,Europe & Central Asia,High income,2015,99.93
Kazakhstan,KAZ,Europe & Central Asia,Upper middle income,2015,99.93
Russian Federation,RUS,Europe & Central Asia,High income,2015,99.94
Denmark,DNK,Europe & Central Asia,High income,2015,99.95
Czechia,CZE,Europe & Central Asia,High income,2015,99.96
Norway,NOR,Europe & Central Asia,High income,2015,99.96
Finland,FIN,Europe & Central Asia,High income,2015,99.99
Suriname,SUR,Latin America & Caribbean,Upper middle income,2015,68.39
Honduras,HND,Latin America & Caribbean,Lower middle income,2015,70.96
Costa Rica,CRI,Latin America & Caribbean,High income,2015,84.65
Guatemala,GTM,Latin America & Caribbean,Upper middle income,2015,89.47
Dominican Republic,DOM,Latin America & Caribbean,Upper middle income,2015,92.53
El Salvador,SLV,Latin America & Caribbean,Upper middle income,2015,92.59
Peru,PER,Latin America & Caribbean,Upper middle income,2015,94.94
Mexico,MEX,Latin America & Caribbean,Upper middle income,2015,96.22
Belize,BLZ,Latin America & Caribbean,Upper middle income,2015,96.78
Bolivia,BOL,Latin America & Caribbean,Lower middle income,2015,97.2
St. Vincent and the Grenadines,VCT,Latin America & Caribbean,Upper middle income,2015,97.22
Chile,CHL,Latin America & Caribbean,High income,2015,97.58
"Venezuela, RB",VEN,Latin America & Caribbean,,2015,97.82
British Virgin Islands,VGB,Latin America & Caribbean,High income,2015,98.24
Ecuador,ECU,Latin America & Caribbean,Upper middle income,2015,98.64
Cuba,CUB,Latin America & Caribbean,Upper middle income,2015,98.81
St. Kitts and Nevis,KNA,Latin America & Caribbean,High income,2015,99.38
Argentina,ARG,Latin America & Caribbean,Upper middle income,2015,99.49
Djibouti,DJI,Middle East & North Africa,Lower middle income,2015,76.16
Pakistan,PAK,Middle East & North Africa,Lower middle income,2015,86.22
Afghanistan,AFG,Middle East & North Africa,Low income,2015,86.27
Saudi Arabia,SAU,Middle East & North Africa,High income,2015,87.21
Morocco,MAR,Middle East & North Africa,Lower middle income,2015,88.73
Lebanon,LBN,Middle East & North Africa,Lower middle income,2015,95.36
Oman,OMN,Middle East & North Africa,High income,2015,98.52
Malta,MLT,Middle East & North Africa,High income,2015,98.59
Algeria,DZA,Middle East & North Africa,Upper middle income,2015,98.92
West Bank and Gaza,PSE,Middle East & North Africa,Lower middle income,2015,99.25
Qatar,QAT,Middle East & North Africa,High income,2015,99.56
Kuwait,KWT,Middle East & North Africa,High income,2015,99.68
Israel,ISR,Middle East & North Africa,High income,2015,99.69
Bahrain,BHR,Middle East & North Africa,High income,2015,99.99
Nepal,NPL,South Asia,Lower middle income,2015,87.47
India,IND,South Asia,Lower middle income,2015,90.84
Maldives,MDV,South Asia,Upper middle income,2015,99.55
Niger,NER,Sub-Saharan Africa,Low income,2015,58.27
Cameroon,CMR,Sub-Saharan Africa,Lower middle income,2015,66.49
Rwanda,RWA,Sub-Saharan Africa,Low income,2015,72.03
Madagascar,MDG,Sub-Saharan Africa,Low income,2015,73.23
Mozambique,MOZ,Sub-Saharan Africa,Low income,2015,73.91
Chad,TCD,Sub-Saharan Africa,Low income,2015,73.99
Senegal,SEN,Sub-Saharan Africa,Lower middle income,2015,76.51
Burkina Faso,BFA,Sub-Saharan Africa,Low income,2015,77.55
Mali,MLI,Sub-Saharan Africa,Low income,2015,78.93
Benin,BEN,Sub-Saharan Africa,Lower middle income,2015,83.76
Mauritius,MUS,Sub-Saharan Africa,Upper middle income,2015,85.86
Burundi,BDI,Sub-Saharan Africa,Low income,2015,86.77
Lesotho,LSO,Sub-Saharan Africa,Lower middle income,2015,87.53
Sierra Leone,SLE,Sub-Saharan Africa,Low income,2015,91.51
Sudan,SDN,Sub-Saharan Africa,Low income,2015,91.54
Cote d'Ivoire,CIV,Sub-Saharan Africa,Lower middle income,2015,91.98
South Africa,ZAF,Sub-Saharan Africa,Upper middle income,2015,95.77
Seychelles,SYC,Sub-Saharan Africa,High income,2015,97.35
Cabo Verde,CPV,Sub-Saharan Africa,Upper middle income,2015,97.65
Eswatini,SWZ,Sub-Saharan Africa,Lower middle income,2015,98.62
Kenya,KEN,Sub-Saharan Africa,Lower middle income,2015,99.22
Cambodia,KHM,East Asia & Pacific,Lower middle income,2016,87.23
Lao PDR,LAO,East Asia & Pacific,Lower middle income,2016,87.69
Malaysia,MYS,East Asia & Pacific,Upper middle income,2016,91.05
Solomon Islands,SLB,East Asia & Pacific,Lower middle income,2016,91.23
Indonesia,IDN,East Asia & Pacific,Upper middle income,2016,91.5
Timor-Leste,TLS,East Asia & Pacific,Lower middle income,2016,91.58
Philippines,PHL,East Asia & Pacific,Lower middle income,2016,96.59
Samoa,WSM,East Asia & Pacific,Upper middle income,2016,96.8
Mongolia,MNG,East Asia & Pacific,Upper middle income,2016,99.08
Singapore,SGP,East Asia & Pacific,High income,2016,99.13
"Hong Kong SAR, China",HKG,East Asia & Pacific,High income,2016,99.56
"Korea, Rep.",KOR,East Asia & Pacific,High income,2016,99.64
Brunei Darussalam,BRN,East Asia & Pacific,High income,2016,99.74
"Macao SAR, China",MAC,East Asia & Pacific,High income,2016,99.77
Japan,JPN,East Asia & Pacific,High income,2016,100.0
Azerbaijan,AZE,Europe & Central Asia,Upper middle income,2016,97.57
Liechtenstein,LIE,Europe & Central Asia,High income,2016,97.79
Belarus,BLR,Europe & Central Asia,Upper middle income,2016,98.01
Armenia,ARM,Europe & Central Asia,Upper middle income,2016,98.1
Albania,ALB,Europe & Central Asia,Upper middle income,2016,98.17
Moldova,MDA,Europe & Central Asia,Upper middle income,2016,98.43
Croatia,HRV,Europe & Central Asia,High income,2016,98.58
Bosnia and Herzegovina,BIH,Europe & Central Asia,Upper middle income,2016,98.64
Greece,GRC,Europe & Central Asia,High income,2016,98.93
Latvia,LVA,Europe & Central Asia,High income,2016,98.98
Slovak Republic,SVK,Europe & Central Asia,High income,2016,99.11
Kazakhstan,KAZ,Europe & Central Asia,Upper middle income,2016,99.15
Lithuania,LTU,Europe & Central Asia,High income,2016,99.21
Bulgaria,BGR,Europe & Central Asia,High income,2016,99.33
Kyrgyz Republic,KGZ,Europe & Central Asia,Lower middle income,2016,99.41
Uzbekistan,UZB,Europe & Central Asia,Lower middle income,2016,99.42
Tajikistan,TJK,Europe & Central Asia,Lower middle income,2016,99.49
Germany,DEU,Europe & Central Asia,High income,2016,99.5
Hungary,HUN,Europe & Central Asia,High income,2016,99.5
Georgia,GEO,Europe & Central Asia,Upper middle income,2016,99.51
Romania,ROU,Europe & Central Asia,High income,2016,99.55
Serbia,SRB,Europe & Central Asia,Upper middle income,2016,99.55
Sweden,SWE,Europe & Central Asia,High income,2016,99.57
Ukraine,UKR,Europe & Central Asia,Upper middle income,2016,99.6
Norway,NOR,Europe & Central Asia,High income,2016,99.67
Cyprus,CYP,Europe & Central Asia,High income,2016,99.74
Austria,AUT,Europe & Central Asia,High income,2016,99.77
Poland,POL,Europe & Central Asia,High income,2016,99.77
Estonia,EST,Europe & Central Asia,High income,2016,99.83
Montenegro,MNE,Europe & Central Asia,Upper middle income,2016,99.84
Finland,FIN,Europe & Central Asia,High income,2016,99.9
Switzerland,CHE,Europe & Central Asia,High income,2016,99.92
Denmark,DNK,Europe & Central Asia,High income,2016,99.94
Czechia,CZE,Europe & Central Asia,High income,2016,99.95
Italy,ITA,Europe & Central Asia,High income,2016,99.95
Slovenia,SVN,Europe & Central Asia,High income,2016,99.97
Spain,ESP,Europe & Central Asia,High income,2016,99.97
United Kingdom,GBR,Europe & Central Asia,High income,2016,99.98
Suriname,SUR,Latin America & Caribbean,Upper middle income,2016,62.49
Costa Rica,CRI,Latin America & Caribbean,High income,2016,85.28
Grenada,GRD,Latin America & Caribbean,Upper middle income,2016,87.53
Guatemala,GTM,Latin America & Caribbean,Upper middle income,2016,89.67
El Salvador,SLV,Latin America & Caribbean,Upper middle income,2016,92.09
Dominican Republic,DOM,Latin America & Caribbean,Upper middle income,2016,92.58
Peru,PER,Latin America & Caribbean,Upper middle income,2016,93.79
Jamaica,JAM,Latin America & Caribbean,Upper middle income,2016,94.52
St. Vincent and the Grenadines,VCT,Latin America & Caribbean,Upper middle income,2016,94.6
Belize,BLZ,Latin America & Caribbean,Upper middle income,2016,95.23
Mexico,MEX,Latin America & Caribbean,Upper middle income,2016,96.57
Bolivia,BOL,Latin America & Caribbean,Lower middle income,2016,96.6
St. Lucia,LCA,Latin America & Caribbean,Upper middle income,2016,96.81
Chile,CHL,Latin America & Caribbean,High income,2016,97.9
"Venezuela, RB",VEN,Latin America & Caribbean,,2016,98.55
Cuba,CUB,Latin America & Caribbean,Upper middle income,2016,98.61
Ecuador,ECU,Latin America & Caribbean,Upper middle income,2016,99.0
Panama,PAN,Latin America & Caribbean,High income,2016,99.19
Argentina,ARG,Latin America & Caribbean,Upper middle income,2016,99.85
Djibouti,DJI,Middle East & North Africa,Lower middle income,2016,83.9
Morocco,MAR,Middle East & North Africa,Lower middle income,2016,90.23
Saudi Arabia,SAU,Middle East & North Africa,High income,2016,92.12
Afghanistan,AFG,Middle East & North Africa,Low income,2016,92.32
"Egypt, Arab Rep.",EGY,Middle East & North Africa,Lower middle income,2016,94.39
"Iran, Islamic Rep.",IRN,Middle East & North Africa,Upper middle income,2016,95.74
Kuwait,KWT,Middle East & North Africa,High income,2016,97.11
Lebanon,LBN,Middle East & North Africa,Lower middle income,2016,97.59
Tunisia,TUN,Middle East & North Africa,Lower middle income,2016,97.71
Oman,OMN,Middle East & North Africa,High income,2016,98.28
West Bank and Gaza,PSE,Middle East & North Africa,Lower middle income,2016,98.81
Malta,MLT,Middle East & North Africa,High income,2016,98.89
Qatar,QAT,Middle East & North Africa,High income,2016,98.91
Jordan,JOR,Middle East & North Africa,Lower middle income,2016,99.29
Bahrain,BHR,Middle East & North Africa,High income,2016,99.36
Israel,ISR,Middle East & North Africa,High income,2016,99.58
United States,USA,North America,High income,2016,99.23
Nepal,NPL,South Asia,Lower middle income,2016,82.38
India,IND,South Asia,Lower middle income,2016,90.35
Maldives,MDV,South Asia,Upper middle income,2016,98.86
Bhutan,BTN,South Asia,Lower middle income,2016,99.58
Mauritania,MRT,Sub-Saharan Africa,Lower middle income,2016,58.32
Uganda,UGA,Sub-Saharan Africa,Low income,2016,58.95
Senegal,SEN,Sub-Saharan Africa,Lower middle income,2016,72.98
Burkina Faso,BFA,Sub-Saharan Africa,Low income,2016,76.06
Burundi,BDI,Sub-Saharan Africa,Low income,2016,76.31
Mali,MLI,Sub-Saharan Africa,Low income,2016,78.31
Liberia,LBR,Sub-Saharan Africa,Low income,2016,79.63
Rwanda,RWA,Sub-Saharan Africa,Low income,2016,82.41
Togo,TGO,Sub-Saharan Africa,Low income,2016,83.25
Sierra Leone,SLE,Sub-Saharan Africa,Low income,2016,87.53
Mauritius,MUS,Sub-Saharan Africa,Upper middle income,2016,87.54
Cote d'Ivoire,CIV,Sub-Saharan Africa,Lower middle income,2016,91.94
Sudan,SDN,Sub-Saharan Africa,Low income,2016,91.99
Ghana,GHA,Sub-Saharan Africa,Lower middle income,2016,93.14
Sao Tome and Principe,STP,Sub-Saharan Africa,Lower middle income,2016,96.98
Eswatini,SWZ,Sub-Saharan Africa,Lower middle income,2016,98.05
Seychelles,SYC,Sub-Saharan Africa,High income,2016,98.51
Cabo Verde,CPV,Sub-Saharan Africa,Upper middle income,2016,99.44
Lao PDR,LAO,East Asia & Pacific,Lower middle income,2017,86.18
Solomon Islands,SLB,East Asia & Pacific,Lower middle income,2017,88.22
Cambodia,KHM,East Asia & Pacific,Lower middle income,2017,89.85
Timor-Leste,TLS,East Asia & Pacific,Lower middle income,2017,93.21
Samoa,WSM,East Asia & Pacific,Upper middle income,2017,96.19
Thailand,THA,East Asia & Pacific,Upper middle income,2017,98.49
"Macao SAR, China",MAC,East Asia & Pacific,High income,2017,99.2
Mongolia,MNG,East Asia & Pacific,Upper middle income,2017,99.27
Brunei Darussalam,BRN,East Asia & Pacific,High income,2017,99.8
"Hong Kong SAR, China",HKG,East Asia & Pacific,High income,2017,99.93
Bosnia and Herzegovina,BIH,Europe & Central Asia,Upper middle income,2017,97.91
Belarus,BLR,Europe & Central Asia,Upper middle income,2017,98.16
Moldova,MDA,Europe & Central Asia,Upper middle income,2017,98.26
Armenia,ARM,Europe & Central Asia,Upper middle income,2017,98.27
Albania,ALB,Europe & Central Asia,Upper middle income,2017,98.53
Azerbaijan,AZE,Europe & Central Asia,Upper middle income,2017,99.23
Kazakhstan,KAZ,Europe & Central Asia,Upper middle income,2017,99.68
Georgia,GEO,Europe & Central Asia,Upper middle income,2017,99.69
Serbia,SRB,Europe & Central Asia,Upper middle income,2017,99.69
Ukraine,UKR,Europe & Central Asia,Upper middle income,2017,99.7
Uzbekistan,UZB,Europe & Central Asia,Lower middle income,2017,99.71
Kyrgyz Republic,KGZ,Europe & Central Asia,Lower middle income,2017,99.76
Montenegro,MNE,Europe & Central Asia,Upper middle income,2017,99.83
Suriname,SUR,Latin America & Caribbean,Upper middle income,2017,66.37
Guatemala,GTM,Latin America & Caribbean,Upper middle income,2017,90.17
Costa Rica,CRI,Latin America & Caribbean,High income,2017,91.71
Dominican Republic,DOM,Latin America & Caribbean,Upper middle income,2017,93.16
St. Vincent and the Grenadines,VCT,Latin America & Caribbean,Upper middle income,2017,95.11
El Salvador,SLV,Latin America & Caribbean,Upper middle income,2017,95.17
Peru,PER,Latin America & Caribbean,Upper middle income,2017,95.43
Jamaica,JAM,Latin America & Caribbean,Upper middle income,2017,97.05
Bolivia,BOL,Latin America & Caribbean,Lower middle income,2017,97.31
Belize,BLZ,Latin America & Caribbean,Upper middle income,2017,97.36
Grenada,GRD,Latin America & Caribbean,Upper middle income,2017,97.71
St. Lucia,LCA,Latin America & Caribbean,Upper middle income,2017,98.23
Cuba,CUB,Latin America & Caribbean,Upper middle income,2017,98.45
Antigua and Barbuda,ATG,Latin America & Caribbean,High income,2017,99.3
Ecuador,ECU,Latin America & Caribbean,Upper middle income,2017,99.59
Djibouti,DJI,Middle East & North Africa,Lower middle income,2017,86.25
Pakistan,PAK,Middle East & North Africa,Lower middle income,2017,87.5
Morocco,MAR,Middle East & North Africa,Lower middle income,2017,90.52
Afghanistan,AFG,Middle East & North Africa,Low income,2017,90.77
Lebanon,LBN,Middle East & North Africa,Lower middle income,2017,96.23
"Egypt, Arab Rep.",EGY,Middle East & North Africa,Lower middle income,2017,96.56
West Bank and Gaza,PSE,Middle East & North Africa,Lower middle income,2017,96.98
Kuwait,KWT,Middle East & North Africa,High income,2017,97.79
Jordan,JOR,Middle East & North Africa,Lower middle income,2017,97.98
Saudi Arabia,SAU,Middle East & North Africa,High income,2017,97.98
Oman,OMN,Middle East & North Africa,High income,2017,98.33
Algeria,DZA,Middle East & North Africa,Upper middle income,2017,99.21
Bahrain,BHR,Middle East & North Africa,High income,2017,99.47
India,IND,South Asia,Lower middle income,2017,91.26
Sri Lanka,LKA,South Asia,Lower middle income,2017,99.43
Mauritania,MRT,Sub-Saharan Africa,Lower middle income,2017,65.56
Tanzania,TZA,Sub-Saharan Africa,Lower middle income,2017,70.99
Rwanda,RWA,Sub-Saharan Africa,Low income,2017,72.67
Burundi,BDI,Sub-Saharan Africa,Low income,2017,76.29
Burkina Faso,BFA,Sub-Saharan Africa,Low income,2017,80.11
Togo,TGO,Sub-Saharan Africa,Low income,2017,81.99
Sierra Leone,SLE,Sub-Saharan Africa,Low income,2017,90.46
Ghana,GHA,Sub-Saharan Africa,Lower middle income,2017,93.71
Cabo Verde,CPV,Sub-Saharan Africa,Upper middle income,2017,94.41
Eritrea,ERI,Sub-Saharan Africa,Low income,2017,94.74
Seychelles,SYC,Sub-Saharan Africa,High income,2017,97.36
Mauritius,MUS,Sub-Saharan Africa,Upper middle income,2017,99.42
Kazakhstan,KAZ,Europe & Central Asia,Upper middle income,2018,99.53
